#
# There is insufficient memory for the Java Runtime Environment to continue.
# Native memory allocation (mmap) failed to map 317718528 bytes. Error detail: G1 virtual space
# Possible reasons:
#   The system is out of physical RAM or swap space
#   This process is running with CompressedOops enabled, and the Java Heap may be blocking the growth of the native heap
# Possible solutions:
#   Reduce memory load on the system
#   Increase physical memory or swap space
#   Check if swap backing store is full
#   Decrease Java heap size (-Xmx/-Xms)
#   Decrease number of Java threads
#   Decrease Java thread stack sizes (-Xss)
#   Set larger code cache with -XX:ReservedCodeCacheSize=
#   JVM is running with Unscaled Compressed Oops mode in which the Java heap is
#     placed in the first 4GB address space. The Java Heap base address is the
#     maximum limit for the native heap growth. Please use -XX:HeapBaseMinAddress
#     to set the Java Heap base and to place the Java Heap above 4GB virtual address.
# This output file may be truncated or incomplete.
#
#  Out of Memory Error (os_windows.cpp:3898), pid=25872, tid=10168
#
# JRE version: OpenJDK Runtime Environment (21.0.6) (build 21.0.6+-13391695-b895.109)
# Java VM: OpenJDK 64-Bit Server VM (21.0.6+-13391695-b895.109, mixed mode, tiered, compressed oops, compressed class ptrs, g1 gc, windows-amd64)
# No core dump will be written. Minidumps are not enabled by default on client versions of Windows
#

---------------  S U M M A R Y ------------

Command Line: --add-opens=java.base/java.lang=ALL-UNNAMED --add-opens=java.base/java.lang.invoke=ALL-UNNAMED --add-opens=java.base/java.util=ALL-UNNAMED --add-opens=java.prefs/java.util.prefs=ALL-UNNAMED --add-exports=jdk.compiler/com.sun.tools.javac.api=ALL-UNNAMED --add-exports=jdk.compiler/com.sun.tools.javac.util=ALL-UNNAMED --add-opens=java.base/java.util=ALL-UNNAMED --add-opens=java.prefs/java.util.prefs=ALL-UNNAMED --add-opens=java.base/java.nio.charset=ALL-UNNAMED --add-opens=java.base/java.net=ALL-UNNAMED --add-opens=java.base/java.util.concurrent.atomic=ALL-UNNAMED --add-opens=java.xml/javax.xml.namespace=ALL-UNNAMED -Xmx2048m -Dfile.encoding=UTF-8 -Duser.country=JP -Duser.language=ja -Duser.variant -javaagent:C:\Users\PC7\.gradle\wrapper\dists\gradle-8.13-bin\5xuhj0ry160q40clulazy9h7d\gradle-8.13\lib\agents\gradle-instrumentation-agent-8.13.jar org.gradle.launcher.daemon.bootstrap.GradleDaemon 8.13

Host: Intel(R) Core(TM) i7-8700K CPU @ 3.70GHz, 12 cores, 15G,  Windows 11 , 64 bit Build 26100 (10.0.26100.4484)
Time: Mon Aug  4 22:18:43 2025  Windows 11 , 64 bit Build 26100 (10.0.26100.4484) elapsed time: 670.809817 seconds (0d 0h 11m 10s)

---------------  T H R E A D  ---------------

Current thread (0x000001dd43268670):  VMThread "VM Thread"          [id=10168, stack(0x0000005f22000000,0x0000005f22100000) (1024K)]

Stack: [0x0000005f22000000,0x0000005f22100000]
Native frames: (J=compiled Java code, j=interpreted, Vv=VM code, C=native code)
V  [jvm.dll+0x6d0639]
V  [jvm.dll+0x85eb03]
V  [jvm.dll+0x86105e]
V  [jvm.dll+0x861743]
V  [jvm.dll+0x27e6e6]
V  [jvm.dll+0x6ccfd5]
V  [jvm.dll+0x6c0a8a]
V  [jvm.dll+0x35537b]
V  [jvm.dll+0x35cfd6]
V  [jvm.dll+0x3aef86]
V  [jvm.dll+0x3af258]
V  [jvm.dll+0x327a2c]
V  [jvm.dll+0x327ab7]
V  [jvm.dll+0x36d93c]
V  [jvm.dll+0x36c0ee]
V  [jvm.dll+0x327181]
V  [jvm.dll+0x36b7f0]
V  [jvm.dll+0x8674c8]
V  [jvm.dll+0x868844]
V  [jvm.dll+0x868d80]
V  [jvm.dll+0x869013]
V  [jvm.dll+0x806ed8]
V  [jvm.dll+0x6cef0d]
C  [ucrtbase.dll+0x37b0]
C  [KERNEL32.DLL+0x2e8d7]
C  [ntdll.dll+0x3c34c]

VM_Operation (0x0000005f2ccfa360): G1CollectForAllocation, mode: safepoint, requested by thread 0x000001dd4f0370b0


---------------  P R O C E S S  ---------------

Threads class SMR info:
_java_thread_list=0x000001dd4cdba400, length=166, elements={
0x000001dd293671e0, 0x000001dd4339d0d0, 0x000001dd4339dd20, 0x000001dd433af040,
0x000001dd43356dc0, 0x000001dd43357420, 0x000001dd43357e70, 0x000001dd43388c70,
0x000001dd433bffa0, 0x000001dd434d59f0, 0x000001dd4366dc20, 0x000001dd496b6600,
0x000001dd497bb090, 0x000001dd49826d70, 0x000001dd49ae1780, 0x000001dd49883ef0,
0x000001dd4991e910, 0x000001dd498aa370, 0x000001dd49a4fd60, 0x000001dd49a503f0,
0x000001dd49a524c0, 0x000001dd49a517a0, 0x000001dd49a50a80, 0x000001dd49a51110,
0x000001dd49a52b50, 0x000001dd49a51e30, 0x000001dd49a531e0, 0x000001dd4b73a220,
0x000001dd4b73b5d0, 0x000001dd4b73bc60, 0x000001dd4b73d6a0, 0x000001dd4b73af40,
0x000001dd4b73c2f0, 0x000001dd4b73dd30, 0x000001dd4b73c980, 0x000001dd4b73a8b0,
0x000001dd4b73f0e0, 0x000001dd4b73ea50, 0x000001dd4b73fe00, 0x000001dd4b740490,
0x000001dd4b73f770, 0x000001dd4b73d010, 0x000001dd4b7411b0, 0x000001dd4b741840,
0x000001dd4abe9b30, 0x000001dd4abe8e10, 0x000001dd4abea1c0, 0x000001dd4abea850,
0x000001dd4abeb570, 0x000001dd4abe8780, 0x000001dd4abec920, 0x000001dd4abec290,
0x000001dd4abe94a0, 0x000001dd4abedcd0, 0x000001dd4abef710, 0x000001dd4abee9f0,
0x000001dd4abefda0, 0x000001dd4abee360, 0x000001dd4abef080, 0x000001dd4abecfb0,
0x000001dd4abed640, 0x000001dd4c4f4a20, 0x000001dd4c4f5dd0, 0x000001dd4c4f3d00,
0x000001dd4c4f50b0, 0x000001dd4db71a30, 0x000001dd4db75540, 0x000001dd4db720c0,
0x000001dd4db73470, 0x000001dd4db75bd0, 0x000001dd4db72750, 0x000001dd4db768f0,
0x000001dd4db76260, 0x000001dd4db77610, 0x000001dd4db77ca0, 0x000001dd4db76f80,
0x000001dd4f34f270, 0x000001dd4f34bdf0, 0x000001dd4f34dec0, 0x000001dd4f34e550,
0x000001dd4f34f900, 0x000001dd4f34d830, 0x000001dd4f34ebe0, 0x000001dd4f350620,
0x000001dd4c4f7ea0, 0x000001dd43d2a120, 0x000001dd43d29a90, 0x000001dd43d28d70,
0x000001dd43d279c0, 0x000001dd43d27330, 0x000001dd43d28050, 0x000001dd43d26ca0,
0x000001dd43d2a7b0, 0x000001dd43d286e0, 0x000001dd43d2ae40, 0x000001dd43d2bb60,
0x000001dd43d2c880, 0x000001dd43d2c1f0, 0x000001dd43d29400, 0x000001dd43d2cf10,
0x000001dd43d2d5a0, 0x000001dd43d2dc30, 0x000001dd43d2e2c0, 0x000001dd48a8cdd0,
0x000001dd48a8daf0, 0x000001dd48a8d460, 0x000001dd48a8c740, 0x000001dd48e93410,
0x000001dd48e954e0, 0x000001dd48e93aa0, 0x000001dd4e305510, 0x000001dd4e302720,
0x000001dd4e306230, 0x000001dd4e302db0, 0x000001dd4e3068c0, 0x000001dd48e96890,
0x000001dd48e95b70, 0x000001dd48e94130, 0x000001dd48e947c0, 0x000001dd48e96200,
0x000001dd48e94e50, 0x000001dd43d42410, 0x000001dd43d3fcb0, 0x000001dd43d416f0,
0x000001dd43d409d0, 0x000001dd43d42aa0, 0x000001dd43d41060, 0x000001dd43d40340,
0x000001dd43d41d80, 0x000001dd43d43130, 0x000001dd4a6566c0, 0x000001dd4a658790,
0x000001dd4a658e20, 0x000001dd4a656d50, 0x000001dd4a657a70, 0x000001dd4a6594b0,
0x000001dd4a6573e0, 0x000001dd4348a7b0, 0x000001dd4348ae40, 0x000001dd43489a90,
0x000001dd4348a120, 0x000001dd4aef38c0, 0x000001dd4aef2ba0, 0x000001dd4aef5300,
0x000001dd4a656030, 0x000001dd4a658100, 0x000001dd4aef3f50, 0x000001dd4aef4c70,
0x000001dd4c9b6760, 0x000001dd4c9b81a0, 0x000001dd4c2829d0, 0x000001dd4c2800f0,
0x000001dd4c9b5a40, 0x000001dd4d7d69c0, 0x000001dd4d7d7050, 0x000001dd4d7d76e0,
0x000001dd4d7d6330, 0x000001dd4aef45e0, 0x000001dd4aef5990, 0x000001dd4aef6020,
0x000001dd4aef3230, 0x000001dd4f0370b0, 0x000001dd4f034950, 0x000001dd4f034fe0,
0x000001dd4f0342c0, 0x000001dd4f033c30
}

Java Threads: ( => current thread )
  0x000001dd293671e0 JavaThread "main"                              [_thread_blocked, id=21788, stack(0x0000005f21900000,0x0000005f21a00000) (1024K)]
  0x000001dd4339d0d0 JavaThread "Reference Handler"          daemon [_thread_blocked, id=20916, stack(0x0000005f22100000,0x0000005f22200000) (1024K)]
  0x000001dd4339dd20 JavaThread "Finalizer"                  daemon [_thread_blocked, id=13000, stack(0x0000005f22200000,0x0000005f22300000) (1024K)]
  0x000001dd433af040 JavaThread "Signal Dispatcher"          daemon [_thread_blocked, id=22328, stack(0x0000005f22300000,0x0000005f22400000) (1024K)]
  0x000001dd43356dc0 JavaThread "Attach Listener"            daemon [_thread_blocked, id=2196, stack(0x0000005f22400000,0x0000005f22500000) (1024K)]
  0x000001dd43357420 JavaThread "Service Thread"             daemon [_thread_blocked, id=14000, stack(0x0000005f22500000,0x0000005f22600000) (1024K)]
  0x000001dd43357e70 JavaThread "Monitor Deflation Thread"   daemon [_thread_blocked, id=8244, stack(0x0000005f22600000,0x0000005f22700000) (1024K)]
  0x000001dd43388c70 JavaThread "C2 CompilerThread0"         daemon [_thread_blocked, id=12000, stack(0x0000005f22700000,0x0000005f22800000) (1024K)]
  0x000001dd433bffa0 JavaThread "C1 CompilerThread0"         daemon [_thread_blocked, id=26352, stack(0x0000005f22800000,0x0000005f22900000) (1024K)]
  0x000001dd434d59f0 JavaThread "Common-Cleaner"             daemon [_thread_blocked, id=23564, stack(0x0000005f22900000,0x0000005f22a00000) (1024K)]
  0x000001dd4366dc20 JavaThread "Notification Thread"        daemon [_thread_blocked, id=22740, stack(0x0000005f22a00000,0x0000005f22b00000) (1024K)]
  0x000001dd496b6600 JavaThread "Daemon health stats"               [_thread_blocked, id=23608, stack(0x0000005f23200000,0x0000005f23300000) (1024K)]
  0x000001dd497bb090 JavaThread "Incoming local TCP Connector on port 57143"        [_thread_in_native, id=23548, stack(0x0000005f23600000,0x0000005f23700000) (1024K)]
  0x000001dd49826d70 JavaThread "Daemon periodic checks"            [_thread_blocked, id=4356, stack(0x0000005f23700000,0x0000005f23800000) (1024K)]
  0x000001dd49ae1780 JavaThread "Daemon"                            [_thread_blocked, id=26368, stack(0x0000005f23800000,0x0000005f23900000) (1024K)]
  0x000001dd49883ef0 JavaThread "Handler for socket connection from /127.0.0.1:57143 to /127.0.0.1:57144"        [_thread_in_native, id=1068, stack(0x0000005f23900000,0x0000005f23a00000) (1024K)]
  0x000001dd4991e910 JavaThread "Cancel handler"                    [_thread_blocked, id=17288, stack(0x0000005f23a00000,0x0000005f23b00000) (1024K)]
  0x000001dd498aa370 JavaThread "Daemon worker"                     [_thread_blocked, id=21332, stack(0x0000005f23b00000,0x0000005f23c00000) (1024K)]
  0x000001dd49a4fd60 JavaThread "Asynchronous log dispatcher for DefaultDaemonConnection: socket connection from /127.0.0.1:57143 to /127.0.0.1:57144"        [_thread_blocked, id=24004, stack(0x0000005f23c00000,0x0000005f23d00000) (1024K)]
  0x000001dd49a503f0 JavaThread "Stdin handler"                     [_thread_blocked, id=2772, stack(0x0000005f23d00000,0x0000005f23e00000) (1024K)]
  0x000001dd49a524c0 JavaThread "Daemon client event forwarder"        [_thread_blocked, id=17300, stack(0x0000005f23e00000,0x0000005f23f00000) (1024K)]
  0x000001dd49a517a0 JavaThread "Cache worker for journal cache (C:\Users\PC7\.gradle\caches\journal-1)"        [_thread_blocked, id=20340, stack(0x0000005f24200000,0x0000005f24300000) (1024K)]
  0x000001dd49a50a80 JavaThread "File lock request listener"        [_thread_in_native, id=26832, stack(0x0000005f24300000,0x0000005f24400000) (1024K)]
  0x000001dd49a51110 JavaThread "Cache worker for file hash cache (C:\Users\PC7\.gradle\caches\8.13\fileHashes)"        [_thread_blocked, id=25108, stack(0x0000005f24400000,0x0000005f24500000) (1024K)]
  0x000001dd49a52b50 JavaThread "Cache worker for file hash cache (C:\Users\PC7\AndroidStudioProjects\MyApplication4\.gradle\8.13\fileHashes)"        [_thread_blocked, id=7140, stack(0x0000005f24500000,0x0000005f24600000) (1024K)]
  0x000001dd49a51e30 JavaThread "Cache worker for Build Output Cleanup Cache (C:\Users\PC7\AndroidStudioProjects\MyApplication4\.gradle\buildOutputCleanup)"        [_thread_blocked, id=15644, stack(0x0000005f24600000,0x0000005f24700000) (1024K)]
  0x000001dd49a531e0 JavaThread "File watcher server"        daemon [_thread_in_native, id=19092, stack(0x0000005f24700000,0x0000005f24800000) (1024K)]
  0x000001dd4b73a220 JavaThread "File watcher consumer"      daemon [_thread_blocked, id=20828, stack(0x0000005f24800000,0x0000005f24900000) (1024K)]
  0x000001dd4b73b5d0 JavaThread "jar transforms"                    [_thread_blocked, id=19212, stack(0x0000005f24900000,0x0000005f24a00000) (1024K)]
  0x000001dd4b73bc60 JavaThread "jar transforms Thread 2"           [_thread_blocked, id=220, stack(0x0000005f24a00000,0x0000005f24b00000) (1024K)]
  0x000001dd4b73d6a0 JavaThread "jar transforms Thread 3"           [_thread_blocked, id=26068, stack(0x0000005f24b00000,0x0000005f24c00000) (1024K)]
  0x000001dd4b73af40 JavaThread "jar transforms Thread 4"           [_thread_blocked, id=1212, stack(0x0000005f24c00000,0x0000005f24d00000) (1024K)]
  0x000001dd4b73c2f0 JavaThread "jar transforms Thread 5"           [_thread_blocked, id=21284, stack(0x0000005f24d00000,0x0000005f24e00000) (1024K)]
  0x000001dd4b73dd30 JavaThread "jar transforms Thread 6"           [_thread_blocked, id=10644, stack(0x0000005f24e00000,0x0000005f24f00000) (1024K)]
  0x000001dd4b73c980 JavaThread "jar transforms Thread 7"           [_thread_blocked, id=26900, stack(0x0000005f24f00000,0x0000005f25000000) (1024K)]
  0x000001dd4b73a8b0 JavaThread "jar transforms Thread 8"           [_thread_blocked, id=9760, stack(0x0000005f25000000,0x0000005f25100000) (1024K)]
  0x000001dd4b73f0e0 JavaThread "jar transforms Thread 9"           [_thread_blocked, id=23108, stack(0x0000005f25100000,0x0000005f25200000) (1024K)]
  0x000001dd4b73ea50 JavaThread "jar transforms Thread 10"          [_thread_blocked, id=9712, stack(0x0000005f25200000,0x0000005f25300000) (1024K)]
  0x000001dd4b73fe00 JavaThread "jar transforms Thread 11"          [_thread_blocked, id=18292, stack(0x0000005f25300000,0x0000005f25400000) (1024K)]
  0x000001dd4b740490 JavaThread "jar transforms Thread 12"          [_thread_blocked, id=20584, stack(0x0000005f25400000,0x0000005f25500000) (1024K)]
  0x000001dd4b73f770 JavaThread "Cache worker for checksums cache (C:\Users\PC7\AndroidStudioProjects\MyApplication4\.gradle\8.13\checksums)"        [_thread_blocked, id=24128, stack(0x0000005f25500000,0x0000005f25600000) (1024K)]
  0x000001dd4b73d010 JavaThread "Cache worker for file content cache (C:\Users\PC7\.gradle\caches\8.13\fileContent)"        [_thread_blocked, id=25624, stack(0x0000005f25600000,0x0000005f25700000) (1024K)]
  0x000001dd4b7411b0 JavaThread "Cache worker for cache directory md-supplier (C:\Users\PC7\.gradle\caches\8.13\md-supplier)"        [_thread_blocked, id=22488, stack(0x0000005f25700000,0x0000005f25800000) (1024K)]
  0x000001dd4b741840 JavaThread "Cache worker for cache directory md-rule (C:\Users\PC7\.gradle\caches\8.13\md-rule)"        [_thread_blocked, id=3624, stack(0x0000005f25800000,0x0000005f25900000) (1024K)]
  0x000001dd4abe9b30 JavaThread "Unconstrained build operations"        [_thread_blocked, id=20896, stack(0x0000005f25900000,0x0000005f25a00000) (1024K)]
  0x000001dd4abe8e10 JavaThread "Unconstrained build operations Thread 2"        [_thread_blocked, id=27200, stack(0x0000005f25a00000,0x0000005f25b00000) (1024K)]
  0x000001dd4abea1c0 JavaThread "Unconstrained build operations Thread 3"        [_thread_blocked, id=22360, stack(0x0000005f25b00000,0x0000005f25c00000) (1024K)]
  0x000001dd4abea850 JavaThread "Unconstrained build operations Thread 4"        [_thread_blocked, id=19500, stack(0x0000005f25c00000,0x0000005f25d00000) (1024K)]
  0x000001dd4abeb570 JavaThread "Unconstrained build operations Thread 5"        [_thread_blocked, id=25140, stack(0x0000005f22b00000,0x0000005f22c00000) (1024K)]
  0x000001dd4abe8780 JavaThread "Unconstrained build operations Thread 6"        [_thread_blocked, id=14048, stack(0x0000005f22c00000,0x0000005f22d00000) (1024K)]
  0x000001dd4abec920 JavaThread "Unconstrained build operations Thread 7"        [_thread_blocked, id=20288, stack(0x0000005f25d00000,0x0000005f25e00000) (1024K)]
  0x000001dd4abec290 JavaThread "Unconstrained build operations Thread 8"        [_thread_blocked, id=22516, stack(0x0000005f25e00000,0x0000005f25f00000) (1024K)]
  0x000001dd4abe94a0 JavaThread "Unconstrained build operations Thread 9"        [_thread_blocked, id=9460, stack(0x0000005f25f00000,0x0000005f26000000) (1024K)]
  0x000001dd4abedcd0 JavaThread "Unconstrained build operations Thread 10"        [_thread_blocked, id=21632, stack(0x0000005f26000000,0x0000005f26100000) (1024K)]
  0x000001dd4abef710 JavaThread "Unconstrained build operations Thread 11"        [_thread_blocked, id=4016, stack(0x0000005f26100000,0x0000005f26200000) (1024K)]
  0x000001dd4abee9f0 JavaThread "Unconstrained build operations Thread 12"        [_thread_blocked, id=21076, stack(0x0000005f26200000,0x0000005f26300000) (1024K)]
  0x000001dd4abefda0 JavaThread "Unconstrained build operations Thread 13"        [_thread_blocked, id=11176, stack(0x0000005f26300000,0x0000005f26400000) (1024K)]
  0x000001dd4abee360 JavaThread "Unconstrained build operations Thread 14"        [_thread_blocked, id=24388, stack(0x0000005f26400000,0x0000005f26500000) (1024K)]
  0x000001dd4abef080 JavaThread "Unconstrained build operations Thread 15"        [_thread_blocked, id=19036, stack(0x0000005f26500000,0x0000005f26600000) (1024K)]
  0x000001dd4abecfb0 JavaThread "Unconstrained build operations Thread 16"        [_thread_blocked, id=4596, stack(0x0000005f26600000,0x0000005f26700000) (1024K)]
  0x000001dd4abed640 JavaThread "Unconstrained build operations Thread 17"        [_thread_blocked, id=27068, stack(0x0000005f26700000,0x0000005f26800000) (1024K)]
  0x000001dd4c4f4a20 JavaThread "Unconstrained build operations Thread 18"        [_thread_blocked, id=21288, stack(0x0000005f26800000,0x0000005f26900000) (1024K)]
  0x000001dd4c4f5dd0 JavaThread "Unconstrained build operations Thread 19"        [_thread_blocked, id=26648, stack(0x0000005f26900000,0x0000005f26a00000) (1024K)]
  0x000001dd4c4f3d00 JavaThread "Unconstrained build operations Thread 20"        [_thread_blocked, id=27468, stack(0x0000005f26a00000,0x0000005f26b00000) (1024K)]
  0x000001dd4c4f50b0 JavaThread "Unconstrained build operations Thread 21"        [_thread_blocked, id=18984, stack(0x0000005f26b00000,0x0000005f26c00000) (1024K)]
  0x000001dd4db71a30 JavaThread "Unconstrained build operations Thread 22"        [_thread_blocked, id=23932, stack(0x0000005f26c00000,0x0000005f26d00000) (1024K)]
  0x000001dd4db75540 JavaThread "Unconstrained build operations Thread 23"        [_thread_blocked, id=16460, stack(0x0000005f26d00000,0x0000005f26e00000) (1024K)]
  0x000001dd4db720c0 JavaThread "Unconstrained build operations Thread 24"        [_thread_blocked, id=7236, stack(0x0000005f26f00000,0x0000005f27000000) (1024K)]
  0x000001dd4db73470 JavaThread "Unconstrained build operations Thread 25"        [_thread_blocked, id=13808, stack(0x0000005f27000000,0x0000005f27100000) (1024K)]
  0x000001dd4db75bd0 JavaThread "Unconstrained build operations Thread 26"        [_thread_blocked, id=8204, stack(0x0000005f27100000,0x0000005f27200000) (1024K)]
  0x000001dd4db72750 JavaThread "Unconstrained build operations Thread 27"        [_thread_blocked, id=1880, stack(0x0000005f27200000,0x0000005f27300000) (1024K)]
  0x000001dd4db768f0 JavaThread "Unconstrained build operations Thread 28"        [_thread_blocked, id=11252, stack(0x0000005f27300000,0x0000005f27400000) (1024K)]
  0x000001dd4db76260 JavaThread "Unconstrained build operations Thread 29"        [_thread_blocked, id=18064, stack(0x0000005f27400000,0x0000005f27500000) (1024K)]
  0x000001dd4db77610 JavaThread "Unconstrained build operations Thread 30"        [_thread_blocked, id=27144, stack(0x0000005f27500000,0x0000005f27600000) (1024K)]
  0x000001dd4db77ca0 JavaThread "Unconstrained build operations Thread 31"        [_thread_blocked, id=368, stack(0x0000005f27600000,0x0000005f27700000) (1024K)]
  0x000001dd4db76f80 JavaThread "Unconstrained build operations Thread 32"        [_thread_blocked, id=14008, stack(0x0000005f27700000,0x0000005f27800000) (1024K)]
  0x000001dd4f34f270 JavaThread "Unconstrained build operations Thread 33"        [_thread_blocked, id=6008, stack(0x0000005f27800000,0x0000005f27900000) (1024K)]
  0x000001dd4f34bdf0 JavaThread "Unconstrained build operations Thread 34"        [_thread_blocked, id=18724, stack(0x0000005f27900000,0x0000005f27a00000) (1024K)]
  0x000001dd4f34dec0 JavaThread "Unconstrained build operations Thread 35"        [_thread_blocked, id=22200, stack(0x0000005f27a00000,0x0000005f27b00000) (1024K)]
  0x000001dd4f34e550 JavaThread "Unconstrained build operations Thread 36"        [_thread_blocked, id=2424, stack(0x0000005f27b00000,0x0000005f27c00000) (1024K)]
  0x000001dd4f34f900 JavaThread "Unconstrained build operations Thread 37"        [_thread_blocked, id=12072, stack(0x0000005f27c00000,0x0000005f27d00000) (1024K)]
  0x000001dd4f34d830 JavaThread "Unconstrained build operations Thread 38"        [_thread_blocked, id=13508, stack(0x0000005f27d00000,0x0000005f27e00000) (1024K)]
  0x000001dd4f34ebe0 JavaThread "Unconstrained build operations Thread 39"        [_thread_blocked, id=21748, stack(0x0000005f27e00000,0x0000005f27f00000) (1024K)]
  0x000001dd4f350620 JavaThread "Unconstrained build operations Thread 40"        [_thread_blocked, id=23428, stack(0x0000005f27f00000,0x0000005f28000000) (1024K)]
  0x000001dd4c4f7ea0 JavaThread "Unconstrained build operations Thread 41"        [_thread_blocked, id=18020, stack(0x0000005f28000000,0x0000005f28100000) (1024K)]
  0x000001dd43d2a120 JavaThread "Unconstrained build operations Thread 42"        [_thread_blocked, id=6220, stack(0x0000005f28100000,0x0000005f28200000) (1024K)]
  0x000001dd43d29a90 JavaThread "Unconstrained build operations Thread 43"        [_thread_blocked, id=22120, stack(0x0000005f28200000,0x0000005f28300000) (1024K)]
  0x000001dd43d28d70 JavaThread "Unconstrained build operations Thread 44"        [_thread_blocked, id=20456, stack(0x0000005f28300000,0x0000005f28400000) (1024K)]
  0x000001dd43d279c0 JavaThread "Unconstrained build operations Thread 45"        [_thread_blocked, id=11028, stack(0x0000005f28400000,0x0000005f28500000) (1024K)]
  0x000001dd43d27330 JavaThread "Unconstrained build operations Thread 46"        [_thread_blocked, id=11896, stack(0x0000005f28500000,0x0000005f28600000) (1024K)]
  0x000001dd43d28050 JavaThread "Unconstrained build operations Thread 47"        [_thread_blocked, id=11112, stack(0x0000005f28600000,0x0000005f28700000) (1024K)]
  0x000001dd43d26ca0 JavaThread "Unconstrained build operations Thread 48"        [_thread_blocked, id=25724, stack(0x0000005f28700000,0x0000005f28800000) (1024K)]
  0x000001dd43d2a7b0 JavaThread "Unconstrained build operations Thread 49"        [_thread_blocked, id=1584, stack(0x0000005f28800000,0x0000005f28900000) (1024K)]
  0x000001dd43d286e0 JavaThread "Unconstrained build operations Thread 50"        [_thread_blocked, id=25472, stack(0x0000005f28900000,0x0000005f28a00000) (1024K)]
  0x000001dd43d2ae40 JavaThread "Unconstrained build operations Thread 51"        [_thread_blocked, id=23200, stack(0x0000005f28a00000,0x0000005f28b00000) (1024K)]
  0x000001dd43d2bb60 JavaThread "Unconstrained build operations Thread 52"        [_thread_blocked, id=1844, stack(0x0000005f28b00000,0x0000005f28c00000) (1024K)]
  0x000001dd43d2c880 JavaThread "Unconstrained build operations Thread 53"        [_thread_blocked, id=10052, stack(0x0000005f28c00000,0x0000005f28d00000) (1024K)]
  0x000001dd43d2c1f0 JavaThread "Unconstrained build operations Thread 54"        [_thread_blocked, id=26196, stack(0x0000005f28d00000,0x0000005f28e00000) (1024K)]
  0x000001dd43d29400 JavaThread "Unconstrained build operations Thread 55"        [_thread_blocked, id=27516, stack(0x0000005f28e00000,0x0000005f28f00000) (1024K)]
  0x000001dd43d2cf10 JavaThread "Unconstrained build operations Thread 56"        [_thread_blocked, id=23580, stack(0x0000005f28f00000,0x0000005f29000000) (1024K)]
  0x000001dd43d2d5a0 JavaThread "Unconstrained build operations Thread 57"        [_thread_blocked, id=17872, stack(0x0000005f29000000,0x0000005f29100000) (1024K)]
  0x000001dd43d2dc30 JavaThread "Unconstrained build operations Thread 58"        [_thread_blocked, id=22972, stack(0x0000005f29100000,0x0000005f29200000) (1024K)]
  0x000001dd43d2e2c0 JavaThread "Unconstrained build operations Thread 59"        [_thread_blocked, id=24436, stack(0x0000005f29200000,0x0000005f29300000) (1024K)]
  0x000001dd48a8cdd0 JavaThread "Unconstrained build operations Thread 60"        [_thread_blocked, id=23384, stack(0x0000005f29300000,0x0000005f29400000) (1024K)]
  0x000001dd48a8daf0 JavaThread "Unconstrained build operations Thread 61"        [_thread_blocked, id=244, stack(0x0000005f29400000,0x0000005f29500000) (1024K)]
  0x000001dd48a8d460 JavaThread "Unconstrained build operations Thread 62"        [_thread_blocked, id=16740, stack(0x0000005f29500000,0x0000005f29600000) (1024K)]
  0x000001dd48a8c740 JavaThread "Unconstrained build operations Thread 63"        [_thread_blocked, id=11924, stack(0x0000005f29600000,0x0000005f29700000) (1024K)]
  0x000001dd48e93410 JavaThread "Unconstrained build operations Thread 64"        [_thread_blocked, id=3776, stack(0x0000005f29700000,0x0000005f29800000) (1024K)]
  0x000001dd48e954e0 JavaThread "Unconstrained build operations Thread 65"        [_thread_blocked, id=3228, stack(0x0000005f29800000,0x0000005f29900000) (1024K)]
  0x000001dd48e93aa0 JavaThread "Unconstrained build operations Thread 66"        [_thread_blocked, id=14056, stack(0x0000005f29900000,0x0000005f29a00000) (1024K)]
  0x000001dd4e305510 JavaThread "Unconstrained build operations Thread 67"        [_thread_blocked, id=8184, stack(0x0000005f29a00000,0x0000005f29b00000) (1024K)]
  0x000001dd4e302720 JavaThread "Unconstrained build operations Thread 68"        [_thread_blocked, id=21108, stack(0x0000005f29b00000,0x0000005f29c00000) (1024K)]
  0x000001dd4e306230 JavaThread "Unconstrained build operations Thread 69"        [_thread_blocked, id=21124, stack(0x0000005f29c00000,0x0000005f29d00000) (1024K)]
  0x000001dd4e302db0 JavaThread "Unconstrained build operations Thread 70"        [_thread_blocked, id=18868, stack(0x0000005f29d00000,0x0000005f29e00000) (1024K)]
  0x000001dd4e3068c0 JavaThread "Unconstrained build operations Thread 71"        [_thread_blocked, id=21628, stack(0x0000005f29e00000,0x0000005f29f00000) (1024K)]
  0x000001dd48e96890 JavaThread "Unconstrained build operations Thread 72"        [_thread_blocked, id=5040, stack(0x0000005f29f00000,0x0000005f2a000000) (1024K)]
  0x000001dd48e95b70 JavaThread "Unconstrained build operations Thread 73"        [_thread_blocked, id=15936, stack(0x0000005f2a000000,0x0000005f2a100000) (1024K)]
  0x000001dd48e94130 JavaThread "Unconstrained build operations Thread 74"        [_thread_blocked, id=20268, stack(0x0000005f2a100000,0x0000005f2a200000) (1024K)]
  0x000001dd48e947c0 JavaThread "Unconstrained build operations Thread 75"        [_thread_blocked, id=9080, stack(0x0000005f2a200000,0x0000005f2a300000) (1024K)]
  0x000001dd48e96200 JavaThread "Unconstrained build operations Thread 76"        [_thread_blocked, id=21192, stack(0x0000005f2a300000,0x0000005f2a400000) (1024K)]
  0x000001dd48e94e50 JavaThread "Unconstrained build operations Thread 77"        [_thread_blocked, id=25124, stack(0x0000005f2a400000,0x0000005f2a500000) (1024K)]
  0x000001dd43d42410 JavaThread "Unconstrained build operations Thread 78"        [_thread_blocked, id=12104, stack(0x0000005f2a500000,0x0000005f2a600000) (1024K)]
  0x000001dd43d3fcb0 JavaThread "Unconstrained build operations Thread 79"        [_thread_blocked, id=24288, stack(0x0000005f2a600000,0x0000005f2a700000) (1024K)]
  0x000001dd43d416f0 JavaThread "Unconstrained build operations Thread 80"        [_thread_blocked, id=27304, stack(0x0000005f2a700000,0x0000005f2a800000) (1024K)]
  0x000001dd43d409d0 JavaThread "Unconstrained build operations Thread 81"        [_thread_blocked, id=26564, stack(0x0000005f2a800000,0x0000005f2a900000) (1024K)]
  0x000001dd43d42aa0 JavaThread "Unconstrained build operations Thread 82"        [_thread_blocked, id=26892, stack(0x0000005f2a900000,0x0000005f2aa00000) (1024K)]
  0x000001dd43d41060 JavaThread "Unconstrained build operations Thread 83"        [_thread_blocked, id=2940, stack(0x0000005f2aa00000,0x0000005f2ab00000) (1024K)]
  0x000001dd43d40340 JavaThread "Unconstrained build operations Thread 84"        [_thread_blocked, id=4408, stack(0x0000005f2ab00000,0x0000005f2ac00000) (1024K)]
  0x000001dd43d41d80 JavaThread "Unconstrained build operations Thread 85"        [_thread_blocked, id=11168, stack(0x0000005f2ac00000,0x0000005f2ad00000) (1024K)]
  0x000001dd43d43130 JavaThread "Unconstrained build operations Thread 86"        [_thread_blocked, id=3916, stack(0x0000005f2ad00000,0x0000005f2ae00000) (1024K)]
  0x000001dd4a6566c0 JavaThread "Unconstrained build operations Thread 87"        [_thread_blocked, id=16560, stack(0x0000005f2ae00000,0x0000005f2af00000) (1024K)]
  0x000001dd4a658790 JavaThread "Unconstrained build operations Thread 88"        [_thread_blocked, id=10196, stack(0x0000005f2af00000,0x0000005f2b000000) (1024K)]
  0x000001dd4a658e20 JavaThread "Unconstrained build operations Thread 89"        [_thread_blocked, id=4844, stack(0x0000005f2b000000,0x0000005f2b100000) (1024K)]
  0x000001dd4a656d50 JavaThread "Unconstrained build operations Thread 90"        [_thread_blocked, id=12596, stack(0x0000005f2b200000,0x0000005f2b300000) (1024K)]
  0x000001dd4a657a70 JavaThread "Unconstrained build operations Thread 91"        [_thread_blocked, id=21648, stack(0x0000005f2b300000,0x0000005f2b400000) (1024K)]
  0x000001dd4a6594b0 JavaThread "Unconstrained build operations Thread 92"        [_thread_blocked, id=12416, stack(0x0000005f2b400000,0x0000005f2b500000) (1024K)]
  0x000001dd4a6573e0 JavaThread "Unconstrained build operations Thread 93"        [_thread_blocked, id=2104, stack(0x0000005f2b500000,0x0000005f2b600000) (1024K)]
  0x000001dd4348a7b0 JavaThread "Unconstrained build operations Thread 94"        [_thread_blocked, id=25176, stack(0x0000005f2b600000,0x0000005f2b700000) (1024K)]
  0x000001dd4348ae40 JavaThread "Unconstrained build operations Thread 95"        [_thread_blocked, id=7696, stack(0x0000005f2b700000,0x0000005f2b800000) (1024K)]
  0x000001dd43489a90 JavaThread "Unconstrained build operations Thread 96"        [_thread_blocked, id=2768, stack(0x0000005f2b800000,0x0000005f2b900000) (1024K)]
  0x000001dd4348a120 JavaThread "Unconstrained build operations Thread 97"        [_thread_blocked, id=21256, stack(0x0000005f2b900000,0x0000005f2ba00000) (1024K)]
  0x000001dd4aef38c0 JavaThread "Unconstrained build operations Thread 98"        [_thread_blocked, id=16860, stack(0x0000005f2ba00000,0x0000005f2bb00000) (1024K)]
  0x000001dd4aef2ba0 JavaThread "Unconstrained build operations Thread 99"        [_thread_blocked, id=3048, stack(0x0000005f2bb00000,0x0000005f2bc00000) (1024K)]
  0x000001dd4aef5300 JavaThread "Unconstrained build operations Thread 100"        [_thread_blocked, id=22256, stack(0x0000005f2bc00000,0x0000005f2bd00000) (1024K)]
  0x000001dd4a656030 JavaThread "Unconstrained build operations Thread 101"        [_thread_blocked, id=14796, stack(0x0000005f21800000,0x0000005f21900000) (1024K)]
  0x000001dd4a658100 JavaThread "Unconstrained build operations Thread 102"        [_thread_blocked, id=24768, stack(0x0000005f2b100000,0x0000005f2b200000) (1024K)]
  0x000001dd4aef3f50 JavaThread "Unconstrained build operations Thread 103"        [_thread_blocked, id=4796, stack(0x0000005f2bd00000,0x0000005f2be00000) (1024K)]
  0x000001dd4aef4c70 JavaThread "Unconstrained build operations Thread 104"        [_thread_blocked, id=26020, stack(0x0000005f2be00000,0x0000005f2bf00000) (1024K)]
  0x000001dd4c9b6760 JavaThread "Unconstrained build operations Thread 105"        [_thread_blocked, id=8796, stack(0x0000005f2bf00000,0x0000005f2c000000) (1024K)]
  0x000001dd4c9b81a0 JavaThread "Unconstrained build operations Thread 106"        [_thread_blocked, id=25132, stack(0x0000005f2c000000,0x0000005f2c100000) (1024K)]
  0x000001dd4c2829d0 JavaThread "C2 CompilerThread1"         daemon [_thread_blocked, id=20220, stack(0x0000005f2c100000,0x0000005f2c200000) (1024K)]
  0x000001dd4c2800f0 JavaThread "C2 CompilerThread2"         daemon [_thread_blocked, id=17876, stack(0x0000005f2c200000,0x0000005f2c300000) (1024K)]
  0x000001dd4c9b5a40 JavaThread "Unconstrained build operations Thread 107"        [_thread_blocked, id=20460, stack(0x0000005f2c300000,0x0000005f2c400000) (1024K)]
  0x000001dd4d7d69c0 JavaThread "Unconstrained build operations Thread 108"        [_thread_blocked, id=23124, stack(0x0000005f2c400000,0x0000005f2c500000) (1024K)]
  0x000001dd4d7d7050 JavaThread "Unconstrained build operations Thread 109"        [_thread_blocked, id=21728, stack(0x0000005f2c500000,0x0000005f2c600000) (1024K)]
  0x000001dd4d7d76e0 JavaThread "Unconstrained build operations Thread 110"        [_thread_blocked, id=21112, stack(0x0000005f2c600000,0x0000005f2c700000) (1024K)]
  0x000001dd4d7d6330 JavaThread "Unconstrained build operations Thread 111"        [_thread_blocked, id=11892, stack(0x0000005f2c700000,0x0000005f2c800000) (1024K)]
  0x000001dd4aef45e0 JavaThread "Unconstrained build operations Thread 112"        [_thread_blocked, id=26200, stack(0x0000005f2c800000,0x0000005f2c900000) (1024K)]
  0x000001dd4aef5990 JavaThread "Unconstrained build operations Thread 113"        [_thread_blocked, id=3628, stack(0x0000005f2c900000,0x0000005f2ca00000) (1024K)]
  0x000001dd4aef6020 JavaThread "Unconstrained build operations Thread 114"        [_thread_blocked, id=18872, stack(0x0000005f2ca00000,0x0000005f2cb00000) (1024K)]
  0x000001dd4aef3230 JavaThread "Unconstrained build operations Thread 115"        [_thread_blocked, id=25164, stack(0x0000005f2cb00000,0x0000005f2cc00000) (1024K)]
  0x000001dd4f0370b0 JavaThread "Unconstrained build operations Thread 116"        [_thread_blocked, id=17096, stack(0x0000005f2cc00000,0x0000005f2cd00000) (1024K)]
  0x000001dd4f034950 JavaThread "Unconstrained build operations Thread 117"        [_thread_blocked, id=23288, stack(0x0000005f2cd00000,0x0000005f2ce00000) (1024K)]
  0x000001dd4f034fe0 JavaThread "Unconstrained build operations Thread 118"        [_thread_blocked, id=26704, stack(0x0000005f2ce00000,0x0000005f2cf00000) (1024K)]
  0x000001dd4f0342c0 JavaThread "Unconstrained build operations Thread 119"        [_thread_blocked, id=5908, stack(0x0000005f2cf00000,0x0000005f2d000000) (1024K)]
  0x000001dd4f033c30 JavaThread "Unconstrained build operations Thread 120"        [_thread_blocked, id=20264, stack(0x0000005f2d000000,0x0000005f2d100000) (1024K)]
Total: 166

Other Threads:
=>0x000001dd43268670 VMThread "VM Thread"                           [id=10168, stack(0x0000005f22000000,0x0000005f22100000) (1024K)]
  0x000001dd431ff470 WatcherThread "VM Periodic Task Thread"        [id=2348, stack(0x0000005f21f00000,0x0000005f22000000) (1024K)]
  0x000001dd2b776bf0 WorkerThread "GC Thread#0"                     [id=26904, stack(0x0000005f21a00000,0x0000005f21b00000) (1024K)]
  0x000001dd43a709b0 WorkerThread "GC Thread#1"                     [id=24736, stack(0x0000005f22d00000,0x0000005f22e00000) (1024K)]
  0x000001dd43aac000 WorkerThread "GC Thread#2"                     [id=13432, stack(0x0000005f22e00000,0x0000005f22f00000) (1024K)]
  0x000001dd43eddb00 WorkerThread "GC Thread#3"                     [id=16364, stack(0x0000005f22f00000,0x0000005f23000000) (1024K)]
  0x000001dd43eddea0 WorkerThread "GC Thread#4"                     [id=24372, stack(0x0000005f23000000,0x0000005f23100000) (1024K)]
  0x000001dd43f17f60 WorkerThread "GC Thread#5"                     [id=24556, stack(0x0000005f23100000,0x0000005f23200000) (1024K)]
  0x000001dd49853390 WorkerThread "GC Thread#6"                     [id=23476, stack(0x0000005f23300000,0x0000005f23400000) (1024K)]
  0x000001dd49853730 WorkerThread "GC Thread#7"                     [id=22068, stack(0x0000005f23400000,0x0000005f23500000) (1024K)]
  0x000001dd49853ad0 WorkerThread "GC Thread#8"                     [id=24160, stack(0x0000005f23500000,0x0000005f23600000) (1024K)]
  0x000001dd49a24eb0 WorkerThread "GC Thread#9"                     [id=24500, stack(0x0000005f23f00000,0x0000005f24000000) (1024K)]
  0x000001dd2b787ae0 ConcurrentGCThread "G1 Main Marker"            [id=8132, stack(0x0000005f21b00000,0x0000005f21c00000) (1024K)]
  0x000001dd2b789330 WorkerThread "G1 Conc#0"                       [id=7960, stack(0x0000005f21c00000,0x0000005f21d00000) (1024K)]
  0x000001dd49a25250 WorkerThread "G1 Conc#1"                       [id=24168, stack(0x0000005f24000000,0x0000005f24100000) (1024K)]
  0x000001dd49a23c90 WorkerThread "G1 Conc#2"                       [id=2640, stack(0x0000005f24100000,0x0000005f24200000) (1024K)]
  0x000001dd2b7de880 ConcurrentGCThread "G1 Refine#0"               [id=9564, stack(0x0000005f21d00000,0x0000005f21e00000) (1024K)]
  0x000001dd4314baf0 ConcurrentGCThread "G1 Service"                [id=17236, stack(0x0000005f21e00000,0x0000005f21f00000) (1024K)]
Total: 18

Threads with active compile tasks:
C2 CompilerThread0  670891 17832 %     4       org.objectweb.asm.ClassReader::readCode @ 92 (5117 bytes)
C1 CompilerThread0  670891 17996       3       java.util.jar.Manifest$FastInputStream::readLine (296 bytes)
C2 CompilerThread1  670891 17883       4       org.objectweb.asm.ClassReader::accept (1419 bytes)
C2 CompilerThread2  670891 17877       4       org.objectweb.asm.ClassWriter::toByteArray (1535 bytes)
Total: 4

VM state: at safepoint (normal execution)

VM Mutex/Monitor currently owned by a thread:  ([mutex/lock_event])
[0x00007ff8895fe3a0] Threads_lock - owner thread: 0x000001dd43268670
[0x00007ff8895fe4a0] Heap_lock - owner thread: 0x000001dd4f0370b0

Heap address: 0x0000000080000000, size: 2048 MB, Compressed Oops mode: 32-bit

CDS archive(s) not mapped
Compressed class space mapped at: 0x0000000100000000-0x0000000140000000, reserved size: 1073741824
Narrow klass base: 0x0000000000000000, Narrow klass shift: 3, Narrow klass range: 0x140000000

GC Precious Log:
 CardTable entry size: 512
 Card Set container configuration: InlinePtr #cards 5 size 8 Array Of Cards #cards 12 size 40 Howl #buckets 4 coarsen threshold 1843 Howl Bitmap #cards 512 size 80 coarsen threshold 460 Card regions per heap region 1 cards per card region 2048
 CPUs: 12 total, 12 available
 Memory: 16318M
 Large Page Support: Disabled
 NUMA Support: Disabled
 Compressed Oops: Enabled (32-bit)
 Heap Region Size: 1M
 Heap Min Capacity: 8M
 Heap Initial Capacity: 256M
 Heap Max Capacity: 2G
 Pre-touch: Disabled
 Parallel Workers: 10
 Concurrent Workers: 3
 Concurrent Refinement Workers: 10
 Periodic GC: Disabled

Heap:
 garbage-first heap   total 547840K, used 211992K [0x0000000080000000, 0x0000000100000000)
  region size 1024K, 22 young (22528K), 22 survivors (22528K)
 Metaspace       used 146939K, committed 149312K, reserved 1179648K
  class space    used 18480K, committed 19648K, reserved 1048576K

Heap Regions: E=young(eden), S=young(survivor), O=old, HS=humongous(starts), HC=humongous(continues), CS=collection set, F=free, TAMS=top-at-mark-start, PB=parsable bottom
|   0|0x0000000080000000, 0x0000000080100000, 0x0000000080100000|100%|HS|  |TAMS 0x0000000080000000| PB 0x0000000080000000| Complete 
|   1|0x0000000080100000, 0x0000000080200000, 0x0000000080200000|100%|HC|  |TAMS 0x0000000080100000| PB 0x0000000080100000| Complete 
|   2|0x0000000080200000, 0x0000000080300000, 0x0000000080300000|100%|HC|  |TAMS 0x0000000080200000| PB 0x0000000080200000| Complete 
|   3|0x0000000080300000, 0x0000000080400000, 0x0000000080400000|100%| O|  |TAMS 0x0000000080300000| PB 0x0000000080300000| Untracked 
|   4|0x0000000080400000, 0x0000000080500000, 0x0000000080500000|100%| O|  |TAMS 0x0000000080400000| PB 0x0000000080400000| Untracked 
|   5|0x0000000080500000, 0x0000000080600000, 0x0000000080600000|100%| O|  |TAMS 0x0000000080500000| PB 0x0000000080500000| Untracked 
|   6|0x0000000080600000, 0x0000000080700000, 0x0000000080700000|100%|HS|  |TAMS 0x0000000080600000| PB 0x0000000080600000| Complete 
|   7|0x0000000080700000, 0x0000000080800000, 0x0000000080800000|100%| O|  |TAMS 0x0000000080700000| PB 0x0000000080700000| Untracked 
|   8|0x0000000080800000, 0x0000000080900000, 0x0000000080900000|100%| O|  |TAMS 0x0000000080800000| PB 0x0000000080800000| Untracked 
|   9|0x0000000080900000, 0x0000000080a00000, 0x0000000080a00000|100%| O|  |TAMS 0x0000000080900000| PB 0x0000000080900000| Untracked 
|  10|0x0000000080a00000, 0x0000000080b00000, 0x0000000080b00000|100%| O|  |TAMS 0x0000000080a00000| PB 0x0000000080a00000| Untracked 
|  11|0x0000000080b00000, 0x0000000080c00000, 0x0000000080c00000|100%| O|  |TAMS 0x0000000080b00000| PB 0x0000000080b00000| Untracked 
|  12|0x0000000080c00000, 0x0000000080d00000, 0x0000000080d00000|100%| O|  |TAMS 0x0000000080c00000| PB 0x0000000080c00000| Untracked 
|  13|0x0000000080d00000, 0x0000000080e00000, 0x0000000080e00000|100%| O|  |TAMS 0x0000000080d00000| PB 0x0000000080d00000| Untracked 
|  14|0x0000000080e00000, 0x0000000080f00000, 0x0000000080f00000|100%| O|  |TAMS 0x0000000080e00000| PB 0x0000000080e00000| Untracked 
|  15|0x0000000080f00000, 0x0000000081000000, 0x0000000081000000|100%| O|  |TAMS 0x0000000080f00000| PB 0x0000000080f00000| Untracked 
|  16|0x0000000081000000, 0x0000000081100000, 0x0000000081100000|100%| O|  |TAMS 0x0000000081000000| PB 0x0000000081000000| Untracked 
|  17|0x0000000081100000, 0x0000000081200000, 0x0000000081200000|100%| O|  |TAMS 0x0000000081100000| PB 0x0000000081100000| Untracked 
|  18|0x0000000081200000, 0x0000000081300000, 0x0000000081300000|100%| O|  |TAMS 0x0000000081200000| PB 0x0000000081200000| Untracked 
|  19|0x0000000081300000, 0x0000000081400000, 0x0000000081400000|100%| O|  |TAMS 0x0000000081300000| PB 0x0000000081300000| Untracked 
|  20|0x0000000081400000, 0x0000000081500000, 0x0000000081500000|100%| O|  |TAMS 0x0000000081400000| PB 0x0000000081400000| Untracked 
|  21|0x0000000081500000, 0x0000000081600000, 0x0000000081600000|100%| O|  |TAMS 0x0000000081500000| PB 0x0000000081500000| Untracked 
|  22|0x0000000081600000, 0x0000000081700000, 0x0000000081700000|100%|HS|  |TAMS 0x0000000081600000| PB 0x0000000081600000| Complete 
|  23|0x0000000081700000, 0x0000000081800000, 0x0000000081800000|100%|HC|  |TAMS 0x0000000081700000| PB 0x0000000081700000| Complete 
|  24|0x0000000081800000, 0x0000000081900000, 0x0000000081900000|100%|HC|  |TAMS 0x0000000081800000| PB 0x0000000081800000| Complete 
|  25|0x0000000081900000, 0x0000000081a00000, 0x0000000081a00000|100%|HC|  |TAMS 0x0000000081900000| PB 0x0000000081900000| Complete 
|  26|0x0000000081a00000, 0x0000000081b00000, 0x0000000081b00000|100%|HC|  |TAMS 0x0000000081a00000| PB 0x0000000081a00000| Complete 
|  27|0x0000000081b00000, 0x0000000081c00000, 0x0000000081c00000|100%|HC|  |TAMS 0x0000000081b00000| PB 0x0000000081b00000| Complete 
|  28|0x0000000081c00000, 0x0000000081d00000, 0x0000000081d00000|100%|HS|  |TAMS 0x0000000081c00000| PB 0x0000000081c00000| Complete 
|  29|0x0000000081d00000, 0x0000000081e00000, 0x0000000081e00000|100%|HS|  |TAMS 0x0000000081d00000| PB 0x0000000081d00000| Complete 
|  30|0x0000000081e00000, 0x0000000081f00000, 0x0000000081f00000|100%|HC|  |TAMS 0x0000000081e00000| PB 0x0000000081e00000| Complete 
|  31|0x0000000081f00000, 0x0000000082000000, 0x0000000082000000|100%|HC|  |TAMS 0x0000000081f00000| PB 0x0000000081f00000| Complete 
|  32|0x0000000082000000, 0x0000000082100000, 0x0000000082100000|100%|HC|  |TAMS 0x0000000082000000| PB 0x0000000082000000| Complete 
|  33|0x0000000082100000, 0x0000000082200000, 0x0000000082200000|100%|HS|  |TAMS 0x0000000082100000| PB 0x0000000082100000| Complete 
|  34|0x0000000082200000, 0x0000000082300000, 0x0000000082300000|100%|HC|  |TAMS 0x0000000082200000| PB 0x0000000082200000| Complete 
|  35|0x0000000082300000, 0x0000000082400000, 0x0000000082400000|100%|HS|  |TAMS 0x0000000082300000| PB 0x0000000082300000| Complete 
|  36|0x0000000082400000, 0x0000000082500000, 0x0000000082500000|100%|HS|  |TAMS 0x0000000082400000| PB 0x0000000082400000| Complete 
|  37|0x0000000082500000, 0x0000000082600000, 0x0000000082600000|100%|HS|  |TAMS 0x0000000082500000| PB 0x0000000082500000| Complete 
|  38|0x0000000082600000, 0x0000000082700000, 0x0000000082700000|100%| O|  |TAMS 0x0000000082600000| PB 0x0000000082600000| Untracked 
|  39|0x0000000082700000, 0x0000000082800000, 0x0000000082800000|100%| O|  |TAMS 0x0000000082700000| PB 0x0000000082700000| Untracked 
|  40|0x0000000082800000, 0x0000000082900000, 0x0000000082900000|100%|HS|  |TAMS 0x0000000082800000| PB 0x0000000082800000| Complete 
|  41|0x0000000082900000, 0x0000000082a00000, 0x0000000082a00000|100%| O|  |TAMS 0x0000000082900000| PB 0x0000000082900000| Untracked 
|  42|0x0000000082a00000, 0x0000000082b00000, 0x0000000082b00000|100%| O|  |TAMS 0x0000000082a00000| PB 0x0000000082a00000| Untracked 
|  43|0x0000000082b00000, 0x0000000082c00000, 0x0000000082c00000|100%|HS|  |TAMS 0x0000000082b00000| PB 0x0000000082b00000| Complete 
|  44|0x0000000082c00000, 0x0000000082d00000, 0x0000000082d00000|100%|HC|  |TAMS 0x0000000082c00000| PB 0x0000000082c00000| Complete 
|  45|0x0000000082d00000, 0x0000000082e00000, 0x0000000082e00000|100%|HC|  |TAMS 0x0000000082d00000| PB 0x0000000082d00000| Complete 
|  46|0x0000000082e00000, 0x0000000082f00000, 0x0000000082f00000|100%|HC|  |TAMS 0x0000000082e00000| PB 0x0000000082e00000| Complete 
|  47|0x0000000082f00000, 0x0000000083000000, 0x0000000083000000|100%|HC|  |TAMS 0x0000000082f00000| PB 0x0000000082f00000| Complete 
|  48|0x0000000083000000, 0x0000000083100000, 0x0000000083100000|100%|HC|  |TAMS 0x0000000083000000| PB 0x0000000083000000| Complete 
|  49|0x0000000083100000, 0x0000000083200000, 0x0000000083200000|100%|HS|  |TAMS 0x0000000083100000| PB 0x0000000083100000| Complete 
|  50|0x0000000083200000, 0x0000000083300000, 0x0000000083300000|100%|HC|  |TAMS 0x0000000083200000| PB 0x0000000083200000| Complete 
|  51|0x0000000083300000, 0x0000000083400000, 0x0000000083400000|100%|HC|  |TAMS 0x0000000083300000| PB 0x0000000083300000| Complete 
|  52|0x0000000083400000, 0x0000000083500000, 0x0000000083500000|100%|HC|  |TAMS 0x0000000083400000| PB 0x0000000083400000| Complete 
|  53|0x0000000083500000, 0x0000000083600000, 0x0000000083600000|100%|HS|  |TAMS 0x0000000083500000| PB 0x0000000083500000| Complete 
|  54|0x0000000083600000, 0x0000000083700000, 0x0000000083700000|100%|HC|  |TAMS 0x0000000083600000| PB 0x0000000083600000| Complete 
|  55|0x0000000083700000, 0x0000000083800000, 0x0000000083800000|100%| O|  |TAMS 0x0000000083700000| PB 0x0000000083700000| Untracked 
|  56|0x0000000083800000, 0x0000000083900000, 0x0000000083900000|100%| O|  |TAMS 0x0000000083800000| PB 0x0000000083800000| Untracked 
|  57|0x0000000083900000, 0x0000000083a00000, 0x0000000083a00000|100%| O|  |TAMS 0x0000000083900000| PB 0x0000000083900000| Untracked 
|  58|0x0000000083a00000, 0x0000000083b00000, 0x0000000083b00000|100%|HS|  |TAMS 0x0000000083a00000| PB 0x0000000083a00000| Complete 
|  59|0x0000000083b00000, 0x0000000083c00000, 0x0000000083c00000|100%| O|  |TAMS 0x0000000083b00000| PB 0x0000000083b00000| Untracked 
|  60|0x0000000083c00000, 0x0000000083d00000, 0x0000000083d00000|100%|HS|  |TAMS 0x0000000083c00000| PB 0x0000000083c00000| Complete 
|  61|0x0000000083d00000, 0x0000000083e00000, 0x0000000083e00000|100%| O|  |TAMS 0x0000000083d00000| PB 0x0000000083d00000| Untracked 
|  62|0x0000000083e00000, 0x0000000083f00000, 0x0000000083f00000|100%| O|  |TAMS 0x0000000083e00000| PB 0x0000000083e00000| Untracked 
|  63|0x0000000083f00000, 0x0000000084000000, 0x0000000084000000|100%| O|  |TAMS 0x0000000083f00000| PB 0x0000000083f00000| Untracked 
|  64|0x0000000084000000, 0x0000000084100000, 0x0000000084100000|100%| O|  |TAMS 0x0000000084000000| PB 0x0000000084000000| Untracked 
|  65|0x0000000084100000, 0x0000000084200000, 0x0000000084200000|100%|HS|  |TAMS 0x0000000084100000| PB 0x0000000084100000| Complete 
|  66|0x0000000084200000, 0x0000000084300000, 0x0000000084300000|100%|HC|  |TAMS 0x0000000084200000| PB 0x0000000084200000| Complete 
|  67|0x0000000084300000, 0x0000000084400000, 0x0000000084400000|100%| O|  |TAMS 0x0000000084300000| PB 0x0000000084300000| Untracked 
|  68|0x0000000084400000, 0x0000000084500000, 0x0000000084500000|100%| O|  |TAMS 0x0000000084400000| PB 0x0000000084400000| Untracked 
|  69|0x0000000084500000, 0x0000000084600000, 0x0000000084600000|100%| O|  |TAMS 0x0000000084500000| PB 0x0000000084500000| Untracked 
|  70|0x0000000084600000, 0x0000000084700000, 0x0000000084700000|100%| O|  |TAMS 0x0000000084600000| PB 0x0000000084600000| Untracked 
|  71|0x0000000084700000, 0x0000000084800000, 0x0000000084800000|100%| O|  |TAMS 0x0000000084700000| PB 0x0000000084700000| Untracked 
|  72|0x0000000084800000, 0x0000000084900000, 0x0000000084900000|100%| O|  |TAMS 0x0000000084800000| PB 0x0000000084800000| Untracked 
|  73|0x0000000084900000, 0x0000000084a00000, 0x0000000084a00000|100%| O|  |TAMS 0x0000000084900000| PB 0x0000000084900000| Untracked 
|  74|0x0000000084a00000, 0x0000000084b00000, 0x0000000084b00000|100%|HS|  |TAMS 0x0000000084a00000| PB 0x0000000084a00000| Complete 
|  75|0x0000000084b00000, 0x0000000084c00000, 0x0000000084c00000|100%| O|  |TAMS 0x0000000084b00000| PB 0x0000000084b00000| Untracked 
|  76|0x0000000084c00000, 0x0000000084d00000, 0x0000000084d00000|100%|HS|  |TAMS 0x0000000084c00000| PB 0x0000000084c00000| Complete 
|  77|0x0000000084d00000, 0x0000000084e00000, 0x0000000084e00000|100%|HS|  |TAMS 0x0000000084d00000| PB 0x0000000084d00000| Complete 
|  78|0x0000000084e00000, 0x0000000084f00000, 0x0000000084f00000|100%|HC|  |TAMS 0x0000000084e00000| PB 0x0000000084e00000| Complete 
|  79|0x0000000084f00000, 0x0000000085000000, 0x0000000085000000|100%|HC|  |TAMS 0x0000000084f00000| PB 0x0000000084f00000| Complete 
|  80|0x0000000085000000, 0x0000000085100000, 0x0000000085100000|100%|HC|  |TAMS 0x0000000085000000| PB 0x0000000085000000| Complete 
|  81|0x0000000085100000, 0x0000000085200000, 0x0000000085200000|100%|HC|  |TAMS 0x0000000085100000| PB 0x0000000085100000| Complete 
|  82|0x0000000085200000, 0x0000000085300000, 0x0000000085300000|100%|HC|  |TAMS 0x0000000085200000| PB 0x0000000085200000| Complete 
|  83|0x0000000085300000, 0x0000000085400000, 0x0000000085400000|100%|HS|  |TAMS 0x0000000085300000| PB 0x0000000085300000| Complete 
|  84|0x0000000085400000, 0x0000000085500000, 0x0000000085500000|100%|HC|  |TAMS 0x0000000085400000| PB 0x0000000085400000| Complete 
|  85|0x0000000085500000, 0x0000000085600000, 0x0000000085600000|100%|HC|  |TAMS 0x0000000085500000| PB 0x0000000085500000| Complete 
|  86|0x0000000085600000, 0x0000000085700000, 0x0000000085700000|100%|HC|  |TAMS 0x0000000085600000| PB 0x0000000085600000| Complete 
|  87|0x0000000085700000, 0x0000000085800000, 0x0000000085800000|100%|HC|  |TAMS 0x0000000085700000| PB 0x0000000085700000| Complete 
|  88|0x0000000085800000, 0x0000000085900000, 0x0000000085900000|100%|HC|  |TAMS 0x0000000085800000| PB 0x0000000085800000| Complete 
|  89|0x0000000085900000, 0x0000000085a00000, 0x0000000085a00000|100%|HS|  |TAMS 0x0000000085900000| PB 0x0000000085900000| Complete 
|  90|0x0000000085a00000, 0x0000000085b00000, 0x0000000085b00000|100%|HC|  |TAMS 0x0000000085a00000| PB 0x0000000085a00000| Complete 
|  91|0x0000000085b00000, 0x0000000085c00000, 0x0000000085c00000|100%|HC|  |TAMS 0x0000000085b00000| PB 0x0000000085b00000| Complete 
|  92|0x0000000085c00000, 0x0000000085d00000, 0x0000000085d00000|100%|HC|  |TAMS 0x0000000085c00000| PB 0x0000000085c00000| Complete 
|  93|0x0000000085d00000, 0x0000000085e00000, 0x0000000085e00000|100%|HC|  |TAMS 0x0000000085d00000| PB 0x0000000085d00000| Complete 
|  94|0x0000000085e00000, 0x0000000085f00000, 0x0000000085f00000|100%|HC|  |TAMS 0x0000000085e00000| PB 0x0000000085e00000| Complete 
|  95|0x0000000085f00000, 0x0000000086000000, 0x0000000086000000|100%| O|  |TAMS 0x0000000085f00000| PB 0x0000000085f00000| Untracked 
|  96|0x0000000086000000, 0x0000000086100000, 0x0000000086100000|100%| O|  |TAMS 0x0000000086000000| PB 0x0000000086000000| Untracked 
|  97|0x0000000086100000, 0x0000000086200000, 0x0000000086200000|100%| O|  |TAMS 0x0000000086100000| PB 0x0000000086100000| Untracked 
|  98|0x0000000086200000, 0x0000000086300000, 0x0000000086300000|100%| O|  |TAMS 0x0000000086200000| PB 0x0000000086200000| Untracked 
|  99|0x0000000086300000, 0x0000000086400000, 0x0000000086400000|100%| O|  |TAMS 0x0000000086300000| PB 0x0000000086300000| Untracked 
| 100|0x0000000086400000, 0x0000000086500000, 0x0000000086500000|100%| O|  |TAMS 0x0000000086400000| PB 0x0000000086400000| Untracked 
| 101|0x0000000086500000, 0x0000000086600000, 0x0000000086600000|100%| O|  |TAMS 0x0000000086500000| PB 0x0000000086500000| Untracked 
| 102|0x0000000086600000, 0x0000000086700000, 0x0000000086700000|100%| O|  |TAMS 0x0000000086600000| PB 0x0000000086600000| Untracked 
| 103|0x0000000086700000, 0x0000000086800000, 0x0000000086800000|100%| O|  |TAMS 0x0000000086700000| PB 0x0000000086700000| Untracked 
| 104|0x0000000086800000, 0x0000000086900000, 0x0000000086900000|100%| O|  |TAMS 0x0000000086800000| PB 0x0000000086800000| Untracked 
| 105|0x0000000086900000, 0x0000000086a00000, 0x0000000086a00000|100%| O|  |TAMS 0x0000000086900000| PB 0x0000000086900000| Untracked 
| 106|0x0000000086a00000, 0x0000000086b00000, 0x0000000086b00000|100%| O|  |TAMS 0x0000000086a00000| PB 0x0000000086a00000| Untracked 
| 107|0x0000000086b00000, 0x0000000086c00000, 0x0000000086c00000|100%| O|  |TAMS 0x0000000086b00000| PB 0x0000000086b00000| Untracked 
| 108|0x0000000086c00000, 0x0000000086d00000, 0x0000000086d00000|100%| O|  |TAMS 0x0000000086c00000| PB 0x0000000086c00000| Untracked 
| 109|0x0000000086d00000, 0x0000000086e00000, 0x0000000086e00000|100%| O|  |TAMS 0x0000000086d00000| PB 0x0000000086d00000| Untracked 
| 110|0x0000000086e00000, 0x0000000086f00000, 0x0000000086f00000|100%| O|  |TAMS 0x0000000086e00000| PB 0x0000000086e00000| Untracked 
| 111|0x0000000086f00000, 0x0000000087000000, 0x0000000087000000|100%| O|  |TAMS 0x0000000086f00000| PB 0x0000000086f00000| Untracked 
| 112|0x0000000087000000, 0x0000000087100000, 0x0000000087100000|100%| O|  |TAMS 0x0000000087000000| PB 0x0000000087000000| Untracked 
| 113|0x0000000087100000, 0x0000000087200000, 0x0000000087200000|100%| O|  |TAMS 0x0000000087100000| PB 0x0000000087100000| Untracked 
| 114|0x0000000087200000, 0x0000000087300000, 0x0000000087300000|100%| O|  |TAMS 0x0000000087200000| PB 0x0000000087200000| Untracked 
| 115|0x0000000087300000, 0x0000000087400000, 0x0000000087400000|100%| O|  |TAMS 0x0000000087300000| PB 0x0000000087300000| Untracked 
| 116|0x0000000087400000, 0x0000000087500000, 0x0000000087500000|100%| O|  |TAMS 0x0000000087400000| PB 0x0000000087400000| Untracked 
| 117|0x0000000087500000, 0x0000000087600000, 0x0000000087600000|100%| O|  |TAMS 0x0000000087500000| PB 0x0000000087500000| Untracked 
| 118|0x0000000087600000, 0x0000000087700000, 0x0000000087700000|100%| O|  |TAMS 0x0000000087600000| PB 0x0000000087600000| Untracked 
| 119|0x0000000087700000, 0x0000000087800000, 0x0000000087800000|100%| O|  |TAMS 0x0000000087700000| PB 0x0000000087700000| Untracked 
| 120|0x0000000087800000, 0x0000000087900000, 0x0000000087900000|100%| O|  |TAMS 0x0000000087800000| PB 0x0000000087800000| Untracked 
| 121|0x0000000087900000, 0x0000000087a00000, 0x0000000087a00000|100%|HS|  |TAMS 0x0000000087900000| PB 0x0000000087900000| Complete 
| 122|0x0000000087a00000, 0x0000000087b00000, 0x0000000087b00000|100%| O|  |TAMS 0x0000000087a00000| PB 0x0000000087a00000| Untracked 
| 123|0x0000000087b00000, 0x0000000087c00000, 0x0000000087c00000|100%| O|  |TAMS 0x0000000087b00000| PB 0x0000000087b00000| Untracked 
| 124|0x0000000087c00000, 0x0000000087d00000, 0x0000000087d00000|100%| O|  |TAMS 0x0000000087c00000| PB 0x0000000087c00000| Untracked 
| 125|0x0000000087d00000, 0x0000000087e00000, 0x0000000087e00000|100%| O|  |TAMS 0x0000000087d00000| PB 0x0000000087d00000| Untracked 
| 126|0x0000000087e00000, 0x0000000087f00000, 0x0000000087f00000|100%| O|  |TAMS 0x0000000087e00000| PB 0x0000000087e00000| Untracked 
| 127|0x0000000087f00000, 0x0000000088000000, 0x0000000088000000|100%| O|  |TAMS 0x0000000087f00000| PB 0x0000000087f00000| Untracked 
| 128|0x0000000088000000, 0x0000000088100000, 0x0000000088100000|100%| O|  |TAMS 0x0000000088000000| PB 0x0000000088000000| Untracked 
| 129|0x0000000088100000, 0x0000000088200000, 0x0000000088200000|100%| O|  |TAMS 0x0000000088100000| PB 0x0000000088100000| Untracked 
| 130|0x0000000088200000, 0x0000000088300000, 0x0000000088300000|100%| O|  |TAMS 0x0000000088200000| PB 0x0000000088200000| Untracked 
| 131|0x0000000088300000, 0x0000000088400000, 0x0000000088400000|100%| O|  |TAMS 0x0000000088300000| PB 0x0000000088300000| Untracked 
| 132|0x0000000088400000, 0x0000000088500000, 0x0000000088500000|100%|HS|  |TAMS 0x0000000088400000| PB 0x0000000088400000| Complete 
| 133|0x0000000088500000, 0x0000000088600000, 0x0000000088600000|100%| O|  |TAMS 0x0000000088500000| PB 0x0000000088500000| Untracked 
| 134|0x0000000088600000, 0x0000000088700000, 0x0000000088700000|100%| O|  |TAMS 0x0000000088600000| PB 0x0000000088600000| Untracked 
| 135|0x0000000088700000, 0x0000000088800000, 0x0000000088800000|100%| O|  |TAMS 0x0000000088700000| PB 0x0000000088700000| Untracked 
| 136|0x0000000088800000, 0x0000000088900000, 0x0000000088900000|100%| O|  |TAMS 0x0000000088800000| PB 0x0000000088800000| Untracked 
| 137|0x0000000088900000, 0x0000000088a00000, 0x0000000088a00000|100%| O|  |TAMS 0x0000000088900000| PB 0x0000000088900000| Untracked 
| 138|0x0000000088a00000, 0x0000000088b00000, 0x0000000088b00000|100%| O|  |TAMS 0x0000000088a00000| PB 0x0000000088a00000| Untracked 
| 139|0x0000000088b00000, 0x0000000088b00000, 0x0000000088c00000|  0%| F|  |TAMS 0x0000000088b00000| PB 0x0000000088b00000| Untracked 
| 140|0x0000000088c00000, 0x0000000088d00000, 0x0000000088d00000|100%| O|  |TAMS 0x0000000088c00000| PB 0x0000000088c00000| Untracked 
| 141|0x0000000088d00000, 0x0000000088e00000, 0x0000000088e00000|100%| O|  |TAMS 0x0000000088d00000| PB 0x0000000088d00000| Untracked 
| 142|0x0000000088e00000, 0x0000000088f00000, 0x0000000088f00000|100%| O|  |TAMS 0x0000000088e00000| PB 0x0000000088e00000| Untracked 
| 143|0x0000000088f00000, 0x0000000088f00000, 0x0000000089000000|  0%| F|  |TAMS 0x0000000088f00000| PB 0x0000000088f00000| Untracked 
| 144|0x0000000089000000, 0x0000000089100000, 0x0000000089100000|100%| O|  |TAMS 0x0000000089000000| PB 0x0000000089000000| Untracked 
| 145|0x0000000089100000, 0x0000000089200000, 0x0000000089200000|100%| O|  |TAMS 0x0000000089100000| PB 0x0000000089100000| Untracked 
| 146|0x0000000089200000, 0x0000000089300000, 0x0000000089300000|100%| O|  |TAMS 0x0000000089200000| PB 0x0000000089200000| Untracked 
| 147|0x0000000089300000, 0x0000000089400000, 0x0000000089400000|100%| O|  |TAMS 0x0000000089300000| PB 0x0000000089300000| Untracked 
| 148|0x0000000089400000, 0x0000000089500000, 0x0000000089500000|100%|HS|  |TAMS 0x0000000089400000| PB 0x0000000089400000| Complete 
| 149|0x0000000089500000, 0x0000000089600000, 0x0000000089600000|100%| O|  |TAMS 0x0000000089500000| PB 0x0000000089500000| Untracked 
| 150|0x0000000089600000, 0x0000000089700000, 0x0000000089700000|100%| O|  |TAMS 0x0000000089600000| PB 0x0000000089600000| Untracked 
| 151|0x0000000089700000, 0x0000000089800000, 0x0000000089800000|100%| O|  |TAMS 0x0000000089700000| PB 0x0000000089700000| Untracked 
| 152|0x0000000089800000, 0x0000000089900000, 0x0000000089900000|100%| O|  |TAMS 0x0000000089800000| PB 0x0000000089800000| Untracked 
| 153|0x0000000089900000, 0x0000000089a00000, 0x0000000089a00000|100%| O|  |TAMS 0x0000000089900000| PB 0x0000000089900000| Untracked 
| 154|0x0000000089a00000, 0x0000000089b00000, 0x0000000089b00000|100%| O|  |TAMS 0x0000000089a00000| PB 0x0000000089a00000| Untracked 
| 155|0x0000000089b00000, 0x0000000089c00000, 0x0000000089c00000|100%| O|  |TAMS 0x0000000089b00000| PB 0x0000000089b00000| Untracked 
| 156|0x0000000089c00000, 0x0000000089d00000, 0x0000000089d00000|100%| O|  |TAMS 0x0000000089c00000| PB 0x0000000089c00000| Untracked 
| 157|0x0000000089d00000, 0x0000000089e00000, 0x0000000089e00000|100%| O|  |TAMS 0x0000000089d00000| PB 0x0000000089d00000| Untracked 
| 158|0x0000000089e00000, 0x0000000089f00000, 0x0000000089f00000|100%| O|  |TAMS 0x0000000089e00000| PB 0x0000000089e00000| Untracked 
| 159|0x0000000089f00000, 0x000000008a000000, 0x000000008a000000|100%| O|  |TAMS 0x0000000089f00000| PB 0x0000000089f00000| Untracked 
| 160|0x000000008a000000, 0x000000008a100000, 0x000000008a100000|100%| O|  |TAMS 0x000000008a000000| PB 0x000000008a000000| Untracked 
| 161|0x000000008a100000, 0x000000008a200000, 0x000000008a200000|100%| O|  |TAMS 0x000000008a100000| PB 0x000000008a100000| Untracked 
| 162|0x000000008a200000, 0x000000008a300000, 0x000000008a300000|100%| O|  |TAMS 0x000000008a200000| PB 0x000000008a200000| Untracked 
| 163|0x000000008a300000, 0x000000008a400000, 0x000000008a400000|100%| O|  |TAMS 0x000000008a300000| PB 0x000000008a300000| Untracked 
| 164|0x000000008a400000, 0x000000008a500000, 0x000000008a500000|100%| O|  |TAMS 0x000000008a400000| PB 0x000000008a400000| Untracked 
| 165|0x000000008a500000, 0x000000008a600000, 0x000000008a600000|100%| O|  |TAMS 0x000000008a500000| PB 0x000000008a500000| Untracked 
| 166|0x000000008a600000, 0x000000008a700000, 0x000000008a700000|100%| O|  |TAMS 0x000000008a600000| PB 0x000000008a600000| Untracked 
| 167|0x000000008a700000, 0x000000008a800000, 0x000000008a800000|100%| O|  |TAMS 0x000000008a700000| PB 0x000000008a700000| Untracked 
| 168|0x000000008a800000, 0x000000008a900000, 0x000000008a900000|100%| O|  |TAMS 0x000000008a800000| PB 0x000000008a800000| Untracked 
| 169|0x000000008a900000, 0x000000008aa00000, 0x000000008aa00000|100%| O|  |TAMS 0x000000008a900000| PB 0x000000008a900000| Untracked 
| 170|0x000000008aa00000, 0x000000008ab00000, 0x000000008ab00000|100%| O|  |TAMS 0x000000008aa00000| PB 0x000000008aa00000| Untracked 
| 171|0x000000008ab00000, 0x000000008ac00000, 0x000000008ac00000|100%| O|  |TAMS 0x000000008ab00000| PB 0x000000008ab00000| Untracked 
| 172|0x000000008ac00000, 0x000000008ad00000, 0x000000008ad00000|100%| O|  |TAMS 0x000000008ac00000| PB 0x000000008ac00000| Untracked 
| 173|0x000000008ad00000, 0x000000008ae00000, 0x000000008ae00000|100%| O|  |TAMS 0x000000008ad00000| PB 0x000000008ad00000| Untracked 
| 174|0x000000008ae00000, 0x000000008af00000, 0x000000008af00000|100%| O|  |TAMS 0x000000008ae00000| PB 0x000000008ae00000| Untracked 
| 175|0x000000008af00000, 0x000000008b000000, 0x000000008b000000|100%| O|  |TAMS 0x000000008af00000| PB 0x000000008af00000| Untracked 
| 176|0x000000008b000000, 0x000000008b100000, 0x000000008b100000|100%| O|  |TAMS 0x000000008b000000| PB 0x000000008b000000| Untracked 
| 177|0x000000008b100000, 0x000000008b200000, 0x000000008b200000|100%| O|  |TAMS 0x000000008b100000| PB 0x000000008b100000| Untracked 
| 178|0x000000008b200000, 0x000000008b300000, 0x000000008b300000|100%| O|  |TAMS 0x000000008b200000| PB 0x000000008b200000| Untracked 
| 179|0x000000008b300000, 0x000000008b300000, 0x000000008b400000|  0%| F|  |TAMS 0x000000008b300000| PB 0x000000008b300000| Untracked 
| 180|0x000000008b400000, 0x000000008b500000, 0x000000008b500000|100%| O|  |TAMS 0x000000008b400000| PB 0x000000008b400000| Untracked 
| 181|0x000000008b500000, 0x000000008b600000, 0x000000008b600000|100%|HS|  |TAMS 0x000000008b500000| PB 0x000000008b500000| Complete 
| 182|0x000000008b600000, 0x000000008b700000, 0x000000008b700000|100%| O|  |TAMS 0x000000008b600000| PB 0x000000008b600000| Untracked 
| 183|0x000000008b700000, 0x000000008b800000, 0x000000008b800000|100%| O|  |TAMS 0x000000008b700000| PB 0x000000008b700000| Untracked 
| 184|0x000000008b800000, 0x000000008b900000, 0x000000008b900000|100%| O|  |TAMS 0x000000008b800000| PB 0x000000008b800000| Untracked 
| 185|0x000000008b900000, 0x000000008b900000, 0x000000008ba00000|  0%| F|  |TAMS 0x000000008b900000| PB 0x000000008b900000| Untracked 
| 186|0x000000008ba00000, 0x000000008ba06020, 0x000000008bb00000|  2%| O|  |TAMS 0x000000008ba00000| PB 0x000000008ba00000| Untracked 
| 187|0x000000008bb00000, 0x000000008bb00000, 0x000000008bc00000|  0%| F|  |TAMS 0x000000008bb00000| PB 0x000000008bb00000| Untracked 
| 188|0x000000008bc00000, 0x000000008bc00000, 0x000000008bd00000|  0%| F|  |TAMS 0x000000008bc00000| PB 0x000000008bc00000| Untracked 
| 189|0x000000008bd00000, 0x000000008bd00000, 0x000000008be00000|  0%| F|  |TAMS 0x000000008bd00000| PB 0x000000008bd00000| Untracked 
| 190|0x000000008be00000, 0x000000008be00000, 0x000000008bf00000|  0%| F|  |TAMS 0x000000008be00000| PB 0x000000008be00000| Untracked 
| 191|0x000000008bf00000, 0x000000008bf00000, 0x000000008c000000|  0%| F|  |TAMS 0x000000008bf00000| PB 0x000000008bf00000| Untracked 
| 192|0x000000008c000000, 0x000000008c000000, 0x000000008c100000|  0%| F|  |TAMS 0x000000008c000000| PB 0x000000008c000000| Untracked 
| 193|0x000000008c100000, 0x000000008c100000, 0x000000008c200000|  0%| F|  |TAMS 0x000000008c100000| PB 0x000000008c100000| Untracked 
| 194|0x000000008c200000, 0x000000008c200000, 0x000000008c300000|  0%| F|  |TAMS 0x000000008c200000| PB 0x000000008c200000| Untracked 
| 195|0x000000008c300000, 0x000000008c300000, 0x000000008c400000|  0%| F|  |TAMS 0x000000008c300000| PB 0x000000008c300000| Untracked 
| 196|0x000000008c400000, 0x000000008c400000, 0x000000008c500000|  0%| F|  |TAMS 0x000000008c400000| PB 0x000000008c400000| Untracked 
| 197|0x000000008c500000, 0x000000008c500000, 0x000000008c600000|  0%| F|  |TAMS 0x000000008c500000| PB 0x000000008c500000| Untracked 
| 198|0x000000008c600000, 0x000000008c600000, 0x000000008c700000|  0%| F|  |TAMS 0x000000008c600000| PB 0x000000008c600000| Untracked 
| 199|0x000000008c700000, 0x000000008c700000, 0x000000008c800000|  0%| F|  |TAMS 0x000000008c700000| PB 0x000000008c700000| Untracked 
| 200|0x000000008c800000, 0x000000008c800000, 0x000000008c900000|  0%| F|  |TAMS 0x000000008c800000| PB 0x000000008c800000| Untracked 
| 201|0x000000008c900000, 0x000000008c900000, 0x000000008ca00000|  0%| F|  |TAMS 0x000000008c900000| PB 0x000000008c900000| Untracked 
| 202|0x000000008ca00000, 0x000000008ca00000, 0x000000008cb00000|  0%| F|  |TAMS 0x000000008ca00000| PB 0x000000008ca00000| Untracked 
| 203|0x000000008cb00000, 0x000000008cb00000, 0x000000008cc00000|  0%| F|  |TAMS 0x000000008cb00000| PB 0x000000008cb00000| Untracked 
| 204|0x000000008cc00000, 0x000000008cc00000, 0x000000008cd00000|  0%| F|  |TAMS 0x000000008cc00000| PB 0x000000008cc00000| Untracked 
| 205|0x000000008cd00000, 0x000000008ce00000, 0x000000008ce00000|100%| S|CS|TAMS 0x000000008cd00000| PB 0x000000008cd00000| Complete 
| 206|0x000000008ce00000, 0x000000008cf00000, 0x000000008cf00000|100%| S|CS|TAMS 0x000000008ce00000| PB 0x000000008ce00000| Complete 
| 207|0x000000008cf00000, 0x000000008d000000, 0x000000008d000000|100%| S|CS|TAMS 0x000000008cf00000| PB 0x000000008cf00000| Complete 
| 208|0x000000008d000000, 0x000000008d000000, 0x000000008d100000|  0%| F|  |TAMS 0x000000008d000000| PB 0x000000008d000000| Untracked 
| 209|0x000000008d100000, 0x000000008d100000, 0x000000008d200000|  0%| F|  |TAMS 0x000000008d100000| PB 0x000000008d100000| Untracked 
| 210|0x000000008d200000, 0x000000008d200000, 0x000000008d300000|  0%| F|  |TAMS 0x000000008d200000| PB 0x000000008d200000| Untracked 
| 211|0x000000008d300000, 0x000000008d300000, 0x000000008d400000|  0%| F|  |TAMS 0x000000008d300000| PB 0x000000008d300000| Untracked 
| 212|0x000000008d400000, 0x000000008d400000, 0x000000008d500000|  0%| F|  |TAMS 0x000000008d400000| PB 0x000000008d400000| Untracked 
| 213|0x000000008d500000, 0x000000008d500000, 0x000000008d600000|  0%| F|  |TAMS 0x000000008d500000| PB 0x000000008d500000| Untracked 
| 214|0x000000008d600000, 0x000000008d600000, 0x000000008d700000|  0%| F|  |TAMS 0x000000008d600000| PB 0x000000008d600000| Untracked 
| 215|0x000000008d700000, 0x000000008d700000, 0x000000008d800000|  0%| F|  |TAMS 0x000000008d700000| PB 0x000000008d700000| Untracked 
| 216|0x000000008d800000, 0x000000008d800000, 0x000000008d900000|  0%| F|  |TAMS 0x000000008d800000| PB 0x000000008d800000| Untracked 
| 217|0x000000008d900000, 0x000000008d900000, 0x000000008da00000|  0%| F|  |TAMS 0x000000008d900000| PB 0x000000008d900000| Untracked 
| 218|0x000000008da00000, 0x000000008da00000, 0x000000008db00000|  0%| F|  |TAMS 0x000000008da00000| PB 0x000000008da00000| Untracked 
| 219|0x000000008db00000, 0x000000008dc00000, 0x000000008dc00000|100%| S|CS|TAMS 0x000000008db00000| PB 0x000000008db00000| Complete 
| 220|0x000000008dc00000, 0x000000008dd00000, 0x000000008dd00000|100%| S|CS|TAMS 0x000000008dc00000| PB 0x000000008dc00000| Complete 
| 221|0x000000008dd00000, 0x000000008de00000, 0x000000008de00000|100%| S|CS|TAMS 0x000000008dd00000| PB 0x000000008dd00000| Complete 
| 222|0x000000008de00000, 0x000000008df00000, 0x000000008df00000|100%| S|CS|TAMS 0x000000008de00000| PB 0x000000008de00000| Complete 
| 223|0x000000008df00000, 0x000000008e000000, 0x000000008e000000|100%| S|CS|TAMS 0x000000008df00000| PB 0x000000008df00000| Complete 
| 224|0x000000008e000000, 0x000000008e100000, 0x000000008e100000|100%| S|CS|TAMS 0x000000008e000000| PB 0x000000008e000000| Complete 
| 225|0x000000008e100000, 0x000000008e200000, 0x000000008e200000|100%| S|CS|TAMS 0x000000008e100000| PB 0x000000008e100000| Complete 
| 226|0x000000008e200000, 0x000000008e300000, 0x000000008e300000|100%| S|CS|TAMS 0x000000008e200000| PB 0x000000008e200000| Complete 
| 227|0x000000008e300000, 0x000000008e400000, 0x000000008e400000|100%| S|CS|TAMS 0x000000008e300000| PB 0x000000008e300000| Complete 
| 228|0x000000008e400000, 0x000000008e500000, 0x000000008e500000|100%| S|CS|TAMS 0x000000008e400000| PB 0x000000008e400000| Complete 
| 229|0x000000008e500000, 0x000000008e500000, 0x000000008e600000|  0%| F|  |TAMS 0x000000008e500000| PB 0x000000008e500000| Untracked 
| 230|0x000000008e600000, 0x000000008e600000, 0x000000008e700000|  0%| F|  |TAMS 0x000000008e600000| PB 0x000000008e600000| Untracked 
| 231|0x000000008e700000, 0x000000008e700000, 0x000000008e800000|  0%| F|  |TAMS 0x000000008e700000| PB 0x000000008e700000| Untracked 
| 232|0x000000008e800000, 0x000000008e800000, 0x000000008e900000|  0%| F|  |TAMS 0x000000008e800000| PB 0x000000008e800000| Untracked 
| 233|0x000000008e900000, 0x000000008ea00000, 0x000000008ea00000|100%| S|CS|TAMS 0x000000008e900000| PB 0x000000008e900000| Complete 
| 234|0x000000008ea00000, 0x000000008ea00000, 0x000000008eb00000|  0%| F|  |TAMS 0x000000008ea00000| PB 0x000000008ea00000| Untracked 
| 235|0x000000008eb00000, 0x000000008eb00000, 0x000000008ec00000|  0%| F|  |TAMS 0x000000008eb00000| PB 0x000000008eb00000| Untracked 
| 236|0x000000008ec00000, 0x000000008ec00000, 0x000000008ed00000|  0%| F|  |TAMS 0x000000008ec00000| PB 0x000000008ec00000| Untracked 
| 237|0x000000008ed00000, 0x000000008ee00000, 0x000000008ee00000|100%| S|CS|TAMS 0x000000008ed00000| PB 0x000000008ed00000| Complete 
| 238|0x000000008ee00000, 0x000000008ef00000, 0x000000008ef00000|100%| S|CS|TAMS 0x000000008ee00000| PB 0x000000008ee00000| Complete 
| 239|0x000000008ef00000, 0x000000008f000000, 0x000000008f000000|100%| S|CS|TAMS 0x000000008ef00000| PB 0x000000008ef00000| Complete 
| 240|0x000000008f000000, 0x000000008f100000, 0x000000008f100000|100%| S|CS|TAMS 0x000000008f000000| PB 0x000000008f000000| Complete 
| 241|0x000000008f100000, 0x000000008f200000, 0x000000008f200000|100%| S|CS|TAMS 0x000000008f100000| PB 0x000000008f100000| Complete 
| 242|0x000000008f200000, 0x000000008f300000, 0x000000008f300000|100%| S|CS|TAMS 0x000000008f200000| PB 0x000000008f200000| Complete 
| 243|0x000000008f300000, 0x000000008f400000, 0x000000008f400000|100%| S|CS|TAMS 0x000000008f300000| PB 0x000000008f300000| Complete 
| 244|0x000000008f400000, 0x000000008f500000, 0x000000008f500000|100%| S|CS|TAMS 0x000000008f400000| PB 0x000000008f400000| Complete 
| 245|0x000000008f500000, 0x000000008f500000, 0x000000008f600000|  0%| F|  |TAMS 0x000000008f500000| PB 0x000000008f500000| Untracked 
| 246|0x000000008f600000, 0x000000008f600000, 0x000000008f700000|  0%| F|  |TAMS 0x000000008f600000| PB 0x000000008f600000| Untracked 
| 247|0x000000008f700000, 0x000000008f700000, 0x000000008f800000|  0%| F|  |TAMS 0x000000008f700000| PB 0x000000008f700000| Untracked 
| 248|0x000000008f800000, 0x000000008f800000, 0x000000008f900000|  0%| F|  |TAMS 0x000000008f800000| PB 0x000000008f800000| Untracked 
| 249|0x000000008f900000, 0x000000008f900000, 0x000000008fa00000|  0%| F|  |TAMS 0x000000008f900000| PB 0x000000008f900000| Untracked 
| 250|0x000000008fa00000, 0x000000008fa00000, 0x000000008fb00000|  0%| F|  |TAMS 0x000000008fa00000| PB 0x000000008fa00000| Untracked 
| 251|0x000000008fb00000, 0x000000008fb00000, 0x000000008fc00000|  0%| F|  |TAMS 0x000000008fb00000| PB 0x000000008fb00000| Untracked 
| 252|0x000000008fc00000, 0x000000008fc00000, 0x000000008fd00000|  0%| F|  |TAMS 0x000000008fc00000| PB 0x000000008fc00000| Untracked 
| 253|0x000000008fd00000, 0x000000008fd00000, 0x000000008fe00000|  0%| F|  |TAMS 0x000000008fd00000| PB 0x000000008fd00000| Untracked 
| 254|0x000000008fe00000, 0x000000008fe00000, 0x000000008ff00000|  0%| F|  |TAMS 0x000000008fe00000| PB 0x000000008fe00000| Untracked 
| 255|0x000000008ff00000, 0x000000008ff00000, 0x0000000090000000|  0%| F|  |TAMS 0x000000008ff00000| PB 0x000000008ff00000| Untracked 
| 256|0x0000000090000000, 0x0000000090000000, 0x0000000090100000|  0%| F|  |TAMS 0x0000000090000000| PB 0x0000000090000000| Untracked 
| 257|0x0000000090100000, 0x0000000090100000, 0x0000000090200000|  0%| F|  |TAMS 0x0000000090100000| PB 0x0000000090100000| Untracked 
| 258|0x0000000090200000, 0x0000000090200000, 0x0000000090300000|  0%| F|  |TAMS 0x0000000090200000| PB 0x0000000090200000| Untracked 
| 259|0x0000000090300000, 0x0000000090300000, 0x0000000090400000|  0%| F|  |TAMS 0x0000000090300000| PB 0x0000000090300000| Untracked 
| 260|0x0000000090400000, 0x0000000090400000, 0x0000000090500000|  0%| F|  |TAMS 0x0000000090400000| PB 0x0000000090400000| Untracked 
| 261|0x0000000090500000, 0x0000000090500000, 0x0000000090600000|  0%| F|  |TAMS 0x0000000090500000| PB 0x0000000090500000| Untracked 
| 262|0x0000000090600000, 0x0000000090600000, 0x0000000090700000|  0%| F|  |TAMS 0x0000000090600000| PB 0x0000000090600000| Untracked 
| 263|0x0000000090700000, 0x0000000090700000, 0x0000000090800000|  0%| F|  |TAMS 0x0000000090700000| PB 0x0000000090700000| Untracked 
| 264|0x0000000090800000, 0x0000000090800000, 0x0000000090900000|  0%| F|  |TAMS 0x0000000090800000| PB 0x0000000090800000| Untracked 
| 265|0x0000000090900000, 0x0000000090900000, 0x0000000090a00000|  0%| F|  |TAMS 0x0000000090900000| PB 0x0000000090900000| Untracked 
| 266|0x0000000090a00000, 0x0000000090a00000, 0x0000000090b00000|  0%| F|  |TAMS 0x0000000090a00000| PB 0x0000000090a00000| Untracked 
| 267|0x0000000090b00000, 0x0000000090b00000, 0x0000000090c00000|  0%| F|  |TAMS 0x0000000090b00000| PB 0x0000000090b00000| Untracked 
| 268|0x0000000090c00000, 0x0000000090c00000, 0x0000000090d00000|  0%| F|  |TAMS 0x0000000090c00000| PB 0x0000000090c00000| Untracked 
| 269|0x0000000090d00000, 0x0000000090d00000, 0x0000000090e00000|  0%| F|  |TAMS 0x0000000090d00000| PB 0x0000000090d00000| Untracked 
| 270|0x0000000090e00000, 0x0000000090e00000, 0x0000000090f00000|  0%| F|  |TAMS 0x0000000090e00000| PB 0x0000000090e00000| Untracked 
| 271|0x0000000090f00000, 0x0000000090f00000, 0x0000000091000000|  0%| F|  |TAMS 0x0000000090f00000| PB 0x0000000090f00000| Untracked 
| 272|0x0000000091000000, 0x0000000091000000, 0x0000000091100000|  0%| F|  |TAMS 0x0000000091000000| PB 0x0000000091000000| Untracked 
| 273|0x0000000091100000, 0x0000000091100000, 0x0000000091200000|  0%| F|  |TAMS 0x0000000091100000| PB 0x0000000091100000| Untracked 
| 274|0x0000000091200000, 0x0000000091200000, 0x0000000091300000|  0%| F|  |TAMS 0x0000000091200000| PB 0x0000000091200000| Untracked 
| 275|0x0000000091300000, 0x0000000091300000, 0x0000000091400000|  0%| F|  |TAMS 0x0000000091300000| PB 0x0000000091300000| Untracked 
| 276|0x0000000091400000, 0x0000000091400000, 0x0000000091500000|  0%| F|  |TAMS 0x0000000091400000| PB 0x0000000091400000| Untracked 
| 277|0x0000000091500000, 0x0000000091500000, 0x0000000091600000|  0%| F|  |TAMS 0x0000000091500000| PB 0x0000000091500000| Untracked 
| 278|0x0000000091600000, 0x0000000091600000, 0x0000000091700000|  0%| F|  |TAMS 0x0000000091600000| PB 0x0000000091600000| Untracked 
| 279|0x0000000091700000, 0x0000000091700000, 0x0000000091800000|  0%| F|  |TAMS 0x0000000091700000| PB 0x0000000091700000| Untracked 
| 280|0x0000000091800000, 0x0000000091800000, 0x0000000091900000|  0%| F|  |TAMS 0x0000000091800000| PB 0x0000000091800000| Untracked 
| 281|0x0000000091900000, 0x0000000091900000, 0x0000000091a00000|  0%| F|  |TAMS 0x0000000091900000| PB 0x0000000091900000| Untracked 
| 282|0x0000000091a00000, 0x0000000091a00000, 0x0000000091b00000|  0%| F|  |TAMS 0x0000000091a00000| PB 0x0000000091a00000| Untracked 
| 283|0x0000000091b00000, 0x0000000091b00000, 0x0000000091c00000|  0%| F|  |TAMS 0x0000000091b00000| PB 0x0000000091b00000| Untracked 
| 284|0x0000000091c00000, 0x0000000091c00000, 0x0000000091d00000|  0%| F|  |TAMS 0x0000000091c00000| PB 0x0000000091c00000| Untracked 
| 285|0x0000000091d00000, 0x0000000091d00000, 0x0000000091e00000|  0%| F|  |TAMS 0x0000000091d00000| PB 0x0000000091d00000| Untracked 
| 286|0x0000000091e00000, 0x0000000091e00000, 0x0000000091f00000|  0%| F|  |TAMS 0x0000000091e00000| PB 0x0000000091e00000| Untracked 
| 287|0x0000000091f00000, 0x0000000091f00000, 0x0000000092000000|  0%| F|  |TAMS 0x0000000091f00000| PB 0x0000000091f00000| Untracked 
| 288|0x0000000092000000, 0x0000000092000000, 0x0000000092100000|  0%| F|  |TAMS 0x0000000092000000| PB 0x0000000092000000| Untracked 
| 289|0x0000000092100000, 0x0000000092100000, 0x0000000092200000|  0%| F|  |TAMS 0x0000000092100000| PB 0x0000000092100000| Untracked 
| 290|0x0000000092200000, 0x0000000092200000, 0x0000000092300000|  0%| F|  |TAMS 0x0000000092200000| PB 0x0000000092200000| Untracked 
| 291|0x0000000092300000, 0x0000000092300000, 0x0000000092400000|  0%| F|  |TAMS 0x0000000092300000| PB 0x0000000092300000| Untracked 
| 292|0x0000000092400000, 0x0000000092400000, 0x0000000092500000|  0%| F|  |TAMS 0x0000000092400000| PB 0x0000000092400000| Untracked 
| 293|0x0000000092500000, 0x0000000092500000, 0x0000000092600000|  0%| F|  |TAMS 0x0000000092500000| PB 0x0000000092500000| Untracked 
| 294|0x0000000092600000, 0x0000000092600000, 0x0000000092700000|  0%| F|  |TAMS 0x0000000092600000| PB 0x0000000092600000| Untracked 
| 295|0x0000000092700000, 0x0000000092700000, 0x0000000092800000|  0%| F|  |TAMS 0x0000000092700000| PB 0x0000000092700000| Untracked 
| 296|0x0000000092800000, 0x0000000092800000, 0x0000000092900000|  0%| F|  |TAMS 0x0000000092800000| PB 0x0000000092800000| Untracked 
| 297|0x0000000092900000, 0x0000000092900000, 0x0000000092a00000|  0%| F|  |TAMS 0x0000000092900000| PB 0x0000000092900000| Untracked 
| 298|0x0000000092a00000, 0x0000000092a00000, 0x0000000092b00000|  0%| F|  |TAMS 0x0000000092a00000| PB 0x0000000092a00000| Untracked 
| 299|0x0000000092b00000, 0x0000000092b00000, 0x0000000092c00000|  0%| F|  |TAMS 0x0000000092b00000| PB 0x0000000092b00000| Untracked 
| 300|0x0000000092c00000, 0x0000000092c00000, 0x0000000092d00000|  0%| F|  |TAMS 0x0000000092c00000| PB 0x0000000092c00000| Untracked 
| 301|0x0000000092d00000, 0x0000000092d00000, 0x0000000092e00000|  0%| F|  |TAMS 0x0000000092d00000| PB 0x0000000092d00000| Untracked 
| 302|0x0000000092e00000, 0x0000000092e00000, 0x0000000092f00000|  0%| F|  |TAMS 0x0000000092e00000| PB 0x0000000092e00000| Untracked 
| 303|0x0000000092f00000, 0x0000000092f00000, 0x0000000093000000|  0%| F|  |TAMS 0x0000000092f00000| PB 0x0000000092f00000| Untracked 
| 304|0x0000000093000000, 0x0000000093000000, 0x0000000093100000|  0%| F|  |TAMS 0x0000000093000000| PB 0x0000000093000000| Untracked 
| 305|0x0000000093100000, 0x0000000093100000, 0x0000000093200000|  0%| F|  |TAMS 0x0000000093100000| PB 0x0000000093100000| Untracked 
| 306|0x0000000093200000, 0x0000000093200000, 0x0000000093300000|  0%| F|  |TAMS 0x0000000093200000| PB 0x0000000093200000| Untracked 
| 307|0x0000000093300000, 0x0000000093300000, 0x0000000093400000|  0%| F|  |TAMS 0x0000000093300000| PB 0x0000000093300000| Untracked 
| 308|0x0000000093400000, 0x0000000093400000, 0x0000000093500000|  0%| F|  |TAMS 0x0000000093400000| PB 0x0000000093400000| Untracked 
| 309|0x0000000093500000, 0x0000000093500000, 0x0000000093600000|  0%| F|  |TAMS 0x0000000093500000| PB 0x0000000093500000| Untracked 
| 310|0x0000000093600000, 0x0000000093600000, 0x0000000093700000|  0%| F|  |TAMS 0x0000000093600000| PB 0x0000000093600000| Untracked 
| 311|0x0000000093700000, 0x0000000093700000, 0x0000000093800000|  0%| F|  |TAMS 0x0000000093700000| PB 0x0000000093700000| Untracked 
| 312|0x0000000093800000, 0x0000000093800000, 0x0000000093900000|  0%| F|  |TAMS 0x0000000093800000| PB 0x0000000093800000| Untracked 
| 313|0x0000000093900000, 0x0000000093900000, 0x0000000093a00000|  0%| F|  |TAMS 0x0000000093900000| PB 0x0000000093900000| Untracked 
| 314|0x0000000093a00000, 0x0000000093a00000, 0x0000000093b00000|  0%| F|  |TAMS 0x0000000093a00000| PB 0x0000000093a00000| Untracked 
| 315|0x0000000093b00000, 0x0000000093b00000, 0x0000000093c00000|  0%| F|  |TAMS 0x0000000093b00000| PB 0x0000000093b00000| Untracked 
| 316|0x0000000093c00000, 0x0000000093c00000, 0x0000000093d00000|  0%| F|  |TAMS 0x0000000093c00000| PB 0x0000000093c00000| Untracked 
| 317|0x0000000093d00000, 0x0000000093d00000, 0x0000000093e00000|  0%| F|  |TAMS 0x0000000093d00000| PB 0x0000000093d00000| Untracked 
| 318|0x0000000093e00000, 0x0000000093e00000, 0x0000000093f00000|  0%| F|  |TAMS 0x0000000093e00000| PB 0x0000000093e00000| Untracked 
| 319|0x0000000093f00000, 0x0000000093f00000, 0x0000000094000000|  0%| F|  |TAMS 0x0000000093f00000| PB 0x0000000093f00000| Untracked 
| 320|0x0000000094000000, 0x0000000094000000, 0x0000000094100000|  0%| F|  |TAMS 0x0000000094000000| PB 0x0000000094000000| Untracked 
| 321|0x0000000094100000, 0x0000000094100000, 0x0000000094200000|  0%| F|  |TAMS 0x0000000094100000| PB 0x0000000094100000| Untracked 
| 322|0x0000000094200000, 0x0000000094200000, 0x0000000094300000|  0%| F|  |TAMS 0x0000000094200000| PB 0x0000000094200000| Untracked 
| 323|0x0000000094300000, 0x0000000094300000, 0x0000000094400000|  0%| F|  |TAMS 0x0000000094300000| PB 0x0000000094300000| Untracked 
| 324|0x0000000094400000, 0x0000000094400000, 0x0000000094500000|  0%| F|  |TAMS 0x0000000094400000| PB 0x0000000094400000| Untracked 
| 325|0x0000000094500000, 0x0000000094500000, 0x0000000094600000|  0%| F|  |TAMS 0x0000000094500000| PB 0x0000000094500000| Untracked 
| 326|0x0000000094600000, 0x0000000094600000, 0x0000000094700000|  0%| F|  |TAMS 0x0000000094600000| PB 0x0000000094600000| Untracked 
| 327|0x0000000094700000, 0x0000000094700000, 0x0000000094800000|  0%| F|  |TAMS 0x0000000094700000| PB 0x0000000094700000| Untracked 
| 328|0x0000000094800000, 0x0000000094800000, 0x0000000094900000|  0%| F|  |TAMS 0x0000000094800000| PB 0x0000000094800000| Untracked 
| 329|0x0000000094900000, 0x0000000094900000, 0x0000000094a00000|  0%| F|  |TAMS 0x0000000094900000| PB 0x0000000094900000| Untracked 
| 330|0x0000000094a00000, 0x0000000094a00000, 0x0000000094b00000|  0%| F|  |TAMS 0x0000000094a00000| PB 0x0000000094a00000| Untracked 
| 331|0x0000000094b00000, 0x0000000094b00000, 0x0000000094c00000|  0%| F|  |TAMS 0x0000000094b00000| PB 0x0000000094b00000| Untracked 
| 332|0x0000000094c00000, 0x0000000094c00000, 0x0000000094d00000|  0%| F|  |TAMS 0x0000000094c00000| PB 0x0000000094c00000| Untracked 
| 333|0x0000000094d00000, 0x0000000094d00000, 0x0000000094e00000|  0%| F|  |TAMS 0x0000000094d00000| PB 0x0000000094d00000| Untracked 
| 334|0x0000000094e00000, 0x0000000094e00000, 0x0000000094f00000|  0%| F|  |TAMS 0x0000000094e00000| PB 0x0000000094e00000| Untracked 
| 335|0x0000000094f00000, 0x0000000094f00000, 0x0000000095000000|  0%| F|  |TAMS 0x0000000094f00000| PB 0x0000000094f00000| Untracked 
| 336|0x0000000095000000, 0x0000000095000000, 0x0000000095100000|  0%| F|  |TAMS 0x0000000095000000| PB 0x0000000095000000| Untracked 
| 337|0x0000000095100000, 0x0000000095100000, 0x0000000095200000|  0%| F|  |TAMS 0x0000000095100000| PB 0x0000000095100000| Untracked 
| 338|0x0000000095200000, 0x0000000095200000, 0x0000000095300000|  0%| F|  |TAMS 0x0000000095200000| PB 0x0000000095200000| Untracked 
| 339|0x0000000095300000, 0x0000000095300000, 0x0000000095400000|  0%| F|  |TAMS 0x0000000095300000| PB 0x0000000095300000| Untracked 
| 340|0x0000000095400000, 0x0000000095400000, 0x0000000095500000|  0%| F|  |TAMS 0x0000000095400000| PB 0x0000000095400000| Untracked 
| 341|0x0000000095500000, 0x0000000095500000, 0x0000000095600000|  0%| F|  |TAMS 0x0000000095500000| PB 0x0000000095500000| Untracked 
| 342|0x0000000095600000, 0x0000000095600000, 0x0000000095700000|  0%| F|  |TAMS 0x0000000095600000| PB 0x0000000095600000| Untracked 
| 343|0x0000000095700000, 0x0000000095700000, 0x0000000095800000|  0%| F|  |TAMS 0x0000000095700000| PB 0x0000000095700000| Untracked 
| 344|0x0000000095800000, 0x0000000095800000, 0x0000000095900000|  0%| F|  |TAMS 0x0000000095800000| PB 0x0000000095800000| Untracked 
| 345|0x0000000095900000, 0x0000000095900000, 0x0000000095a00000|  0%| F|  |TAMS 0x0000000095900000| PB 0x0000000095900000| Untracked 
| 346|0x0000000095a00000, 0x0000000095a00000, 0x0000000095b00000|  0%| F|  |TAMS 0x0000000095a00000| PB 0x0000000095a00000| Untracked 
| 347|0x0000000095b00000, 0x0000000095b00000, 0x0000000095c00000|  0%| F|  |TAMS 0x0000000095b00000| PB 0x0000000095b00000| Untracked 
| 348|0x0000000095c00000, 0x0000000095c00000, 0x0000000095d00000|  0%| F|  |TAMS 0x0000000095c00000| PB 0x0000000095c00000| Untracked 
| 349|0x0000000095d00000, 0x0000000095d00000, 0x0000000095e00000|  0%| F|  |TAMS 0x0000000095d00000| PB 0x0000000095d00000| Untracked 
| 350|0x0000000095e00000, 0x0000000095e00000, 0x0000000095f00000|  0%| F|  |TAMS 0x0000000095e00000| PB 0x0000000095e00000| Untracked 
| 351|0x0000000095f00000, 0x0000000095f00000, 0x0000000096000000|  0%| F|  |TAMS 0x0000000095f00000| PB 0x0000000095f00000| Untracked 
| 352|0x0000000096000000, 0x0000000096000000, 0x0000000096100000|  0%| F|  |TAMS 0x0000000096000000| PB 0x0000000096000000| Untracked 
| 353|0x0000000096100000, 0x0000000096100000, 0x0000000096200000|  0%| F|  |TAMS 0x0000000096100000| PB 0x0000000096100000| Untracked 
| 354|0x0000000096200000, 0x0000000096200000, 0x0000000096300000|  0%| F|  |TAMS 0x0000000096200000| PB 0x0000000096200000| Untracked 
| 355|0x0000000096300000, 0x0000000096300000, 0x0000000096400000|  0%| F|  |TAMS 0x0000000096300000| PB 0x0000000096300000| Untracked 
| 356|0x0000000096400000, 0x0000000096400000, 0x0000000096500000|  0%| F|  |TAMS 0x0000000096400000| PB 0x0000000096400000| Untracked 
| 357|0x0000000096500000, 0x0000000096500000, 0x0000000096600000|  0%| F|  |TAMS 0x0000000096500000| PB 0x0000000096500000| Untracked 
| 358|0x0000000096600000, 0x0000000096600000, 0x0000000096700000|  0%| F|  |TAMS 0x0000000096600000| PB 0x0000000096600000| Untracked 
| 359|0x0000000096700000, 0x0000000096700000, 0x0000000096800000|  0%| F|  |TAMS 0x0000000096700000| PB 0x0000000096700000| Untracked 
| 360|0x0000000096800000, 0x0000000096800000, 0x0000000096900000|  0%| F|  |TAMS 0x0000000096800000| PB 0x0000000096800000| Untracked 
| 361|0x0000000096900000, 0x0000000096900000, 0x0000000096a00000|  0%| F|  |TAMS 0x0000000096900000| PB 0x0000000096900000| Untracked 
| 362|0x0000000096a00000, 0x0000000096a00000, 0x0000000096b00000|  0%| F|  |TAMS 0x0000000096a00000| PB 0x0000000096a00000| Untracked 
| 363|0x0000000096b00000, 0x0000000096b00000, 0x0000000096c00000|  0%| F|  |TAMS 0x0000000096b00000| PB 0x0000000096b00000| Untracked 
| 364|0x0000000096c00000, 0x0000000096c00000, 0x0000000096d00000|  0%| F|  |TAMS 0x0000000096c00000| PB 0x0000000096c00000| Untracked 
| 365|0x0000000096d00000, 0x0000000096d00000, 0x0000000096e00000|  0%| F|  |TAMS 0x0000000096d00000| PB 0x0000000096d00000| Untracked 
| 366|0x0000000096e00000, 0x0000000096e00000, 0x0000000096f00000|  0%| F|  |TAMS 0x0000000096e00000| PB 0x0000000096e00000| Untracked 
| 367|0x0000000096f00000, 0x0000000096f00000, 0x0000000097000000|  0%| F|  |TAMS 0x0000000096f00000| PB 0x0000000096f00000| Untracked 
| 368|0x0000000097000000, 0x0000000097000000, 0x0000000097100000|  0%| F|  |TAMS 0x0000000097000000| PB 0x0000000097000000| Untracked 
| 369|0x0000000097100000, 0x0000000097100000, 0x0000000097200000|  0%| F|  |TAMS 0x0000000097100000| PB 0x0000000097100000| Untracked 
| 370|0x0000000097200000, 0x0000000097200000, 0x0000000097300000|  0%| F|  |TAMS 0x0000000097200000| PB 0x0000000097200000| Untracked 
| 371|0x0000000097300000, 0x0000000097300000, 0x0000000097400000|  0%| F|  |TAMS 0x0000000097300000| PB 0x0000000097300000| Untracked 
| 372|0x0000000097400000, 0x0000000097400000, 0x0000000097500000|  0%| F|  |TAMS 0x0000000097400000| PB 0x0000000097400000| Untracked 
| 373|0x0000000097500000, 0x0000000097500000, 0x0000000097600000|  0%| F|  |TAMS 0x0000000097500000| PB 0x0000000097500000| Untracked 
| 374|0x0000000097600000, 0x0000000097600000, 0x0000000097700000|  0%| F|  |TAMS 0x0000000097600000| PB 0x0000000097600000| Untracked 
| 375|0x0000000097700000, 0x0000000097700000, 0x0000000097800000|  0%| F|  |TAMS 0x0000000097700000| PB 0x0000000097700000| Untracked 
| 376|0x0000000097800000, 0x0000000097800000, 0x0000000097900000|  0%| F|  |TAMS 0x0000000097800000| PB 0x0000000097800000| Untracked 
| 377|0x0000000097900000, 0x0000000097900000, 0x0000000097a00000|  0%| F|  |TAMS 0x0000000097900000| PB 0x0000000097900000| Untracked 
| 378|0x0000000097a00000, 0x0000000097a00000, 0x0000000097b00000|  0%| F|  |TAMS 0x0000000097a00000| PB 0x0000000097a00000| Untracked 
| 379|0x0000000097b00000, 0x0000000097b00000, 0x0000000097c00000|  0%| F|  |TAMS 0x0000000097b00000| PB 0x0000000097b00000| Untracked 
| 380|0x0000000097c00000, 0x0000000097c00000, 0x0000000097d00000|  0%| F|  |TAMS 0x0000000097c00000| PB 0x0000000097c00000| Untracked 
| 381|0x0000000097d00000, 0x0000000097d00000, 0x0000000097e00000|  0%| F|  |TAMS 0x0000000097d00000| PB 0x0000000097d00000| Untracked 
| 382|0x0000000097e00000, 0x0000000097e00000, 0x0000000097f00000|  0%| F|  |TAMS 0x0000000097e00000| PB 0x0000000097e00000| Untracked 
| 383|0x0000000097f00000, 0x0000000097f00000, 0x0000000098000000|  0%| F|  |TAMS 0x0000000097f00000| PB 0x0000000097f00000| Untracked 
| 384|0x0000000098000000, 0x0000000098000000, 0x0000000098100000|  0%| F|  |TAMS 0x0000000098000000| PB 0x0000000098000000| Untracked 
| 385|0x0000000098100000, 0x0000000098100000, 0x0000000098200000|  0%| F|  |TAMS 0x0000000098100000| PB 0x0000000098100000| Untracked 
| 386|0x0000000098200000, 0x0000000098200000, 0x0000000098300000|  0%| F|  |TAMS 0x0000000098200000| PB 0x0000000098200000| Untracked 
| 387|0x0000000098300000, 0x0000000098300000, 0x0000000098400000|  0%| F|  |TAMS 0x0000000098300000| PB 0x0000000098300000| Untracked 
| 388|0x0000000098400000, 0x0000000098400000, 0x0000000098500000|  0%| F|  |TAMS 0x0000000098400000| PB 0x0000000098400000| Untracked 
| 389|0x0000000098500000, 0x0000000098500000, 0x0000000098600000|  0%| F|  |TAMS 0x0000000098500000| PB 0x0000000098500000| Untracked 
| 390|0x0000000098600000, 0x0000000098600000, 0x0000000098700000|  0%| F|  |TAMS 0x0000000098600000| PB 0x0000000098600000| Untracked 
| 391|0x0000000098700000, 0x0000000098700000, 0x0000000098800000|  0%| F|  |TAMS 0x0000000098700000| PB 0x0000000098700000| Untracked 
| 392|0x0000000098800000, 0x0000000098800000, 0x0000000098900000|  0%| F|  |TAMS 0x0000000098800000| PB 0x0000000098800000| Untracked 
| 393|0x0000000098900000, 0x0000000098900000, 0x0000000098a00000|  0%| F|  |TAMS 0x0000000098900000| PB 0x0000000098900000| Untracked 
| 394|0x0000000098a00000, 0x0000000098a00000, 0x0000000098b00000|  0%| F|  |TAMS 0x0000000098a00000| PB 0x0000000098a00000| Untracked 
| 395|0x0000000098b00000, 0x0000000098b00000, 0x0000000098c00000|  0%| F|  |TAMS 0x0000000098b00000| PB 0x0000000098b00000| Untracked 
| 396|0x0000000098c00000, 0x0000000098c00000, 0x0000000098d00000|  0%| F|  |TAMS 0x0000000098c00000| PB 0x0000000098c00000| Untracked 
| 397|0x0000000098d00000, 0x0000000098d00000, 0x0000000098e00000|  0%| F|  |TAMS 0x0000000098d00000| PB 0x0000000098d00000| Untracked 
| 398|0x0000000098e00000, 0x0000000098e00000, 0x0000000098f00000|  0%| F|  |TAMS 0x0000000098e00000| PB 0x0000000098e00000| Untracked 
| 399|0x0000000098f00000, 0x0000000098f00000, 0x0000000099000000|  0%| F|  |TAMS 0x0000000098f00000| PB 0x0000000098f00000| Untracked 
| 400|0x0000000099000000, 0x0000000099000000, 0x0000000099100000|  0%| F|  |TAMS 0x0000000099000000| PB 0x0000000099000000| Untracked 
| 401|0x0000000099100000, 0x0000000099100000, 0x0000000099200000|  0%| F|  |TAMS 0x0000000099100000| PB 0x0000000099100000| Untracked 
| 402|0x0000000099200000, 0x0000000099200000, 0x0000000099300000|  0%| F|  |TAMS 0x0000000099200000| PB 0x0000000099200000| Untracked 
| 403|0x0000000099300000, 0x0000000099300000, 0x0000000099400000|  0%| F|  |TAMS 0x0000000099300000| PB 0x0000000099300000| Untracked 
| 404|0x0000000099400000, 0x0000000099400000, 0x0000000099500000|  0%| F|  |TAMS 0x0000000099400000| PB 0x0000000099400000| Untracked 
| 405|0x0000000099500000, 0x0000000099500000, 0x0000000099600000|  0%| F|  |TAMS 0x0000000099500000| PB 0x0000000099500000| Untracked 
| 406|0x0000000099600000, 0x0000000099600000, 0x0000000099700000|  0%| F|  |TAMS 0x0000000099600000| PB 0x0000000099600000| Untracked 
| 407|0x0000000099700000, 0x0000000099700000, 0x0000000099800000|  0%| F|  |TAMS 0x0000000099700000| PB 0x0000000099700000| Untracked 
| 408|0x0000000099800000, 0x0000000099800000, 0x0000000099900000|  0%| F|  |TAMS 0x0000000099800000| PB 0x0000000099800000| Untracked 
| 409|0x0000000099900000, 0x0000000099900000, 0x0000000099a00000|  0%| F|  |TAMS 0x0000000099900000| PB 0x0000000099900000| Untracked 
| 410|0x0000000099a00000, 0x0000000099a00000, 0x0000000099b00000|  0%| F|  |TAMS 0x0000000099a00000| PB 0x0000000099a00000| Untracked 
| 411|0x0000000099b00000, 0x0000000099b00000, 0x0000000099c00000|  0%| F|  |TAMS 0x0000000099b00000| PB 0x0000000099b00000| Untracked 
| 412|0x0000000099c00000, 0x0000000099c00000, 0x0000000099d00000|  0%| F|  |TAMS 0x0000000099c00000| PB 0x0000000099c00000| Untracked 
| 413|0x0000000099d00000, 0x0000000099d00000, 0x0000000099e00000|  0%| F|  |TAMS 0x0000000099d00000| PB 0x0000000099d00000| Untracked 
| 414|0x0000000099e00000, 0x0000000099e00000, 0x0000000099f00000|  0%| F|  |TAMS 0x0000000099e00000| PB 0x0000000099e00000| Untracked 
| 415|0x0000000099f00000, 0x0000000099f00000, 0x000000009a000000|  0%| F|  |TAMS 0x0000000099f00000| PB 0x0000000099f00000| Untracked 
| 416|0x000000009a000000, 0x000000009a000000, 0x000000009a100000|  0%| F|  |TAMS 0x000000009a000000| PB 0x000000009a000000| Untracked 
| 417|0x000000009a100000, 0x000000009a100000, 0x000000009a200000|  0%| F|  |TAMS 0x000000009a100000| PB 0x000000009a100000| Untracked 
| 418|0x000000009a200000, 0x000000009a200000, 0x000000009a300000|  0%| F|  |TAMS 0x000000009a200000| PB 0x000000009a200000| Untracked 
| 419|0x000000009a300000, 0x000000009a300000, 0x000000009a400000|  0%| F|  |TAMS 0x000000009a300000| PB 0x000000009a300000| Untracked 
| 420|0x000000009a400000, 0x000000009a400000, 0x000000009a500000|  0%| F|  |TAMS 0x000000009a400000| PB 0x000000009a400000| Untracked 
| 421|0x000000009a500000, 0x000000009a500000, 0x000000009a600000|  0%| F|  |TAMS 0x000000009a500000| PB 0x000000009a500000| Untracked 
| 422|0x000000009a600000, 0x000000009a600000, 0x000000009a700000|  0%| F|  |TAMS 0x000000009a600000| PB 0x000000009a600000| Untracked 
| 423|0x000000009a700000, 0x000000009a700000, 0x000000009a800000|  0%| F|  |TAMS 0x000000009a700000| PB 0x000000009a700000| Untracked 
| 424|0x000000009a800000, 0x000000009a800000, 0x000000009a900000|  0%| F|  |TAMS 0x000000009a800000| PB 0x000000009a800000| Untracked 
| 425|0x000000009a900000, 0x000000009a900000, 0x000000009aa00000|  0%| F|  |TAMS 0x000000009a900000| PB 0x000000009a900000| Untracked 
| 426|0x000000009aa00000, 0x000000009aa00000, 0x000000009ab00000|  0%| F|  |TAMS 0x000000009aa00000| PB 0x000000009aa00000| Untracked 
| 427|0x000000009ab00000, 0x000000009ab00000, 0x000000009ac00000|  0%| F|  |TAMS 0x000000009ab00000| PB 0x000000009ab00000| Untracked 
| 428|0x000000009ac00000, 0x000000009ac00000, 0x000000009ad00000|  0%| F|  |TAMS 0x000000009ac00000| PB 0x000000009ac00000| Untracked 
| 429|0x000000009ad00000, 0x000000009ad00000, 0x000000009ae00000|  0%| F|  |TAMS 0x000000009ad00000| PB 0x000000009ad00000| Untracked 
| 430|0x000000009ae00000, 0x000000009ae00000, 0x000000009af00000|  0%| F|  |TAMS 0x000000009ae00000| PB 0x000000009ae00000| Untracked 
| 431|0x000000009af00000, 0x000000009af00000, 0x000000009b000000|  0%| F|  |TAMS 0x000000009af00000| PB 0x000000009af00000| Untracked 
| 432|0x000000009b000000, 0x000000009b000000, 0x000000009b100000|  0%| F|  |TAMS 0x000000009b000000| PB 0x000000009b000000| Untracked 
| 433|0x000000009b100000, 0x000000009b100000, 0x000000009b200000|  0%| F|  |TAMS 0x000000009b100000| PB 0x000000009b100000| Untracked 
| 434|0x000000009b200000, 0x000000009b200000, 0x000000009b300000|  0%| F|  |TAMS 0x000000009b200000| PB 0x000000009b200000| Untracked 
| 435|0x000000009b300000, 0x000000009b300000, 0x000000009b400000|  0%| F|  |TAMS 0x000000009b300000| PB 0x000000009b300000| Untracked 
| 436|0x000000009b400000, 0x000000009b400000, 0x000000009b500000|  0%| F|  |TAMS 0x000000009b400000| PB 0x000000009b400000| Untracked 
| 437|0x000000009b500000, 0x000000009b500000, 0x000000009b600000|  0%| F|  |TAMS 0x000000009b500000| PB 0x000000009b500000| Untracked 
| 438|0x000000009b600000, 0x000000009b600000, 0x000000009b700000|  0%| F|  |TAMS 0x000000009b600000| PB 0x000000009b600000| Untracked 
| 439|0x000000009b700000, 0x000000009b700000, 0x000000009b800000|  0%| F|  |TAMS 0x000000009b700000| PB 0x000000009b700000| Untracked 
| 440|0x000000009b800000, 0x000000009b800000, 0x000000009b900000|  0%| F|  |TAMS 0x000000009b800000| PB 0x000000009b800000| Untracked 
| 441|0x000000009b900000, 0x000000009b900000, 0x000000009ba00000|  0%| F|  |TAMS 0x000000009b900000| PB 0x000000009b900000| Untracked 
| 442|0x000000009ba00000, 0x000000009ba00000, 0x000000009bb00000|  0%| F|  |TAMS 0x000000009ba00000| PB 0x000000009ba00000| Untracked 
| 443|0x000000009bb00000, 0x000000009bb00000, 0x000000009bc00000|  0%| F|  |TAMS 0x000000009bb00000| PB 0x000000009bb00000| Untracked 
| 444|0x000000009bc00000, 0x000000009bc00000, 0x000000009bd00000|  0%| F|  |TAMS 0x000000009bc00000| PB 0x000000009bc00000| Untracked 
| 445|0x000000009bd00000, 0x000000009bd00000, 0x000000009be00000|  0%| F|  |TAMS 0x000000009bd00000| PB 0x000000009bd00000| Untracked 
| 446|0x000000009be00000, 0x000000009be00000, 0x000000009bf00000|  0%| F|  |TAMS 0x000000009be00000| PB 0x000000009be00000| Untracked 
| 447|0x000000009bf00000, 0x000000009bf00000, 0x000000009c000000|  0%| F|  |TAMS 0x000000009bf00000| PB 0x000000009bf00000| Untracked 
| 448|0x000000009c000000, 0x000000009c000000, 0x000000009c100000|  0%| F|  |TAMS 0x000000009c000000| PB 0x000000009c000000| Untracked 
| 449|0x000000009c100000, 0x000000009c100000, 0x000000009c200000|  0%| F|  |TAMS 0x000000009c100000| PB 0x000000009c100000| Untracked 
| 450|0x000000009c200000, 0x000000009c200000, 0x000000009c300000|  0%| F|  |TAMS 0x000000009c200000| PB 0x000000009c200000| Untracked 
| 451|0x000000009c300000, 0x000000009c300000, 0x000000009c400000|  0%| F|  |TAMS 0x000000009c300000| PB 0x000000009c300000| Untracked 
| 452|0x000000009c400000, 0x000000009c400000, 0x000000009c500000|  0%| F|  |TAMS 0x000000009c400000| PB 0x000000009c400000| Untracked 
| 453|0x000000009c500000, 0x000000009c500000, 0x000000009c600000|  0%| F|  |TAMS 0x000000009c500000| PB 0x000000009c500000| Untracked 
| 454|0x000000009c600000, 0x000000009c600000, 0x000000009c700000|  0%| F|  |TAMS 0x000000009c600000| PB 0x000000009c600000| Untracked 
| 455|0x000000009c700000, 0x000000009c700000, 0x000000009c800000|  0%| F|  |TAMS 0x000000009c700000| PB 0x000000009c700000| Untracked 
| 456|0x000000009c800000, 0x000000009c800000, 0x000000009c900000|  0%| F|  |TAMS 0x000000009c800000| PB 0x000000009c800000| Untracked 
| 457|0x000000009c900000, 0x000000009c900000, 0x000000009ca00000|  0%| F|  |TAMS 0x000000009c900000| PB 0x000000009c900000| Untracked 
| 458|0x000000009ca00000, 0x000000009ca00000, 0x000000009cb00000|  0%| F|  |TAMS 0x000000009ca00000| PB 0x000000009ca00000| Untracked 
| 459|0x000000009cb00000, 0x000000009cb00000, 0x000000009cc00000|  0%| F|  |TAMS 0x000000009cb00000| PB 0x000000009cb00000| Untracked 
| 460|0x000000009cc00000, 0x000000009cc00000, 0x000000009cd00000|  0%| F|  |TAMS 0x000000009cc00000| PB 0x000000009cc00000| Untracked 
| 461|0x000000009cd00000, 0x000000009cd00000, 0x000000009ce00000|  0%| F|  |TAMS 0x000000009cd00000| PB 0x000000009cd00000| Untracked 
| 462|0x000000009ce00000, 0x000000009ce00000, 0x000000009cf00000|  0%| F|  |TAMS 0x000000009ce00000| PB 0x000000009ce00000| Untracked 
| 463|0x000000009cf00000, 0x000000009cf00000, 0x000000009d000000|  0%| F|  |TAMS 0x000000009cf00000| PB 0x000000009cf00000| Untracked 
| 464|0x000000009d000000, 0x000000009d000000, 0x000000009d100000|  0%| F|  |TAMS 0x000000009d000000| PB 0x000000009d000000| Untracked 
| 465|0x000000009d100000, 0x000000009d100000, 0x000000009d200000|  0%| F|  |TAMS 0x000000009d100000| PB 0x000000009d100000| Untracked 
| 466|0x000000009d200000, 0x000000009d200000, 0x000000009d300000|  0%| F|  |TAMS 0x000000009d200000| PB 0x000000009d200000| Untracked 
| 467|0x000000009d300000, 0x000000009d300000, 0x000000009d400000|  0%| F|  |TAMS 0x000000009d300000| PB 0x000000009d300000| Untracked 
| 468|0x000000009d400000, 0x000000009d400000, 0x000000009d500000|  0%| F|  |TAMS 0x000000009d400000| PB 0x000000009d400000| Untracked 
| 469|0x000000009d500000, 0x000000009d500000, 0x000000009d600000|  0%| F|  |TAMS 0x000000009d500000| PB 0x000000009d500000| Untracked 
| 470|0x000000009d600000, 0x000000009d600000, 0x000000009d700000|  0%| F|  |TAMS 0x000000009d600000| PB 0x000000009d600000| Untracked 
| 471|0x000000009d700000, 0x000000009d700000, 0x000000009d800000|  0%| F|  |TAMS 0x000000009d700000| PB 0x000000009d700000| Untracked 
| 472|0x000000009d800000, 0x000000009d800000, 0x000000009d900000|  0%| F|  |TAMS 0x000000009d800000| PB 0x000000009d800000| Untracked 
| 473|0x000000009d900000, 0x000000009d900000, 0x000000009da00000|  0%| F|  |TAMS 0x000000009d900000| PB 0x000000009d900000| Untracked 
| 474|0x000000009da00000, 0x000000009da00000, 0x000000009db00000|  0%| F|  |TAMS 0x000000009da00000| PB 0x000000009da00000| Untracked 
| 475|0x000000009db00000, 0x000000009db00000, 0x000000009dc00000|  0%| F|  |TAMS 0x000000009db00000| PB 0x000000009db00000| Untracked 
| 476|0x000000009dc00000, 0x000000009dc00000, 0x000000009dd00000|  0%| F|  |TAMS 0x000000009dc00000| PB 0x000000009dc00000| Untracked 
| 477|0x000000009dd00000, 0x000000009dd00000, 0x000000009de00000|  0%| F|  |TAMS 0x000000009dd00000| PB 0x000000009dd00000| Untracked 
| 478|0x000000009de00000, 0x000000009de00000, 0x000000009df00000|  0%| F|  |TAMS 0x000000009de00000| PB 0x000000009de00000| Untracked 
| 479|0x000000009df00000, 0x000000009df00000, 0x000000009e000000|  0%| F|  |TAMS 0x000000009df00000| PB 0x000000009df00000| Untracked 
| 480|0x000000009e000000, 0x000000009e000000, 0x000000009e100000|  0%| F|  |TAMS 0x000000009e000000| PB 0x000000009e000000| Untracked 
| 481|0x000000009e100000, 0x000000009e100000, 0x000000009e200000|  0%| F|  |TAMS 0x000000009e100000| PB 0x000000009e100000| Untracked 
| 482|0x000000009e200000, 0x000000009e200000, 0x000000009e300000|  0%| F|  |TAMS 0x000000009e200000| PB 0x000000009e200000| Untracked 
| 483|0x000000009e300000, 0x000000009e300000, 0x000000009e400000|  0%| F|  |TAMS 0x000000009e300000| PB 0x000000009e300000| Untracked 
| 484|0x000000009e400000, 0x000000009e400000, 0x000000009e500000|  0%| F|  |TAMS 0x000000009e400000| PB 0x000000009e400000| Untracked 
| 485|0x000000009e500000, 0x000000009e500000, 0x000000009e600000|  0%| F|  |TAMS 0x000000009e500000| PB 0x000000009e500000| Untracked 
| 486|0x000000009e600000, 0x000000009e600000, 0x000000009e700000|  0%| F|  |TAMS 0x000000009e600000| PB 0x000000009e600000| Untracked 
| 487|0x000000009e700000, 0x000000009e700000, 0x000000009e800000|  0%| F|  |TAMS 0x000000009e700000| PB 0x000000009e700000| Untracked 
| 488|0x000000009e800000, 0x000000009e800000, 0x000000009e900000|  0%| F|  |TAMS 0x000000009e800000| PB 0x000000009e800000| Untracked 
| 489|0x000000009e900000, 0x000000009e900000, 0x000000009ea00000|  0%| F|  |TAMS 0x000000009e900000| PB 0x000000009e900000| Untracked 
| 490|0x000000009ea00000, 0x000000009ea00000, 0x000000009eb00000|  0%| F|  |TAMS 0x000000009ea00000| PB 0x000000009ea00000| Untracked 
| 491|0x000000009eb00000, 0x000000009eb00000, 0x000000009ec00000|  0%| F|  |TAMS 0x000000009eb00000| PB 0x000000009eb00000| Untracked 
| 492|0x000000009ec00000, 0x000000009ec00000, 0x000000009ed00000|  0%| F|  |TAMS 0x000000009ec00000| PB 0x000000009ec00000| Untracked 
| 493|0x000000009ed00000, 0x000000009ed00000, 0x000000009ee00000|  0%| F|  |TAMS 0x000000009ed00000| PB 0x000000009ed00000| Untracked 
| 494|0x000000009ee00000, 0x000000009ee00000, 0x000000009ef00000|  0%| F|  |TAMS 0x000000009ee00000| PB 0x000000009ee00000| Untracked 
| 495|0x000000009ef00000, 0x000000009ef00000, 0x000000009f000000|  0%| F|  |TAMS 0x000000009ef00000| PB 0x000000009ef00000| Untracked 
| 496|0x000000009f000000, 0x000000009f000000, 0x000000009f100000|  0%| F|  |TAMS 0x000000009f000000| PB 0x000000009f000000| Untracked 
| 497|0x000000009f100000, 0x000000009f100000, 0x000000009f200000|  0%| F|  |TAMS 0x000000009f100000| PB 0x000000009f100000| Untracked 
| 498|0x000000009f200000, 0x000000009f200000, 0x000000009f300000|  0%| F|  |TAMS 0x000000009f200000| PB 0x000000009f200000| Untracked 
| 499|0x000000009f300000, 0x000000009f300000, 0x000000009f400000|  0%| F|  |TAMS 0x000000009f300000| PB 0x000000009f300000| Untracked 
| 500|0x000000009f400000, 0x000000009f400000, 0x000000009f500000|  0%| F|  |TAMS 0x000000009f400000| PB 0x000000009f400000| Untracked 
| 501|0x000000009f500000, 0x000000009f500000, 0x000000009f600000|  0%| F|  |TAMS 0x000000009f500000| PB 0x000000009f500000| Untracked 
| 502|0x000000009f600000, 0x000000009f600000, 0x000000009f700000|  0%| F|  |TAMS 0x000000009f600000| PB 0x000000009f600000| Untracked 
| 503|0x000000009f700000, 0x000000009f700000, 0x000000009f800000|  0%| F|  |TAMS 0x000000009f700000| PB 0x000000009f700000| Untracked 
| 504|0x000000009f800000, 0x000000009f800000, 0x000000009f900000|  0%| F|  |TAMS 0x000000009f800000| PB 0x000000009f800000| Untracked 
| 505|0x000000009f900000, 0x000000009f900000, 0x000000009fa00000|  0%| F|  |TAMS 0x000000009f900000| PB 0x000000009f900000| Untracked 
| 506|0x000000009fa00000, 0x000000009fa00000, 0x000000009fb00000|  0%| F|  |TAMS 0x000000009fa00000| PB 0x000000009fa00000| Untracked 
| 507|0x000000009fb00000, 0x000000009fb00000, 0x000000009fc00000|  0%| F|  |TAMS 0x000000009fb00000| PB 0x000000009fb00000| Untracked 
| 508|0x000000009fc00000, 0x000000009fc00000, 0x000000009fd00000|  0%| F|  |TAMS 0x000000009fc00000| PB 0x000000009fc00000| Untracked 
| 509|0x000000009fd00000, 0x000000009fd00000, 0x000000009fe00000|  0%| F|  |TAMS 0x000000009fd00000| PB 0x000000009fd00000| Untracked 
| 510|0x000000009fe00000, 0x000000009fe00000, 0x000000009ff00000|  0%| F|  |TAMS 0x000000009fe00000| PB 0x000000009fe00000| Untracked 
| 511|0x000000009ff00000, 0x000000009ff00000, 0x00000000a0000000|  0%| F|  |TAMS 0x000000009ff00000| PB 0x000000009ff00000| Untracked 
| 512|0x00000000a0000000, 0x00000000a0000000, 0x00000000a0100000|  0%| F|  |TAMS 0x00000000a0000000| PB 0x00000000a0000000| Untracked 
| 513|0x00000000a0100000, 0x00000000a0100000, 0x00000000a0200000|  0%| F|  |TAMS 0x00000000a0100000| PB 0x00000000a0100000| Untracked 
| 514|0x00000000a0200000, 0x00000000a0200000, 0x00000000a0300000|  0%| F|  |TAMS 0x00000000a0200000| PB 0x00000000a0200000| Untracked 
| 515|0x00000000a0300000, 0x00000000a0300000, 0x00000000a0400000|  0%| F|  |TAMS 0x00000000a0300000| PB 0x00000000a0300000| Untracked 
| 516|0x00000000a0400000, 0x00000000a0400000, 0x00000000a0500000|  0%| F|  |TAMS 0x00000000a0400000| PB 0x00000000a0400000| Untracked 
| 517|0x00000000a0500000, 0x00000000a0500000, 0x00000000a0600000|  0%| F|  |TAMS 0x00000000a0500000| PB 0x00000000a0500000| Untracked 
| 518|0x00000000a0600000, 0x00000000a0600000, 0x00000000a0700000|  0%| F|  |TAMS 0x00000000a0600000| PB 0x00000000a0600000| Untracked 
| 519|0x00000000a0700000, 0x00000000a0700000, 0x00000000a0800000|  0%| F|  |TAMS 0x00000000a0700000| PB 0x00000000a0700000| Untracked 
| 520|0x00000000a0800000, 0x00000000a0800000, 0x00000000a0900000|  0%| F|  |TAMS 0x00000000a0800000| PB 0x00000000a0800000| Untracked 
| 521|0x00000000a0900000, 0x00000000a0900000, 0x00000000a0a00000|  0%| F|  |TAMS 0x00000000a0900000| PB 0x00000000a0900000| Untracked 
| 522|0x00000000a0a00000, 0x00000000a0a00000, 0x00000000a0b00000|  0%| F|  |TAMS 0x00000000a0a00000| PB 0x00000000a0a00000| Untracked 
| 523|0x00000000a0b00000, 0x00000000a0b00000, 0x00000000a0c00000|  0%| F|  |TAMS 0x00000000a0b00000| PB 0x00000000a0b00000| Untracked 
| 524|0x00000000a0c00000, 0x00000000a0c00000, 0x00000000a0d00000|  0%| F|  |TAMS 0x00000000a0c00000| PB 0x00000000a0c00000| Untracked 
| 525|0x00000000a0d00000, 0x00000000a0d00000, 0x00000000a0e00000|  0%| F|  |TAMS 0x00000000a0d00000| PB 0x00000000a0d00000| Untracked 
| 526|0x00000000a0e00000, 0x00000000a0e00000, 0x00000000a0f00000|  0%| F|  |TAMS 0x00000000a0e00000| PB 0x00000000a0e00000| Untracked 
| 527|0x00000000a0f00000, 0x00000000a0f00000, 0x00000000a1000000|  0%| F|  |TAMS 0x00000000a0f00000| PB 0x00000000a0f00000| Untracked 
| 528|0x00000000a1000000, 0x00000000a1000000, 0x00000000a1100000|  0%| F|  |TAMS 0x00000000a1000000| PB 0x00000000a1000000| Untracked 
| 529|0x00000000a1100000, 0x00000000a1100000, 0x00000000a1200000|  0%| F|  |TAMS 0x00000000a1100000| PB 0x00000000a1100000| Untracked 
| 530|0x00000000a1200000, 0x00000000a1200000, 0x00000000a1300000|  0%| F|  |TAMS 0x00000000a1200000| PB 0x00000000a1200000| Untracked 
|2044|0x00000000ffc00000, 0x00000000ffc00000, 0x00000000ffd00000|  0%| F|  |TAMS 0x00000000ffc00000| PB 0x00000000ffc00000| Untracked 
|2045|0x00000000ffd00000, 0x00000000ffe00000, 0x00000000ffe00000|100%| O|  |TAMS 0x00000000ffd00000| PB 0x00000000ffd00000| Untracked 
|2046|0x00000000ffe00000, 0x00000000fff00000, 0x00000000fff00000|100%| O|  |TAMS 0x00000000ffe00000| PB 0x00000000ffe00000| Untracked 
|2047|0x00000000fff00000, 0x0000000100000000, 0x0000000100000000|100%| O|  |TAMS 0x00000000fff00000| PB 0x00000000fff00000| Untracked 

Card table byte_map: [0x000001dd3e1d0000,0x000001dd3e5d0000] _byte_map_base: 0x000001dd3ddd0000

Marking Bits: (CMBitMap*) 0x000001dd2b777200
 Bits: [0x000001dd3e5d0000, 0x000001dd405d0000)

Polling page: 0x000001dd29670000

Metaspace:

Usage:
  Non-class:    125.45 MB used.
      Class:     18.05 MB used.
       Both:    143.50 MB used.

Virtual space:
  Non-class space:      128.00 MB reserved,     126.62 MB ( 99%) committed,  2 nodes.
      Class space:        1.00 GB reserved,      19.19 MB (  2%) committed,  1 nodes.
             Both:        1.12 GB reserved,     145.81 MB ( 13%) committed. 

Chunk freelists:
   Non-Class:  706.00 KB
       Class:  12.82 MB
        Both:  13.51 MB

MaxMetaspaceSize: unlimited
CompressedClassSpaceSize: 1.00 GB
Initial GC threshold: 21.00 MB
Current GC threshold: 242.75 MB
CDS: off
 - commit_granule_bytes: 65536.
 - commit_granule_words: 8192.
 - virtual_space_node_default_size: 8388608.
 - enlarge_chunks_in_place: 1.
 - use_allocation_guard: 0.


Internal statistics:

num_allocs_failed_limit: 6.
num_arena_births: 4418.
num_arena_deaths: 0.
num_vsnodes_births: 3.
num_vsnodes_deaths: 0.
num_space_committed: 2331.
num_space_uncommitted: 0.
num_chunks_returned_to_freelist: 6.
num_chunks_taken_from_freelist: 10078.
num_chunk_merges: 6.
num_chunk_splits: 6997.
num_chunks_enlarged: 4848.
num_inconsistent_stats: 0.

CodeHeap 'non-profiled nmethods': size=120000Kb used=4164Kb max_used=8702Kb free=115835Kb
 bounds [0x000001dd36340000, 0x000001dd36bf0000, 0x000001dd3d870000]
CodeHeap 'profiled nmethods': size=120000Kb used=8460Kb max_used=27093Kb free=111540Kb
 bounds [0x000001dd2e870000, 0x000001dd302f0000, 0x000001dd35da0000]
CodeHeap 'non-nmethods': size=5760Kb used=3133Kb max_used=3266Kb free=2626Kb
 bounds [0x000001dd35da0000, 0x000001dd360f0000, 0x000001dd36340000]
 total_blobs=6185 nmethods=4999 adapters=1089
 compilation: enabled
              stopped_count=0, restarted_count=0
 full_count=0

Compilation events (20 events):
Event: 668.765 Thread 0x000001dd433bffa0 nmethod 17986 0x000001dd2f18f790 code [0x000001dd2f18f940, 0x000001dd2f18fc10]
Event: 668.765 Thread 0x000001dd433bffa0 17983       2       org.gradle.internal.vfs.impl.DefaultFileSystemAccess$$Lambda/0x00000001011b86e8::get (8 bytes)
Event: 668.765 Thread 0x000001dd433bffa0 nmethod 17983 0x000001dd30115a90 code [0x000001dd30115c20, 0x000001dd30115d28]
Event: 668.765 Thread 0x000001dd433bffa0 17984       2       org.gradle.api.internal.artifacts.transform.AbstractTransformExecution$3::getOutput (12 bytes)
Event: 668.765 Thread 0x000001dd433bffa0 nmethod 17984 0x000001dd2f0b6890 code [0x000001dd2f0b6a40, 0x000001dd2f0b6c18]
Event: 668.765 Thread 0x000001dd433bffa0 17987       2       org.gradle.internal.execution.impl.DefaultWorkValidationContext$1::<init> (20 bytes)
Event: 668.765 Thread 0x000001dd433bffa0 nmethod 17987 0x000001dd2fbff890 code [0x000001dd2fbffa40, 0x000001dd2fbffcb8]
Event: 668.765 Thread 0x000001dd433bffa0 17988       2       org.gradle.internal.execution.caching.impl.DefaultCachingStateFactory::createCachingState (44 bytes)
Event: 668.765 Thread 0x000001dd433bffa0 nmethod 17988 0x000001dd2eaf7c90 code [0x000001dd2eaf7ea0, 0x000001dd2eaf82d0]
Event: 668.765 Thread 0x000001dd433bffa0 17989       2       org.gradle.internal.execution.caching.impl.DefaultBuildCacheKey::<init> (10 bytes)
Event: 668.765 Thread 0x000001dd433bffa0 nmethod 17989 0x000001dd30254410 code [0x000001dd302545a0, 0x000001dd302546f0]
Event: 668.765 Thread 0x000001dd433bffa0 17990       2       org.gradle.internal.execution.steps.BuildCacheStep::execute (10 bytes)
Event: 668.766 Thread 0x000001dd433bffa0 nmethod 17990 0x000001dd2ff6eb90 code [0x000001dd2ff6ed40, 0x000001dd2ff6ee98]
Event: 668.766 Thread 0x000001dd433bffa0 17991       2       org.gradle.internal.execution.steps.BuildCacheStep$$Lambda/0x0000000100a31dc8::apply (20 bytes)
Event: 668.766 Thread 0x000001dd433bffa0 nmethod 17991 0x000001dd2f0f6190 code [0x000001dd2f0f6340, 0x000001dd2f0f64f8]
Event: 668.766 Thread 0x000001dd433bffa0 17993       2       org.gradle.api.internal.initialization.transform.utils.InstrumentationTransformUtils::isDependencyAnalysisFile (10 bytes)
Event: 668.766 Thread 0x000001dd433bffa0 nmethod 17993 0x000001dd302deb10 code [0x000001dd302decc0, 0x000001dd302dee00]
Event: 668.785 Thread 0x000001dd433bffa0 17994       2       org.objectweb.asm.MethodWriter::visitTypeAnnotation (45 bytes)
Event: 668.785 Thread 0x000001dd433bffa0 nmethod 17994 0x000001dd2fc22e90 code [0x000001dd2fc23060, 0x000001dd2fc232a8]
Event: 668.792 Thread 0x000001dd433bffa0 17996       3       java.util.jar.Manifest$FastInputStream::readLine (296 bytes)

GC Heap History (20 events):
Event: 665.603 GC heap after
{Heap after GC invocations=52 (full 0):
 garbage-first heap   total 270336K, used 163817K [0x0000000080000000, 0x0000000100000000)
  region size 1024K, 7 young (7168K), 7 survivors (7168K)
 Metaspace       used 145347K, committed 147840K, reserved 1179648K
  class space    used 18358K, committed 19584K, reserved 1048576K
}
Event: 665.667 GC heap before
{Heap before GC invocations=52 (full 0):
 garbage-first heap   total 270336K, used 248809K [0x0000000080000000, 0x0000000100000000)
  region size 1024K, 90 young (92160K), 7 survivors (7168K)
 Metaspace       used 145371K, committed 147840K, reserved 1179648K
  class space    used 18358K, committed 19584K, reserved 1048576K
}
Event: 665.707 GC heap after
{Heap after GC invocations=53 (full 0):
 garbage-first heap   total 547840K, used 166070K [0x0000000080000000, 0x0000000100000000)
  region size 1024K, 8 young (8192K), 8 survivors (8192K)
 Metaspace       used 145371K, committed 147840K, reserved 1179648K
  class space    used 18358K, committed 19584K, reserved 1048576K
}
Event: 666.530 GC heap before
{Heap before GC invocations=53 (full 0):
 garbage-first heap   total 547840K, used 485558K [0x0000000080000000, 0x0000000100000000)
  region size 1024K, 321 young (328704K), 8 survivors (8192K)
 Metaspace       used 145615K, committed 148032K, reserved 1179648K
  class space    used 18389K, committed 19584K, reserved 1048576K
}
Event: 666.544 GC heap after
{Heap after GC invocations=54 (full 0):
 garbage-first heap   total 547840K, used 187761K [0x0000000080000000, 0x0000000100000000)
  region size 1024K, 33 young (33792K), 33 survivors (33792K)
 Metaspace       used 145615K, committed 148032K, reserved 1179648K
  class space    used 18389K, committed 19584K, reserved 1048576K
}
Event: 667.160 GC heap before
{Heap before GC invocations=55 (full 0):
 garbage-first heap   total 547840K, used 483697K [0x0000000080000000, 0x0000000100000000)
  region size 1024K, 321 young (328704K), 33 survivors (33792K)
 Metaspace       used 146535K, committed 148928K, reserved 1179648K
  class space    used 18477K, committed 19648K, reserved 1048576K
}
Event: 667.185 GC heap after
{Heap after GC invocations=56 (full 0):
 garbage-first heap   total 547840K, used 197014K [0x0000000080000000, 0x0000000100000000)
  region size 1024K, 9 young (9216K), 9 survivors (9216K)
 Metaspace       used 146535K, committed 148928K, reserved 1179648K
  class space    used 18477K, committed 19648K, reserved 1048576K
}
Event: 667.490 GC heap before
{Heap before GC invocations=56 (full 0):
 garbage-first heap   total 547840K, used 500118K [0x0000000080000000, 0x0000000100000000)
  region size 1024K, 303 young (310272K), 9 survivors (9216K)
 Metaspace       used 146696K, committed 149056K, reserved 1179648K
  class space    used 18478K, committed 19648K, reserved 1048576K
}
Event: 667.505 GC heap after
{Heap after GC invocations=57 (full 0):
 garbage-first heap   total 547840K, used 200988K [0x0000000080000000, 0x0000000100000000)
  region size 1024K, 10 young (10240K), 10 survivors (10240K)
 Metaspace       used 146696K, committed 149056K, reserved 1179648K
  class space    used 18478K, committed 19648K, reserved 1048576K
}
Event: 667.761 GC heap before
{Heap before GC invocations=57 (full 0):
 garbage-first heap   total 547840K, used 506140K [0x0000000080000000, 0x0000000100000000)
  region size 1024K, 309 young (316416K), 10 survivors (10240K)
 Metaspace       used 146749K, committed 149120K, reserved 1179648K
  class space    used 18479K, committed 19648K, reserved 1048576K
}
Event: 667.766 GC heap after
{Heap after GC invocations=58 (full 0):
 garbage-first heap   total 547840K, used 202183K [0x0000000080000000, 0x0000000100000000)
  region size 1024K, 11 young (11264K), 11 survivors (11264K)
 Metaspace       used 146749K, committed 149120K, reserved 1179648K
  class space    used 18479K, committed 19648K, reserved 1048576K
}
Event: 668.040 GC heap before
{Heap before GC invocations=59 (full 0):
 garbage-first heap   total 547840K, used 506311K [0x0000000080000000, 0x0000000100000000)
  region size 1024K, 309 young (316416K), 11 survivors (11264K)
 Metaspace       used 146839K, committed 149248K, reserved 1179648K
  class space    used 18479K, committed 19648K, reserved 1048576K
}
Event: 668.046 GC heap after
{Heap after GC invocations=60 (full 0):
 garbage-first heap   total 547840K, used 205170K [0x0000000080000000, 0x0000000100000000)
  region size 1024K, 14 young (14336K), 14 survivors (14336K)
 Metaspace       used 146839K, committed 149248K, reserved 1179648K
  class space    used 18479K, committed 19648K, reserved 1048576K
}
Event: 668.170 GC heap before
{Heap before GC invocations=60 (full 0):
 garbage-first heap   total 547840K, used 507250K [0x0000000080000000, 0x0000000100000000)
  region size 1024K, 306 young (313344K), 14 survivors (14336K)
 Metaspace       used 146842K, committed 149248K, reserved 1179648K
  class space    used 18479K, committed 19648K, reserved 1048576K
}
Event: 668.177 GC heap after
{Heap after GC invocations=61 (full 0):
 garbage-first heap   total 547840K, used 207051K [0x0000000080000000, 0x0000000100000000)
  region size 1024K, 18 young (18432K), 18 survivors (18432K)
 Metaspace       used 146842K, committed 149248K, reserved 1179648K
  class space    used 18479K, committed 19648K, reserved 1048576K
}
Event: 668.337 GC heap before
{Heap before GC invocations=61 (full 0):
 garbage-first heap   total 547840K, used 499915K [0x0000000080000000, 0x0000000100000000)
  region size 1024K, 304 young (311296K), 18 survivors (18432K)
 Metaspace       used 146845K, committed 149248K, reserved 1179648K
  class space    used 18479K, committed 19648K, reserved 1048576K
}
Event: 668.343 GC heap after
{Heap after GC invocations=62 (full 0):
 garbage-first heap   total 547840K, used 205066K [0x0000000080000000, 0x0000000100000000)
  region size 1024K, 17 young (17408K), 17 survivors (17408K)
 Metaspace       used 146845K, committed 149248K, reserved 1179648K
  class space    used 18479K, committed 19648K, reserved 1048576K
}
Event: 668.592 GC heap before
{Heap before GC invocations=63 (full 0):
 garbage-first heap   total 547840K, used 499978K [0x0000000080000000, 0x0000000100000000)
  region size 1024K, 306 young (313344K), 17 survivors (17408K)
 Metaspace       used 146865K, committed 149312K, reserved 1179648K
  class space    used 18480K, committed 19648K, reserved 1048576K
}
Event: 668.598 GC heap after
{Heap after GC invocations=64 (full 0):
 garbage-first heap   total 547840K, used 206440K [0x0000000080000000, 0x0000000100000000)
  region size 1024K, 18 young (18432K), 18 survivors (18432K)
 Metaspace       used 146865K, committed 149312K, reserved 1179648K
  class space    used 18480K, committed 19648K, reserved 1048576K
}
Event: 668.792 GC heap before
{Heap before GC invocations=64 (full 0):
 garbage-first heap   total 547840K, used 502376K [0x0000000080000000, 0x0000000100000000)
  region size 1024K, 305 young (312320K), 18 survivors (18432K)
 Metaspace       used 146939K, committed 149312K, reserved 1179648K
  class space    used 18480K, committed 19648K, reserved 1048576K
}

Dll operation events (3 events):
Event: 0.006 Loaded shared library C:\Program Files\Android\Android Studio1\jbr\bin\java.dll
Event: 0.010 Loaded shared library C:\Program Files\Android\Android Studio1\jbr\bin\zip.dll
Event: 0.359 Loaded shared library C:\Program Files\Android\Android Studio1\jbr\bin\verify.dll

Deoptimization events (20 events):
Event: 668.679 Thread 0x000001dd4f0342c0 DEOPT PACKING pc=0x000001dd2f086bf4 sp=0x0000005f2cffaed0
Event: 668.679 Thread 0x000001dd4f0342c0 DEOPT UNPACKING pc=0x000001dd35df4e42 sp=0x0000005f2cffa480 mode 0
Event: 668.689 Thread 0x000001dd4aef5990 Uncommon trap: trap_request=0xffffff45 fr.pc=0x000001dd36394c98 relative=0x0000000000000e58
Event: 668.689 Thread 0x000001dd4aef5990 Uncommon trap: reason=unstable_if action=reinterpret pc=0x000001dd36394c98 method=org.objectweb.asm.MethodWriter.visitFrame(II[Ljava/lang/Object;I[Ljava/lang/Object;)V @ 771 c2
Event: 668.689 Thread 0x000001dd4aef5990 DEOPT PACKING pc=0x000001dd36394c98 sp=0x0000005f2c9fa500
Event: 668.689 Thread 0x000001dd4aef5990 DEOPT UNPACKING pc=0x000001dd35df46a2 sp=0x0000005f2c9fa4b8 mode 2
Event: 668.691 Thread 0x000001dd4f0370b0 DEOPT PACKING pc=0x000001dd2fec50c7 sp=0x0000005f2ccfa5b0
Event: 668.691 Thread 0x000001dd4f0370b0 DEOPT UNPACKING pc=0x000001dd35df4e42 sp=0x0000005f2ccf9c00 mode 0
Event: 668.730 Thread 0x000001dd4aef6020 DEOPT PACKING pc=0x000001dd2f4729d9 sp=0x0000005f2cafa600
Event: 668.730 Thread 0x000001dd4aef6020 DEOPT UNPACKING pc=0x000001dd35df4e42 sp=0x0000005f2caf9d10 mode 0
Event: 668.731 Thread 0x000001dd4f0370b0 DEOPT PACKING pc=0x000001dd2fec50c7 sp=0x0000005f2ccfa5b0
Event: 668.731 Thread 0x000001dd4f0370b0 DEOPT UNPACKING pc=0x000001dd35df4e42 sp=0x0000005f2ccf9c00 mode 0
Event: 668.736 Thread 0x000001dd4aef6020 DEOPT PACKING pc=0x000001dd2f4729d9 sp=0x0000005f2cafa600
Event: 668.736 Thread 0x000001dd4aef6020 DEOPT UNPACKING pc=0x000001dd35df4e42 sp=0x0000005f2caf9d10 mode 0
Event: 668.786 Thread 0x000001dd4f0370b0 DEOPT PACKING pc=0x000001dd2fec50c7 sp=0x0000005f2ccfa5b0
Event: 668.786 Thread 0x000001dd4f0370b0 DEOPT UNPACKING pc=0x000001dd35df4e42 sp=0x0000005f2ccf9c00 mode 0
Event: 668.792 Thread 0x000001dd4f034950 Uncommon trap: trap_request=0xffffff45 fr.pc=0x000001dd36485a8c relative=0x000000000000070c
Event: 668.792 Thread 0x000001dd4f034950 Uncommon trap: reason=unstable_if action=reinterpret pc=0x000001dd36485a8c method=java.util.jar.Manifest$FastInputStream.readLine([BII)I @ 130 c2
Event: 668.792 Thread 0x000001dd4f034950 DEOPT PACKING pc=0x000001dd36485a8c sp=0x0000005f2cdfa490
Event: 668.792 Thread 0x000001dd4f034950 DEOPT UNPACKING pc=0x000001dd35df46a2 sp=0x0000005f2cdfa420 mode 2

Classes loaded (20 events):
Event: 19.868 Loading class java/util/Collections$ReverseComparator2
Event: 19.868 Loading class java/util/Collections$ReverseComparator2 done
Event: 125.322 Loading class javax/crypto/AEADBadTagException
Event: 125.322 Loading class javax/crypto/BadPaddingException
Event: 125.322 Loading class javax/crypto/BadPaddingException done
Event: 125.322 Loading class javax/crypto/AEADBadTagException done
Event: 125.331 Loading class java/io/PrintWriter$1
Event: 125.331 Loading class jdk/internal/access/JavaIOPrintWriterAccess
Event: 125.331 Loading class jdk/internal/access/JavaIOPrintWriterAccess done
Event: 125.331 Loading class java/io/PrintWriter$1 done
Event: 125.331 Loading class java/lang/Throwable$WrappedPrintWriter
Event: 125.332 Loading class java/lang/Throwable$PrintStreamOrWriter
Event: 125.332 Loading class java/lang/Throwable$PrintStreamOrWriter done
Event: 125.332 Loading class java/lang/Throwable$WrappedPrintWriter done
Event: 125.332 Loading class java/lang/StackTraceElement$HashedModules
Event: 125.333 Loading class java/lang/StackTraceElement$HashedModules done
Event: 666.601 Loading class java/util/zip/Deflater
Event: 666.601 Loading class java/util/zip/Deflater done
Event: 666.602 Loading class java/util/zip/Deflater$DeflaterZStreamRef
Event: 666.602 Loading class java/util/zip/Deflater$DeflaterZStreamRef done

Classes unloaded (0 events):
No events

Classes redefined (0 events):
No events

Internal exceptions (20 events):
Event: 668.046 Thread 0x000001dd4aef6020 Exception <a 'sun/nio/fs/WindowsException'{0x00000000a1280788}> (0x00000000a1280788) 
thrown [s\src\hotspot\share\prims\jni.cpp, line 535]
Event: 668.264 Thread 0x000001dd4f034950 Exception <a 'sun/nio/fs/WindowsException'{0x0000000097ea88c8}> (0x0000000097ea88c8) 
thrown [s\src\hotspot\share\prims\jni.cpp, line 535]
Event: 668.324 Thread 0x000001dd4f034950 Exception <a 'sun/nio/fs/WindowsException'{0x0000000091b38110}> (0x0000000091b38110) 
thrown [s\src\hotspot\share\prims\jni.cpp, line 535]
Event: 668.418 Thread 0x000001dd4f034950 Exception <a 'sun/nio/fs/WindowsException'{0x000000009e1ff330}> (0x000000009e1ff330) 
thrown [s\src\hotspot\share\prims\jni.cpp, line 535]
Event: 668.466 Thread 0x000001dd498aa370 Exception <a 'sun/nio/fs/WindowsException'{0x000000009a3165b8}> (0x000000009a3165b8) 
thrown [s\src\hotspot\share\prims\jni.cpp, line 535]
Event: 668.470 Thread 0x000001dd4f033c30 Exception <a 'sun/nio/fs/WindowsException'{0x0000000098c04c90}> (0x0000000098c04c90) 
thrown [s\src\hotspot\share\prims\jni.cpp, line 535]
Event: 668.489 Thread 0x000001dd4aef6020 Exception <a 'sun/nio/fs/WindowsException'{0x0000000097910818}> (0x0000000097910818) 
thrown [s\src\hotspot\share\prims\jni.cpp, line 535]
Event: 668.546 Thread 0x000001dd4aef6020 Exception <a 'sun/nio/fs/WindowsException'{0x0000000093533da0}> (0x0000000093533da0) 
thrown [s\src\hotspot\share\prims\jni.cpp, line 535]
Event: 668.558 Thread 0x000001dd4f034950 Exception <a 'sun/nio/fs/WindowsException'{0x000000009397f420}> (0x000000009397f420) 
thrown [s\src\hotspot\share\prims\jni.cpp, line 535]
Event: 668.578 Thread 0x000001dd498aa370 Exception <a 'sun/nio/fs/WindowsException'{0x0000000091765ef8}> (0x0000000091765ef8) 
thrown [s\src\hotspot\share\prims\jni.cpp, line 535]
Event: 668.585 Thread 0x000001dd4f033c30 Exception <a 'sun/nio/fs/WindowsException'{0x0000000090f5cdb0}> (0x0000000090f5cdb0) 
thrown [s\src\hotspot\share\prims\jni.cpp, line 535]
Event: 668.616 Thread 0x000001dd4f034950 Exception <a 'sun/nio/fs/WindowsException'{0x00000000a1273cb8}> (0x00000000a1273cb8) 
thrown [s\src\hotspot\share\prims\jni.cpp, line 535]
Event: 668.629 Thread 0x000001dd498aa370 Exception <a 'sun/nio/fs/WindowsException'{0x000000009f296ec0}> (0x000000009f296ec0) 
thrown [s\src\hotspot\share\prims\jni.cpp, line 535]
Event: 668.654 Thread 0x000001dd4aef6020 Exception <a 'sun/nio/fs/WindowsException'{0x000000009e16de80}> (0x000000009e16de80) 
thrown [s\src\hotspot\share\prims\jni.cpp, line 535]
Event: 668.655 Thread 0x000001dd4f034950 Exception <a 'sun/nio/fs/WindowsException'{0x000000009d642188}> (0x000000009d642188) 
thrown [s\src\hotspot\share\prims\jni.cpp, line 535]
Event: 668.660 Thread 0x000001dd4f033c30 Exception <a 'sun/nio/fs/WindowsException'{0x000000009d4bf648}> (0x000000009d4bf648) 
thrown [s\src\hotspot\share\prims\jni.cpp, line 535]
Event: 668.670 Thread 0x000001dd4aef6020 Implicit null exception at 0x000001dd364bcdcd to 0x000001dd364bd010
Event: 668.701 Thread 0x000001dd4f034950 Exception <a 'sun/nio/fs/WindowsException'{0x000000009988bd88}> (0x000000009988bd88) 
thrown [s\src\hotspot\share\prims\jni.cpp, line 535]
Event: 668.729 Thread 0x000001dd498aa370 Exception <a 'sun/nio/fs/WindowsException'{0x0000000097316d60}> (0x0000000097316d60) 
thrown [s\src\hotspot\share\prims\jni.cpp, line 535]
Event: 668.770 Thread 0x000001dd4f034950 Exception <a 'sun/nio/fs/WindowsException'{0x000000009374d410}> (0x000000009374d410) 
thrown [s\src\hotspot\share\prims\jni.cpp, line 535]

ZGC Phase Switch (0 events):
No events

VM Operations (20 events):
Event: 667.909 Executing VM operation: G1PauseCleanup done
Event: 668.040 Executing VM operation: G1CollectForAllocation (G1 Evacuation Pause)
Event: 668.046 Executing VM operation: G1CollectForAllocation (G1 Evacuation Pause) done
Event: 668.169 Executing VM operation: G1CollectForAllocation (G1 Evacuation Pause)
Event: 668.170 Executing VM operation: G1CollectForAllocation (G1 Evacuation Pause) done
Event: 668.170 Executing VM operation: G1CollectForAllocation (GCLocker Initiated GC)
Event: 668.177 Executing VM operation: G1CollectForAllocation (GCLocker Initiated GC) done
Event: 668.337 Executing VM operation: G1CollectForAllocation (G1 Evacuation Pause)
Event: 668.344 Executing VM operation: G1CollectForAllocation (G1 Evacuation Pause) done
Event: 668.425 Executing VM operation: G1PauseRemark
Event: 668.428 Executing VM operation: G1PauseRemark done
Event: 668.465 Executing VM operation: G1PauseCleanup
Event: 668.465 Executing VM operation: G1PauseCleanup done
Event: 668.591 Executing VM operation: G1CollectForAllocation (G1 Evacuation Pause)
Event: 668.592 Executing VM operation: G1CollectForAllocation (G1 Evacuation Pause) done
Event: 668.592 Executing VM operation: G1CollectForAllocation (GCLocker Initiated GC)
Event: 668.598 Executing VM operation: G1CollectForAllocation (GCLocker Initiated GC) done
Event: 668.792 Executing VM operation: G1CollectForAllocation (G1 Evacuation Pause)
Event: 668.792 Executing VM operation: G1CollectForAllocation (G1 Evacuation Pause) done
Event: 668.792 Executing VM operation: G1CollectForAllocation (GCLocker Initiated GC)

Memory protections (0 events):
No events

Nmethod flushes (20 events):
Event: 668.427 Thread 0x000001dd43268670 flushing  nmethod 0x000001dd2fa2a210
Event: 668.427 Thread 0x000001dd43268670 flushing  nmethod 0x000001dd2fa43110
Event: 668.427 Thread 0x000001dd43268670 flushing  nmethod 0x000001dd2fb89e10
Event: 668.427 Thread 0x000001dd43268670 flushing  nmethod 0x000001dd2fb8d510
Event: 668.427 Thread 0x000001dd43268670 flushing  nmethod 0x000001dd2fb92090
Event: 668.427 Thread 0x000001dd43268670 flushing  nmethod 0x000001dd2fd4d690
Event: 668.427 Thread 0x000001dd43268670 flushing  nmethod 0x000001dd2fd52410
Event: 668.427 Thread 0x000001dd43268670 flushing  nmethod 0x000001dd2fea2c10
Event: 668.427 Thread 0x000001dd43268670 flushing  nmethod 0x000001dd2fea8010
Event: 668.427 Thread 0x000001dd43268670 flushing  nmethod 0x000001dd2fea8590
Event: 668.427 Thread 0x000001dd43268670 flushing  nmethod 0x000001dd2fea9890
Event: 668.427 Thread 0x000001dd43268670 flushing  nmethod 0x000001dd2febce10
Event: 668.427 Thread 0x000001dd43268670 flushing  nmethod 0x000001dd2ff98790
Event: 668.427 Thread 0x000001dd43268670 flushing  nmethod 0x000001dd2ff98d90
Event: 668.427 Thread 0x000001dd43268670 flushing  nmethod 0x000001dd2ff99d10
Event: 668.427 Thread 0x000001dd43268670 flushing  nmethod 0x000001dd300ced90
Event: 668.427 Thread 0x000001dd43268670 flushing  nmethod 0x000001dd300d3e10
Event: 668.427 Thread 0x000001dd43268670 flushing  nmethod 0x000001dd300db010
Event: 668.427 Thread 0x000001dd43268670 flushing  nmethod 0x000001dd300f0890
Event: 668.427 Thread 0x000001dd43268670 flushing  nmethod 0x000001dd300f2b90

Events (20 events):
Event: 665.052 Thread 0x000001dd498aa370 Thread added: 0x000001dd4aef3f50
Event: 665.055 Thread 0x000001dd498aa370 Thread added: 0x000001dd4aef4c70
Event: 665.056 Thread 0x000001dd498aa370 Thread added: 0x000001dd4c9b6760
Event: 665.058 Thread 0x000001dd498aa370 Thread added: 0x000001dd4c9b81a0
Event: 665.067 Thread 0x000001dd433bffa0 Thread added: 0x000001dd4c2829d0
Event: 665.067 Thread 0x000001dd433bffa0 Thread added: 0x000001dd4c2800f0
Event: 665.099 Thread 0x000001dd498aa370 Thread added: 0x000001dd4c9b5a40
Event: 665.101 Thread 0x000001dd498aa370 Thread added: 0x000001dd4d7d69c0
Event: 665.103 Thread 0x000001dd498aa370 Thread added: 0x000001dd4d7d7050
Event: 665.106 Thread 0x000001dd498aa370 Thread added: 0x000001dd4d7d76e0
Event: 665.109 Thread 0x000001dd498aa370 Thread added: 0x000001dd4d7d6330
Event: 666.113 Thread 0x000001dd498aa370 Thread added: 0x000001dd4aef45e0
Event: 666.114 Thread 0x000001dd498aa370 Thread added: 0x000001dd4aef5990
Event: 666.114 Thread 0x000001dd498aa370 Thread added: 0x000001dd4aef6020
Event: 666.115 Thread 0x000001dd498aa370 Thread added: 0x000001dd4aef3230
Event: 666.116 Thread 0x000001dd498aa370 Thread added: 0x000001dd4f0370b0
Event: 666.116 Thread 0x000001dd498aa370 Thread added: 0x000001dd4f034950
Event: 666.117 Thread 0x000001dd498aa370 Thread added: 0x000001dd4f034fe0
Event: 666.118 Thread 0x000001dd498aa370 Thread added: 0x000001dd4f0342c0
Event: 666.118 Thread 0x000001dd498aa370 Thread added: 0x000001dd4f033c30


Dynamic libraries:
0x00007ff66a6d0000 - 0x00007ff66a6da000 	C:\Program Files\Android\Android Studio1\jbr\bin\java.exe
0x00007ff913620000 - 0x00007ff913888000 	C:\WINDOWS\SYSTEM32\ntdll.dll
0x00007ff911bb0000 - 0x00007ff911c79000 	C:\WINDOWS\System32\KERNEL32.DLL
0x00007ff910fd0000 - 0x00007ff9113bd000 	C:\WINDOWS\System32\KERNELBASE.dll
0x00007ff9108f0000 - 0x00007ff910a3b000 	C:\WINDOWS\System32\ucrtbase.dll
0x00007ff90b660000 - 0x00007ff90b67b000 	C:\Program Files\Android\Android Studio1\jbr\bin\VCRUNTIME140.dll
0x00007ff8f39b0000 - 0x00007ff8f39c8000 	C:\Program Files\Android\Android Studio1\jbr\bin\jli.dll
0x00007ff913410000 - 0x00007ff9135dc000 	C:\WINDOWS\System32\USER32.dll
0x00007ff910e70000 - 0x00007ff910e97000 	C:\WINDOWS\System32\win32u.dll
0x00007ff8f9860000 - 0x00007ff8f9afa000 	C:\WINDOWS\WinSxS\amd64_microsoft.windows.common-controls_6595b64144ccf1df_6.0.26100.4484_none_3e0e6d4ce32ef3b3\COMCTL32.dll
0x00007ff911920000 - 0x00007ff91194b000 	C:\WINDOWS\System32\GDI32.dll
0x00007ff912380000 - 0x00007ff912429000 	C:\WINDOWS\System32\msvcrt.dll
0x00007ff910d30000 - 0x00007ff910e67000 	C:\WINDOWS\System32\gdi32full.dll
0x00007ff910c80000 - 0x00007ff910d23000 	C:\WINDOWS\System32\msvcp_win.dll
0x00007ff911420000 - 0x00007ff91144f000 	C:\WINDOWS\System32\IMM32.DLL
0x00007ff8ff890000 - 0x00007ff8ff89c000 	C:\Program Files\Android\Android Studio1\jbr\bin\vcruntime140_1.dll
0x00007ff8bfee0000 - 0x00007ff8bff6d000 	C:\Program Files\Android\Android Studio1\jbr\bin\msvcp140.dll
0x00007ff888a50000 - 0x00007ff8896db000 	C:\Program Files\Android\Android Studio1\jbr\bin\server\jvm.dll
0x00007ff9122c0000 - 0x00007ff912374000 	C:\WINDOWS\System32\ADVAPI32.dll
0x00007ff9117e0000 - 0x00007ff911886000 	C:\WINDOWS\System32\sechost.dll
0x00007ff9132e0000 - 0x00007ff9133f8000 	C:\WINDOWS\System32\RPCRT4.dll
0x00007ff911950000 - 0x00007ff9119c4000 	C:\WINDOWS\System32\WS2_32.dll
0x00007ff910420000 - 0x00007ff91047e000 	C:\WINDOWS\SYSTEM32\POWRPROF.dll
0x00007ff902fa0000 - 0x00007ff902fd5000 	C:\WINDOWS\SYSTEM32\WINMM.dll
0x00007ff90a850000 - 0x00007ff90a85b000 	C:\WINDOWS\SYSTEM32\VERSION.dll
0x00007ff910400000 - 0x00007ff910414000 	C:\WINDOWS\SYSTEM32\UMPDC.dll
0x00007ff90f510000 - 0x00007ff90f52b000 	C:\WINDOWS\SYSTEM32\kernel.appcore.dll
0x00007ff8fc3b0000 - 0x00007ff8fc3ba000 	C:\Program Files\Android\Android Studio1\jbr\bin\jimage.dll
0x00007ff900930000 - 0x00007ff900b71000 	C:\WINDOWS\SYSTEM32\DBGHELP.DLL
0x00007ff912cb0000 - 0x00007ff913036000 	C:\WINDOWS\System32\combase.dll
0x00007ff9131f0000 - 0x00007ff9132d0000 	C:\WINDOWS\System32\OLEAUT32.dll
0x00007ff8ee7a0000 - 0x00007ff8ee7e3000 	C:\WINDOWS\SYSTEM32\dbgcore.DLL
0x00007ff910f30000 - 0x00007ff910fc9000 	C:\WINDOWS\System32\bcryptPrimitives.dll
0x00007ff90d810000 - 0x00007ff90d81e000 	C:\Program Files\Android\Android Studio1\jbr\bin\instrument.dll
0x00007ff8f8060000 - 0x00007ff8f8080000 	C:\Program Files\Android\Android Studio1\jbr\bin\java.dll
0x00007ff8f8030000 - 0x00007ff8f8048000 	C:\Program Files\Android\Android Studio1\jbr\bin\zip.dll
0x00007ff912430000 - 0x00007ff912b7a000 	C:\WINDOWS\System32\SHELL32.dll
0x00007ff910770000 - 0x00007ff9108e4000 	C:\WINDOWS\System32\wintypes.dll
0x00007ff90e3f0000 - 0x00007ff90ec4b000 	C:\WINDOWS\SYSTEM32\windows.storage.dll
0x00007ff911d10000 - 0x00007ff911e05000 	C:\WINDOWS\System32\SHCORE.dll
0x00007ff9119d0000 - 0x00007ff911a3a000 	C:\WINDOWS\System32\shlwapi.dll
0x00007ff910680000 - 0x00007ff9106af000 	C:\WINDOWS\SYSTEM32\profapi.dll
0x00007ff8f8020000 - 0x00007ff8f8030000 	C:\Program Files\Android\Android Studio1\jbr\bin\net.dll
0x00007ff907cc0000 - 0x00007ff907dde000 	C:\WINDOWS\SYSTEM32\WINHTTP.dll
0x00007ff90faa0000 - 0x00007ff90fb0a000 	C:\WINDOWS\system32\mswsock.dll
0x00007ff8f78d0000 - 0x00007ff8f78e6000 	C:\Program Files\Android\Android Studio1\jbr\bin\nio.dll
0x00007ff8f1de0000 - 0x00007ff8f1df0000 	C:\Program Files\Android\Android Studio1\jbr\bin\verify.dll
0x00007ff90b690000 - 0x00007ff90b6b7000 	C:\Users\PC7\.gradle\native\1def1411415f61bf3af743bc5b6707747c0891f09f0c88961ee8f79bc544acac\windows-amd64\native-platform.dll
0x00007ff8e1d60000 - 0x00007ff8e1dd8000 	C:\Users\PC7\.gradle\native\0.2.7\x86_64-windows-gnu\gradle-fileevents.dll
0x00007ff8f7cd0000 - 0x00007ff8f7cd9000 	C:\Program Files\Android\Android Studio1\jbr\bin\management.dll
0x00007ff8f7980000 - 0x00007ff8f798b000 	C:\Program Files\Android\Android Studio1\jbr\bin\management_ext.dll
0x00007ff913400000 - 0x00007ff913408000 	C:\WINDOWS\System32\PSAPI.DLL
0x00007ff90ef40000 - 0x00007ff90ef73000 	C:\WINDOWS\SYSTEM32\IPHLPAPI.DLL
0x00007ff911460000 - 0x00007ff91146a000 	C:\WINDOWS\System32\NSI.dll
0x00007ff8f7f80000 - 0x00007ff8f7f89000 	C:\Program Files\Android\Android Studio1\jbr\bin\extnet.dll
0x00007ff90fd50000 - 0x00007ff90fd6b000 	C:\WINDOWS\SYSTEM32\CRYPTSP.dll
0x00007ff90f470000 - 0x00007ff90f4ab000 	C:\WINDOWS\system32\rsaenh.dll
0x00007ff90fb40000 - 0x00007ff90fb6b000 	C:\WINDOWS\SYSTEM32\USERENV.dll
0x00007ff910650000 - 0x00007ff910676000 	C:\WINDOWS\SYSTEM32\bcrypt.dll
0x00007ff90fd70000 - 0x00007ff90fd7c000 	C:\WINDOWS\SYSTEM32\CRYPTBASE.dll
0x00007ff880ef0000 - 0x00007ff880ef8000 	C:\WINDOWS\system32\wshunix.dll
0x00007ff90efd0000 - 0x00007ff90f0f6000 	C:\WINDOWS\SYSTEM32\DNSAPI.dll
0x00007ff8fe790000 - 0x00007ff8fe79b000 	C:\Windows\System32\rasadhlp.dll
0x00007ff902360000 - 0x00007ff9023e6000 	C:\WINDOWS\System32\fwpuclnt.dll

dbghelp: loaded successfully - version: 4.0.5 - missing functions: none
symbol engine: initialized successfully - sym options: 0x614 - pdb path: .;C:\Program Files\Android\Android Studio1\jbr\bin;C:\WINDOWS\SYSTEM32;C:\WINDOWS\WinSxS\amd64_microsoft.windows.common-controls_6595b64144ccf1df_6.0.26100.4484_none_3e0e6d4ce32ef3b3;C:\Program Files\Android\Android Studio1\jbr\bin\server;C:\Users\PC7\.gradle\native\1def1411415f61bf3af743bc5b6707747c0891f09f0c88961ee8f79bc544acac\windows-amd64;C:\Users\PC7\.gradle\native\0.2.7\x86_64-windows-gnu

VM Arguments:
jvm_args: --add-opens=java.base/java.lang=ALL-UNNAMED --add-opens=java.base/java.lang.invoke=ALL-UNNAMED --add-opens=java.base/java.util=ALL-UNNAMED --add-opens=java.prefs/java.util.prefs=ALL-UNNAMED --add-exports=jdk.compiler/com.sun.tools.javac.api=ALL-UNNAMED --add-exports=jdk.compiler/com.sun.tools.javac.util=ALL-UNNAMED --add-opens=java.base/java.util=ALL-UNNAMED --add-opens=java.prefs/java.util.prefs=ALL-UNNAMED --add-opens=java.base/java.nio.charset=ALL-UNNAMED --add-opens=java.base/java.net=ALL-UNNAMED --add-opens=java.base/java.util.concurrent.atomic=ALL-UNNAMED --add-opens=java.xml/javax.xml.namespace=ALL-UNNAMED -Xmx2048m -Dfile.encoding=UTF-8 -Duser.country=JP -Duser.language=ja -Duser.variant -javaagent:C:\Users\PC7\.gradle\wrapper\dists\gradle-8.13-bin\5xuhj0ry160q40clulazy9h7d\gradle-8.13\lib\agents\gradle-instrumentation-agent-8.13.jar 
java_command: org.gradle.launcher.daemon.bootstrap.GradleDaemon 8.13
java_class_path (initial): C:\Users\PC7\.gradle\wrapper\dists\gradle-8.13-bin\5xuhj0ry160q40clulazy9h7d\gradle-8.13\lib\gradle-daemon-main-8.13.jar
Launcher Type: SUN_STANDARD

[Global flags]
     intx CICompilerCount                          = 4                                         {product} {ergonomic}
     uint ConcGCThreads                            = 3                                         {product} {ergonomic}
     uint G1ConcRefinementThreads                  = 10                                        {product} {ergonomic}
   size_t G1HeapRegionSize                         = 1048576                                   {product} {ergonomic}
    uintx GCDrainStackTargetSize                   = 64                                        {product} {ergonomic}
   size_t InitialHeapSize                          = 268435456                                 {product} {ergonomic}
   size_t MarkStackSize                            = 4194304                                   {product} {ergonomic}
   size_t MaxHeapSize                              = 2147483648                                {product} {command line}
   size_t MaxNewSize                               = 1287651328                                {product} {ergonomic}
   size_t MinHeapDeltaBytes                        = 1048576                                   {product} {ergonomic}
   size_t MinHeapSize                              = 8388608                                   {product} {ergonomic}
    uintx NonNMethodCodeHeapSize                   = 5839372                                {pd product} {ergonomic}
    uintx NonProfiledCodeHeapSize                  = 122909434                              {pd product} {ergonomic}
    uintx ProfiledCodeHeapSize                     = 122909434                              {pd product} {ergonomic}
    uintx ReservedCodeCacheSize                    = 251658240                              {pd product} {ergonomic}
     bool SegmentedCodeCache                       = true                                      {product} {ergonomic}
   size_t SoftMaxHeapSize                          = 2147483648                             {manageable} {ergonomic}
     bool UseCompressedOops                        = true                           {product lp64_product} {ergonomic}
     bool UseG1GC                                  = true                                      {product} {ergonomic}
     bool UseLargePagesIndividualAllocation        = false                                  {pd product} {ergonomic}

Logging:
Log output configuration:
 #0: stdout all=warning uptime,level,tags foldmultilines=false
 #1: stderr all=off uptime,level,tags foldmultilines=false

Environment Variables:
PATH=C:\Program Files (x86)\Common Files\Oracle\Java\javapath;C:\Program Files (x86)\Common Files\Intel\Shared Libraries\redist\ia32\compiler;C:\Program Files (x86)\Common Files\Intel\Shared Libraries\redist\intel64\compiler;C:\Program Files (x86)\Intel\iCLS Client\;C:\Program Files\Intel\iCLS Client\;C:\Windows\system32;C:\Windows;C:\Windows\System32\Wbem;C:\Windows\System32\WindowsPowerShell\v1.0\;C:\Program Files (x86)\Intel\Intel(R) Management Engine Components\DAL;C:\Program Files\Intel\Intel(R) Management Engine Components\DAL;C:\Program Files (x86)\Intel\Intel(R) Management Engine Components\IPT;C:\Program Files\Intel\Intel(R) Management Engine Components\IPT;C:\Program Files (x86)\NVIDIA Corporation\PhysX\Common;C:\WINDOWS\system32;C:\WINDOWS;C:\WINDOWS\System32\Wbem;C:\WINDOWS\System32\WindowsPowerShell\v1.0\;C:\WINDOWS\System32\OpenSSH\;C:\Program Files (x86)\QuickTime\QTSystem\;C:\PROGRA~1\JPKI;C:\Program Files\Tesseract-OCR;C:\tools\poppler-24.02.0\Library\bin;C:\Users\PC7\AppData\Local\Programs\Python\Python312\Scripts\;C:\Users\PC7\AppData\Local\Programs\Python\Python312\;C:\Users\PC7\AppData\Local\Programs\Python\Launcher\;C:\Users\PC7\AppData\Local\Microsoft\WindowsApps;C:\Users\PC7\AppData\Local\Android\Sdk\ndk\26.1.10909125;C:\Program Files\platform-tools;C:\Users\PC7\AppData\Local\Programs\Microsoft VS Code\bin;
USERNAME=PC7
OS=Windows_NT
PROCESSOR_IDENTIFIER=Intel64 Family 6 Model 158 Stepping 10, GenuineIntel
TMP=C:\Users\PC7\AppData\Local\Temp
TEMP=C:\Users\PC7\AppData\Local\Temp




Periodic native trim disabled

JNI global refs:
JNI global refs: 32, weak refs: 93

JNI global refs memory usage: 835, weak refs: 2729

Process memory usage:
Resident Set Size: 955772K (5% of 16709904K total physical memory with 4275084K free physical memory)

OOME stack traces (most recent first):
Classloader memory used:
Loader org.gradle.internal.classloader.VisitableURLClassLoader                         : 99580K
Loader bootstrap                                                                       : 32884K
Loader org.gradle.initialization.MixInLegacyTypesClassLoader                           : 11086K
Loader org.gradle.internal.classloader.VisitableURLClassLoader                         : 863K
Loader jdk.internal.loader.ClassLoaders$PlatformClassLoader                            : 827K
Loader org.gradle.internal.classloader.VisitableURLClassLoader$InstrumentingVisitableURLClassLoader: 735K
Loader jdk.internal.jrtfs.JrtFileSystemProvider$JrtFsLoader                            : 329K
Loader jdk.internal.reflect.DelegatingClassLoader                                      : 258K
Loader jdk.internal.loader.ClassLoaders$AppClassLoader                                 : 235K
Loader org.gradle.groovy.scripts.internal.DefaultScriptCompilationHandler$ScriptClassLoader: 91440B
Loader org.codehaus.groovy.runtime.callsite.CallSiteClassLoader                        : 49608B

Classes loaded by more than one classloader:
Class org.gradle.api.GradleException                                                  : loaded 3 times (x 78B)
Class Program                                                                         : loaded 3 times (x 68B)
Class jdk.internal.jimage.BasicImageReader                                            : loaded 2 times (x 91B)
Class org.gradle.internal.classloader.ClassLoaderHierarchy                            : loaded 2 times (x 66B)
Class org.gradle.api.internal.classpath.ManifestUtil                                  : loaded 2 times (x 67B)
Class org.jetbrains.plugins.gradle.model.GradleExtensions                             : loaded 2 times (x 66B)
Class org.jetbrains.plugins.gradle.model.AnnotationProcessingModel                    : loaded 2 times (x 66B)
Class jdk.internal.jimage.decompressor.StringSharingDecompressorFactory               : loaded 2 times (x 70B)
Class org.gradle.internal.operations.MultipleBuildOperationFailures                   : loaded 2 times (x 91B)
Class org.gradle.internal.classloader.DefaultClassLoaderFactory                       : loaded 2 times (x 78B)
Class kotlin.collections.AbstractList$Companion                                       : loaded 2 times (x 67B)
Class org.gradle.internal.classloader.ClassLoaderVisitor                              : loaded 2 times (x 72B)
Class org.gradle.api.internal.classpath.EffectiveClassPath                            : loaded 2 times (x 86B)
Class org.gradle.tooling.internal.gradle.DefaultProjectIdentifier                     : loaded 2 times (x 82B)
Class org.gradle.api.internal.DefaultClassPathProvider                                : loaded 2 times (x 72B)
Class [Lorg.gradle.api.internal.ClassPathProvider;                                    : loaded 2 times (x 65B)
Class org.gradle.api.internal.ClassPathProvider                                       : loaded 2 times (x 66B)
Class jdk.internal.jrtfs.SystemImage                                                  : loaded 2 times (x 70B)
Class org.gradle.internal.service.UnknownServiceException                             : loaded 2 times (x 79B)
Class org.jetbrains.kotlin.idea.gradleTooling.KotlinDslScriptAdditionalTask           : loaded 2 times (x 66B)
Class org.gradle.internal.classpath.TransformedClassPath                              : loaded 2 times (x 92B)
Class org.gradle.internal.classloader.InstrumentingClassLoader                        : loaded 2 times (x 66B)
Class jdk.internal.jrtfs.SystemImage$1                                                : loaded 2 times (x 74B)
Class kotlin.enums.EnumEntriesList                                                    : loaded 2 times (x 219B)
Class jdk.internal.jrtfs.SystemImage$2                                                : loaded 2 times (x 72B)
Class org.jetbrains.kotlin.idea.gradleTooling.KotlinSourceSetContainer                : loaded 2 times (x 66B)
Class org.gradle.internal.classloader.FilteringClassLoader                            : loaded 2 times (x 101B)
Class org.gradle.internal.service.ServiceLocator                                      : loaded 2 times (x 66B)
Class jdk.internal.jrtfs.JrtFileSystemProvider                                        : loaded 2 times (x 97B)
Class org.gradle.tooling.model.UnsupportedMethodException                             : loaded 2 times (x 78B)
Class com.intellij.compose.ide.plugin.gradleTooling.rt.ComposeResourcesModel          : loaded 2 times (x 66B)
Class jdk.internal.jimage.ImageLocation                                               : loaded 2 times (x 86B)
Class jdk.internal.jrtfs.JrtDirectoryStream$1                                         : loaded 2 times (x 79B)
Class org.gradle.internal.InternalTransformer                                         : loaded 2 times (x 66B)
Class jdk.internal.jimage.ImageBufferCache$1                                          : loaded 2 times (x 79B)
Class org.gradle.internal.time.DefaultTimer                                           : loaded 2 times (x 76B)
Class org.gradle.internal.classloader.ClasspathUtil$1                                 : loaded 2 times (x 72B)
Class jdk.internal.jimage.ImageBufferCache$2                                          : loaded 2 times (x 87B)
Class org.gradle.api.internal.classpath.DefaultModuleRegistry$DefaultModule           : loaded 2 times (x 82B)
Class org.gradle.internal.time.DefaultCountdownTimer                                  : loaded 2 times (x 84B)
Class org.gradle.tooling.internal.gradle.DefaultBuildIdentifier                       : loaded 2 times (x 75B)
Class kotlin.Function                                                                 : loaded 2 times (x 66B)
Class org.gradle.api.internal.classpath.Module                                        : loaded 2 times (x 66B)
Class org.gradle.api.internal.classpath.UnknownModuleException                        : loaded 2 times (x 78B)
Class jdk.internal.jimage.ImageHeader                                                 : loaded 2 times (x 67B)
Class com.intellij.openapi.externalSystem.model.project.dependencies.ProjectDependencies: loaded 2 times (x 66B)
Class org.gradle.tooling.internal.gradle.GradleProjectIdentity                        : loaded 2 times (x 66B)
Class org.gradle.api.internal.DefaultClassPathRegistry                                : loaded 2 times (x 72B)
Class org.gradle.api.internal.ClassPathRegistry                                       : loaded 2 times (x 66B)
Class org.gradle.internal.classpath.DefaultClassPath$ImmutableUniqueList              : loaded 2 times (x 195B)
Class jdk.internal.jimage.decompressor.ResourceDecompressor                           : loaded 2 times (x 66B)
Class org.jetbrains.plugins.gradle.model.IntelliJSettings                             : loaded 2 times (x 66B)
Class Settings_gradle$1                                                               : loaded 2 times (x 70B)
Class org.gradle.internal.classpath.ClassPath                                         : loaded 2 times (x 66B)
Class org.gradle.api.UncheckedIOException                                             : loaded 2 times (x 78B)
Class org.jetbrains.kotlin.idea.gradleTooling.KotlinGradleModel                       : loaded 2 times (x 66B)
Class jdk.internal.jimage.ImageStringsReader                                          : loaded 2 times (x 76B)
Class org.gradle.tooling.model.Model                                                  : loaded 2 times (x 66B)
Class kotlin.UninitializedPropertyAccessException                                     : loaded 2 times (x 78B)
Class jdk.internal.jimage.ImageReader                                                 : loaded 2 times (x 71B)
Class org.jetbrains.plugins.gradle.model.IntelliJProjectSettings                      : loaded 2 times (x 66B)
Class jdk.internal.jimage.ImageReader$SharedImageReader                               : loaded 2 times (x 91B)
Class org.gradle.internal.installation.GradleInstallation$1                           : loaded 2 times (x 71B)
Class org.gradle.api.internal.classpath.ModuleRegistry                                : loaded 2 times (x 66B)
Class jdk.internal.jimage.decompressor.ResourceDecompressorFactory                    : loaded 2 times (x 70B)
Class org.jetbrains.plugins.gradle.model.VersionCatalogsModel                         : loaded 2 times (x 66B)
Class jdk.internal.jimage.ImageReader$Node                                            : loaded 2 times (x 80B)
Class org.gradle.api.internal.classpath.DefaultModuleRegistry                         : loaded 2 times (x 82B)
Class jdk.internal.jimage.BasicImageReader$1                                          : loaded 2 times (x 73B)
Class jdk.internal.jimage.decompressor.Decompressor                                   : loaded 2 times (x 68B)
Class jdk.internal.jimage.ImageReader$Resource                                        : loaded 2 times (x 80B)
Class org.gradle.internal.time.MonotonicClock                                         : loaded 2 times (x 73B)
Class org.gradle.internal.service.ServiceLookupException                              : loaded 2 times (x 78B)
Class jdk.internal.jrtfs.JrtFileAttributes                                            : loaded 2 times (x 79B)
Class org.gradle.internal.classloader.ClassLoaderFactory                              : loaded 2 times (x 66B)
Class ijInit9_1igcea571aqjm9f4kzs4u1aag                                               : loaded 2 times (x 175B)
Class org.gradle.internal.service.CachingServiceLocator                               : loaded 2 times (x 78B)
Class org.jetbrains.plugins.gradle.model.RepositoryModels                             : loaded 2 times (x 66B)
Class org.gradle.internal.time.TimeSource                                             : loaded 2 times (x 66B)
Class org.gradle.tooling.internal.gradle.GradleBuildIdentity                          : loaded 2 times (x 66B)
Class kotlin.enums.EnumEntries                                                        : loaded 2 times (x 66B)
Class org.gradle.internal.exceptions.ResolutionProvider                               : loaded 2 times (x 66B)
Class jdk.internal.jimage.ImageBufferCache                                            : loaded 2 times (x 67B)
Class jdk.internal.jrtfs.JrtPath                                                      : loaded 2 times (x 114B)
Class org.gradle.tooling.model.ProjectIdentifier                                      : loaded 2 times (x 66B)
Class org.gradle.internal.classloader.ClasspathUtil                                   : loaded 2 times (x 67B)
Class org.gradle.internal.time.TimeSource$1                                           : loaded 2 times (x 73B)
Class kotlin.jvm.internal.DefaultConstructorMarker                                    : loaded 2 times (x 67B)
Class org.gradle.api.specs.Spec                                                       : loaded 2 times (x 66B)
Class jdk.internal.jimage.ImageReader$SharedImageReader$LocationVisitor               : loaded 2 times (x 66B)
Class jdk.internal.jimage.decompressor.ResourceDecompressorRepository                 : loaded 2 times (x 67B)
Class org.gradle.internal.time.Clock                                                  : loaded 2 times (x 66B)
Class jdk.internal.jimage.ImageReader$Directory                                       : loaded 2 times (x 80B)
Class kotlin.collections.AbstractList                                                 : loaded 2 times (x 193B)
Class kotlin.collections.AbstractCollection                                           : loaded 2 times (x 113B)
Class sync_studio_tooling154_7zyq0r429ez49dngdk2l890hr                                : loaded 2 times (x 175B)
Class org.gradle.internal.classloader.VisitableURLClassLoader$InstrumentingVisitableURLClassLoader: loaded 2 times (x 119B)
Class org.gradle.internal.classloader.VisitableURLClassLoader$Spec                    : loaded 2 times (x 70B)
Class org.gradle.internal.classpath.DefaultClassPath                                  : loaded 2 times (x 86B)
Class jdk.internal.jimage.decompressor.ZipDecompressorFactory                         : loaded 2 times (x 70B)
Class org.gradle.internal.classloader.ClassLoaderSpec                                 : loaded 2 times (x 67B)
Class Settings_gradle$1$1                                                             : loaded 2 times (x 70B)
Class kotlin.Unit                                                                     : loaded 2 times (x 67B)
Class org.gradle.internal.classloader.VisitableURLClassLoader                         : loaded 2 times (x 113B)
Class Settings_gradle                                                                 : loaded 2 times (x 124B)
Class org.gradle.internal.Cast                                                        : loaded 2 times (x 67B)
Class org.gradle.api.Action                                                           : loaded 2 times (x 66B)
Class jdk.internal.jimage.decompressor.ZipDecompressor                                : loaded 2 times (x 71B)
Class kotlin.jvm.functions.Function1                                                  : loaded 2 times (x 66B)
Class org.gradle.internal.classpath.DefaultClassPath$ImmutableUniqueList$Builder      : loaded 2 times (x 71B)
Class kotlin.NotImplementedError                                                      : loaded 2 times (x 78B)
Class org.gradle.internal.exceptions.NonGradleCauseExceptionsHolder                   : loaded 2 times (x 66B)
Class jdk.internal.jimage.ImageStrings                                                : loaded 2 times (x 66B)
Class org.jetbrains.plugins.gradle.tooling.ModelBuilderService$Parameter              : loaded 2 times (x 66B)
Class kotlin.enums.EnumEntriesKt                                                      : loaded 2 times (x 67B)
Class org.gradle.internal.IoActions                                                   : loaded 2 times (x 67B)
Class org.gradle.internal.classloader.SystemClassLoaderSpec                           : loaded 2 times (x 67B)
Class org.gradle.internal.exceptions.MultiCauseException                              : loaded 2 times (x 66B)
Class org.gradle.internal.time.CountdownTimer                                         : loaded 2 times (x 66B)
Class kotlin.jvm.internal.Intrinsics                                                  : loaded 2 times (x 67B)
Class jdk.internal.jrtfs.JrtFileSystem                                                : loaded 2 times (x 98B)
Class org.gradle.tooling.model.ProjectModel                                           : loaded 2 times (x 66B)
Class jdk.internal.jimage.decompressor.CompressedResourceHeader                       : loaded 2 times (x 67B)
Class kotlin.KotlinNullPointerException                                               : loaded 2 times (x 79B)
Class org.jetbrains.plugins.gradle.model.tests.ExternalTestsModel                     : loaded 2 times (x 66B)
Class org.gradle.internal.exceptions.DefaultMultiCauseException                       : loaded 2 times (x 91B)
Class org.gradle.internal.time.Time                                                   : loaded 2 times (x 67B)
Class org.jetbrains.plugins.gradle.model.DependencyAccessorsModel                     : loaded 2 times (x 66B)
Class org.gradle.api.internal.classpath.GlobalCacheRootsProvider                      : loaded 2 times (x 66B)
Class org.jetbrains.kotlin.idea.gradleTooling.KotlinMPPGradleModel                    : loaded 2 times (x 66B)
Class org.gradle.tooling.model.BuildIdentifier                                        : loaded 2 times (x 66B)
Class org.jetbrains.kotlin.idea.gradleTooling.PrepareKotlinIdeImportTaskModel         : loaded 2 times (x 66B)
Class org.gradle.internal.time.Timer                                                  : loaded 2 times (x 66B)
Class kotlin.jvm.internal.markers.KMappedMarker                                       : loaded 2 times (x 66B)
Class org.gradle.internal.installation.CurrentGradleInstallationLocator               : loaded 2 times (x 67B)
Class org.gradle.internal.service.DefaultServiceLocator                               : loaded 2 times (x 79B)
Class jdk.internal.jrtfs.JrtDirectoryStream                                           : loaded 2 times (x 85B)
Class org.gradle.util.GradleVersion                                                   : loaded 2 times (x 75B)
Class org.gradle.internal.installation.CurrentGradleInstallation                      : loaded 2 times (x 69B)
Class org.jetbrains.plugins.gradle.javaModel.JavaGradleManifestModel                  : loaded 2 times (x 66B)
Class org.gradle.util.internal.GUtil                                                  : loaded 2 times (x 67B)
Class org.gradle.internal.installation.GradleInstallation                             : loaded 2 times (x 71B)
Class jdk.internal.jimage.decompressor.ResourceDecompressor$StringsProvider           : loaded 2 times (x 66B)

---------------  S Y S T E M  ---------------

OS:
 Windows 11 , 64 bit Build 26100 (10.0.26100.4484)
OS uptime: 1 days 11:03 hours

CPU: total 12 (initial active 12) (6 cores per cpu, 2 threads per core) family 6 model 158 stepping 10 microcode 0xde, cx8, cmov, fxsr, ht, mmx, 3dnowpref, sse, sse2, sse3, ssse3, sse4.1, sse4.2, popcnt, lzcnt, tsc, tscinvbit, avx, avx2, aes, erms, clmul, bmi1, bmi2, rtm, adx, fma, vzeroupper, clflush, clflushopt, rdtscp, f16c
Processor Information for the first 12 processors :
  Max Mhz: 3696, Current Mhz: 3696, Mhz Limit: 3696

Memory: 4k page, system-wide physical 16318M (4174M free)
TotalPageFile size 17342M (AvailPageFile size 87M)
current process WorkingSet (physical memory assigned to process): 933M, peak: 940M
current process commit charge ("private bytes"): 971M, peak: 1275M

vm_info: OpenJDK 64-Bit Server VM (21.0.6+-13391695-b895.109) for windows-amd64 JRE (21.0.6+-13391695-b895.109), built on 2025-04-22T21:19:17Z by "builder" with MS VC++ 16.10 / 16.11 (VS2019)

END.
