#
# There is insufficient memory for the Java Runtime Environment to continue.
# Native memory allocation (malloc) failed to allocate 1196816 bytes. Error detail: Chunk::new
# Possible reasons:
#   The system is out of physical RAM or swap space
#   This process is running with CompressedOops enabled, and the Java Heap may be blocking the growth of the native heap
# Possible solutions:
#   Reduce memory load on the system
#   Increase physical memory or swap space
#   Check if swap backing store is full
#   Decrease Java heap size (-Xmx/-Xms)
#   Decrease number of Java threads
#   Decrease Java thread stack sizes (-Xss)
#   Set larger code cache with -XX:ReservedCodeCacheSize=
#   JVM is running with Unscaled Compressed Oops mode in which the Java heap is
#     placed in the first 4GB address space. The Java Heap base address is the
#     maximum limit for the native heap growth. Please use -XX:HeapBaseMinAddress
#     to set the Java Heap base and to place the Java Heap above 4GB virtual address.
# This output file may be truncated or incomplete.
#
#  Out of Memory Error (arena.cpp:168), pid=21732, tid=13996
#
# JRE version: OpenJDK Runtime Environment (21.0.6) (build 21.0.6+-13391695-b895.109)
# Java VM: OpenJDK 64-Bit Server VM (21.0.6+-13391695-b895.109, mixed mode, tiered, compressed oops, compressed class ptrs, g1 gc, windows-amd64)
# No core dump will be written. Minidumps are not enabled by default on client versions of Windows
#

---------------  S U M M A R Y ------------

Command Line: --add-opens=java.base/java.util=ALL-UNNAMED --add-opens=java.base/java.lang=ALL-UNNAMED --add-opens=java.base/java.lang.invoke=ALL-UNNAMED --add-opens=java.prefs/java.util.prefs=ALL-UNNAMED --add-opens=java.base/java.nio.charset=ALL-UNNAMED --add-opens=java.base/java.net=ALL-UNNAMED --add-opens=java.base/java.util.concurrent.atomic=ALL-UNNAMED -Xmx2048m -Dfile.encoding=UTF-8 -Duser.country=JP -Duser.language=ja -Duser.variant -javaagent:C:\Users\PC7\.gradle\wrapper\dists\gradle-8.2-bin\bbg7u40eoinfdyxsxr3z4i7ta\gradle-8.2\lib\agents\gradle-instrumentation-agent-8.2.jar org.gradle.launcher.daemon.bootstrap.GradleDaemon 8.2

Host: Intel(R) Core(TM) i7-8700K CPU @ 3.70GHz, 12 cores, 15G,  Windows 11 , 64 bit Build 26100 (10.0.26100.4484)
Time: Mon Aug  4 21:25:31 2025  Windows 11 , 64 bit Build 26100 (10.0.26100.4484) elapsed time: 1227.169303 seconds (0d 0h 20m 27s)

---------------  T H R E A D  ---------------

Current thread (0x000001de5e248cf0):  JavaThread "C2 CompilerThread0" daemon [_thread_in_native, id=13996, stack(0x00000067a7d00000,0x00000067a7e00000) (1024K)]


Current CompileTask:
C2:1227169 24502 %     4       org.jetbrains.kotlin.cli.jvm.index.JvmDependenciesIndexImpl::search @ 178 (379 bytes)

Stack: [0x00000067a7d00000,0x00000067a7e00000]
Native frames: (J=compiled Java code, j=interpreted, Vv=VM code, C=native code)
V  [jvm.dll+0x6d0639]
V  [jvm.dll+0x85eb03]
V  [jvm.dll+0x86105e]
V  [jvm.dll+0x861743]
V  [jvm.dll+0x27e6e6]
V  [jvm.dll+0xbff6d]
V  [jvm.dll+0xc04a3]
V  [jvm.dll+0x3b6171]
V  [jvm.dll+0x3820c7]
V  [jvm.dll+0x38153a]
V  [jvm.dll+0x247c82]
V  [jvm.dll+0x247251]
V  [jvm.dll+0x1c5f04]
V  [jvm.dll+0x2569ac]
V  [jvm.dll+0x254ef6]
V  [jvm.dll+0x3f0e96]
V  [jvm.dll+0x806ed8]
V  [jvm.dll+0x6cef0d]
C  [ucrtbase.dll+0x37b0]
C  [KERNEL32.DLL+0x2e8d7]
C  [ntdll.dll+0x3c34c]


---------------  P R O C E S S  ---------------

Threads class SMR info:
_java_thread_list=0x000001de73d76720, length=62, elements={
0x000001de465cb8e0, 0x000001de5e259f90, 0x000001de5e25aae0, 0x000001de5e26f3a0,
0x000001de5e244ac0, 0x000001de5e245510, 0x000001de5e245f60, 0x000001de5e248cf0,
0x000001de5e2498b0, 0x000001de5e38c7b0, 0x000001de5e6b9810, 0x000001de643c9510,
0x000001de63e5d480, 0x000001de63e864c0, 0x000001de63e63e70, 0x000001de63e65220,
0x000001de63e64b90, 0x000001de63e63150, 0x000001de63e658b0, 0x000001de685d8180,
0x000001de685d8810, 0x000001de685d7af0, 0x000001de685d8ea0, 0x000001de685d9530,
0x000001de685da250, 0x000001de685d9bc0, 0x000001de685da8e0, 0x000001de685d7460,
0x000001de685dc9b0, 0x000001de685dd040, 0x000001de685ddd60, 0x000001de685dd6d0,
0x000001de685db600, 0x000001de671a5570, 0x000001de679f7f60, 0x000001de66839e80,
0x000001de66838ad0, 0x000001de66836a00, 0x000001de6683a510, 0x000001de66838440,
0x000001de6683aba0, 0x000001de66837720, 0x000001de66837db0, 0x000001de6683d300,
0x000001de72f5a020, 0x000001de6683d990, 0x000001de6683b8c0, 0x000001de6683bf50,
0x000001de6683c5e0, 0x000001de6683e020, 0x000001de744cc4c0, 0x000001de744ccb50,
0x000001de744ca3f0, 0x000001de744caa80, 0x000001de744cbe30, 0x000001de744c9d60,
0x000001de744cb110, 0x000001de744cb7a0, 0x000001de744c96d0, 0x000001de744cd870,
0x000001de744d0660, 0x000001de72f5c900
}

Java Threads: ( => current thread )
  0x000001de465cb8e0 JavaThread "main"                              [_thread_blocked, id=13864, stack(0x00000067a6f00000,0x00000067a7000000) (1024K)]
  0x000001de5e259f90 JavaThread "Reference Handler"          daemon [_thread_blocked, id=13896, stack(0x00000067a7700000,0x00000067a7800000) (1024K)]
  0x000001de5e25aae0 JavaThread "Finalizer"                  daemon [_thread_blocked, id=19412, stack(0x00000067a7800000,0x00000067a7900000) (1024K)]
  0x000001de5e26f3a0 JavaThread "Signal Dispatcher"          daemon [_thread_blocked, id=14104, stack(0x00000067a7900000,0x00000067a7a00000) (1024K)]
  0x000001de5e244ac0 JavaThread "Attach Listener"            daemon [_thread_blocked, id=5608, stack(0x00000067a7a00000,0x00000067a7b00000) (1024K)]
  0x000001de5e245510 JavaThread "Service Thread"             daemon [_thread_blocked, id=388, stack(0x00000067a7b00000,0x00000067a7c00000) (1024K)]
  0x000001de5e245f60 JavaThread "Monitor Deflation Thread"   daemon [_thread_blocked, id=25212, stack(0x00000067a7c00000,0x00000067a7d00000) (1024K)]
=>0x000001de5e248cf0 JavaThread "C2 CompilerThread0"         daemon [_thread_in_native, id=13996, stack(0x00000067a7d00000,0x00000067a7e00000) (1024K)]
  0x000001de5e2498b0 JavaThread "C1 CompilerThread0"         daemon [_thread_in_vm, id=15880, stack(0x00000067a7e00000,0x00000067a7f00000) (1024K)]
  0x000001de5e38c7b0 JavaThread "Common-Cleaner"             daemon [_thread_blocked, id=27232, stack(0x00000067a7f00000,0x00000067a8000000) (1024K)]
  0x000001de5e6b9810 JavaThread "Notification Thread"        daemon [_thread_blocked, id=11624, stack(0x00000067a8000000,0x00000067a8100000) (1024K)]
  0x000001de643c9510 JavaThread "Daemon health stats"               [_thread_blocked, id=24948, stack(0x00000067a8800000,0x00000067a8900000) (1024K)]
  0x000001de63e5d480 JavaThread "Incoming local TCP Connector on port 56524"        [_thread_in_native, id=13776, stack(0x00000067a8900000,0x00000067a8a00000) (1024K)]
  0x000001de63e864c0 JavaThread "Daemon periodic checks"            [_thread_blocked, id=13644, stack(0x00000067a8a00000,0x00000067a8b00000) (1024K)]
  0x000001de63e63e70 JavaThread "Cache worker for journal cache (C:\Users\PC7\.gradle\caches\journal-1)"        [_thread_blocked, id=1320, stack(0x00000067a9800000,0x00000067a9900000) (1024K)]
  0x000001de63e65220 JavaThread "File lock request listener"        [_thread_in_native, id=3240, stack(0x00000067a9900000,0x00000067a9a00000) (1024K)]
  0x000001de63e64b90 JavaThread "Cache worker for file hash cache (C:\Users\PC7\.gradle\caches\8.2\fileHashes)"        [_thread_blocked, id=18636, stack(0x00000067a9a00000,0x00000067a9b00000) (1024K)]
  0x000001de63e63150 JavaThread "File watcher server"        daemon [_thread_in_native, id=24888, stack(0x00000067a9b00000,0x00000067a9c00000) (1024K)]
  0x000001de63e658b0 JavaThread "File watcher consumer"      daemon [_thread_blocked, id=22632, stack(0x00000067a9c00000,0x00000067a9d00000) (1024K)]
  0x000001de685d8180 JavaThread "jar transforms"                    [_thread_blocked, id=18208, stack(0x00000067a9d00000,0x00000067a9e00000) (1024K)]
  0x000001de685d8810 JavaThread "jar transforms Thread 2"           [_thread_blocked, id=11892, stack(0x00000067a9e00000,0x00000067a9f00000) (1024K)]
  0x000001de685d7af0 JavaThread "jar transforms Thread 3"           [_thread_blocked, id=19132, stack(0x00000067a9f00000,0x00000067aa000000) (1024K)]
  0x000001de685d8ea0 JavaThread "jar transforms Thread 4"           [_thread_blocked, id=7260, stack(0x00000067aa000000,0x00000067aa100000) (1024K)]
  0x000001de685d9530 JavaThread "jar transforms Thread 5"           [_thread_blocked, id=23500, stack(0x00000067aa100000,0x00000067aa200000) (1024K)]
  0x000001de685da250 JavaThread "jar transforms Thread 6"           [_thread_blocked, id=20240, stack(0x00000067aa200000,0x00000067aa300000) (1024K)]
  0x000001de685d9bc0 JavaThread "jar transforms Thread 7"           [_thread_blocked, id=26792, stack(0x00000067aa300000,0x00000067aa400000) (1024K)]
  0x000001de685da8e0 JavaThread "jar transforms Thread 8"           [_thread_blocked, id=21800, stack(0x00000067aa400000,0x00000067aa500000) (1024K)]
  0x000001de685d7460 JavaThread "jar transforms Thread 9"           [_thread_blocked, id=27304, stack(0x00000067aa500000,0x00000067aa600000) (1024K)]
  0x000001de685dc9b0 JavaThread "jar transforms Thread 10"          [_thread_blocked, id=21096, stack(0x00000067aa600000,0x00000067aa700000) (1024K)]
  0x000001de685dd040 JavaThread "jar transforms Thread 11"          [_thread_blocked, id=3548, stack(0x00000067aa700000,0x00000067aa800000) (1024K)]
  0x000001de685ddd60 JavaThread "jar transforms Thread 12"          [_thread_blocked, id=8044, stack(0x00000067aa800000,0x00000067aa900000) (1024K)]
  0x000001de685dd6d0 JavaThread "Cache worker for file content cache (C:\Users\PC7\.gradle\caches\8.2\fileContent)"        [_thread_blocked, id=18552, stack(0x00000067aab00000,0x00000067aac00000) (1024K)]
  0x000001de685db600 JavaThread "Cache worker for execution history cache (C:\Users\PC7\.gradle\caches\8.2\executionHistory)"        [_thread_blocked, id=2276, stack(0x00000067aae00000,0x00000067aaf00000) (1024K)]
  0x000001de671a5570 JavaThread "Cache worker for kotlin-dsl (C:\Users\PC7\.gradle\caches\8.2\kotlin-dsl)"        [_thread_blocked, id=24784, stack(0x00000067aaf00000,0x00000067ab000000) (1024K)]
  0x000001de679f7f60 JavaThread "Memory manager"                    [_thread_blocked, id=7924, stack(0x00000067abe00000,0x00000067abf00000) (1024K)]
  0x000001de66839e80 JavaThread "Daemon Thread 4"                   [_thread_blocked, id=6464, stack(0x00000067a6c00000,0x00000067a6d00000) (1024K)]
  0x000001de66838ad0 JavaThread "Daemon Thread 5"                   [_thread_blocked, id=3532, stack(0x00000067a6e00000,0x00000067a6f00000) (1024K)]
  0x000001de66836a00 JavaThread "Handler for socket connection from /127.0.0.1:56524 to /127.0.0.1:56774"        [_thread_in_native, id=18056, stack(0x00000067a6d00000,0x00000067a6e00000) (1024K)]
  0x000001de6683a510 JavaThread "Cancel handler"                    [_thread_blocked, id=13532, stack(0x00000067a8100000,0x00000067a8200000) (1024K)]
  0x000001de66838440 JavaThread "Daemon worker Thread 4"            [_thread_in_Java, id=12068, stack(0x00000067a8200000,0x00000067a8300000) (1024K)]
  0x000001de6683aba0 JavaThread "Asynchronous log dispatcher for DefaultDaemonConnection: socket connection from /127.0.0.1:56524 to /127.0.0.1:56774"        [_thread_blocked, id=26812, stack(0x00000067a8b00000,0x00000067a8c00000) (1024K)]
  0x000001de66837720 JavaThread "Stdin handler"                     [_thread_blocked, id=21988, stack(0x00000067a8c00000,0x00000067a8d00000) (1024K)]
  0x000001de66837db0 JavaThread "Daemon client event forwarder"        [_thread_blocked, id=18136, stack(0x00000067a8d00000,0x00000067a8e00000) (1024K)]
  0x000001de6683d300 JavaThread "Cache worker for checksums cache (C:\Users\PC7\AndroidStudioProjects\MyApplication4\.gradle\8.2\checksums)"        [_thread_blocked, id=23324, stack(0x00000067a8f00000,0x00000067a9000000) (1024K)]
  0x000001de72f5a020 JavaThread "C2 CompilerThread1"         daemon [_thread_in_native, id=22196, stack(0x00000067a8e00000,0x00000067a8f00000) (1024K)]
  0x000001de6683d990 JavaThread "Cache worker for cache directory md-rule (C:\Users\PC7\.gradle\caches\8.2\md-rule)"        [_thread_blocked, id=5880, stack(0x00000067a9000000,0x00000067a9100000) (1024K)]
  0x000001de6683b8c0 JavaThread "Cache worker for file hash cache (C:\Users\PC7\AndroidStudioProjects\MyApplication4\.gradle\8.2\fileHashes)"        [_thread_blocked, id=20216, stack(0x00000067a9100000,0x00000067a9200000) (1024K)]
  0x000001de6683bf50 JavaThread "Cache worker for cache directory md-supplier (C:\Users\PC7\.gradle\caches\8.2\md-supplier)"        [_thread_blocked, id=24356, stack(0x00000067aa900000,0x00000067aaa00000) (1024K)]
  0x000001de6683c5e0 JavaThread "Cache worker for dependencies-accessors (C:\Users\PC7\AndroidStudioProjects\MyApplication4\.gradle\8.2\dependencies-accessors)"        [_thread_blocked, id=3132, stack(0x00000067aaa00000,0x00000067aab00000) (1024K)]
  0x000001de6683e020 JavaThread "Cache worker for Build Output Cleanup Cache (C:\Users\PC7\AndroidStudioProjects\MyApplication4\.gradle\buildOutputCleanup)"        [_thread_blocked, id=6668, stack(0x00000067aac00000,0x00000067aad00000) (1024K)]
  0x000001de744cc4c0 JavaThread "Unconstrained build operations"        [_thread_blocked, id=12684, stack(0x00000067ab000000,0x00000067ab100000) (1024K)]
  0x000001de744ccb50 JavaThread "Unconstrained build operations Thread 2"        [_thread_blocked, id=16752, stack(0x00000067ab100000,0x00000067ab200000) (1024K)]
  0x000001de744ca3f0 JavaThread "Unconstrained build operations Thread 3"        [_thread_blocked, id=21628, stack(0x00000067ab200000,0x00000067ab300000) (1024K)]
  0x000001de744caa80 JavaThread "Unconstrained build operations Thread 4"        [_thread_blocked, id=27280, stack(0x00000067ab300000,0x00000067ab400000) (1024K)]
  0x000001de744cbe30 JavaThread "Unconstrained build operations Thread 5"        [_thread_blocked, id=4848, stack(0x00000067ab400000,0x00000067ab500000) (1024K)]
  0x000001de744c9d60 JavaThread "Unconstrained build operations Thread 6"        [_thread_blocked, id=13172, stack(0x00000067ab500000,0x00000067ab600000) (1024K)]
  0x000001de744cb110 JavaThread "Unconstrained build operations Thread 7"        [_thread_blocked, id=20856, stack(0x00000067ab600000,0x00000067ab700000) (1024K)]
  0x000001de744cb7a0 JavaThread "Unconstrained build operations Thread 8"        [_thread_blocked, id=20068, stack(0x00000067ab700000,0x00000067ab800000) (1024K)]
  0x000001de744c96d0 JavaThread "Unconstrained build operations Thread 9"        [_thread_blocked, id=16612, stack(0x00000067ab800000,0x00000067ab900000) (1024K)]
  0x000001de744cd870 JavaThread "Unconstrained build operations Thread 10"        [_thread_blocked, id=13304, stack(0x00000067ab900000,0x00000067aba00000) (1024K)]
  0x000001de744d0660 JavaThread "Unconstrained build operations Thread 11"        [_thread_blocked, id=19072, stack(0x00000067aba00000,0x00000067abb00000) (1024K)]
  0x000001de72f5c900 JavaThread "C2 CompilerThread2"         daemon [_thread_in_native, id=372, stack(0x00000067aad00000,0x00000067aae00000) (1024K)]
Total: 62

Other Threads:
  0x000001de5e19aa90 VMThread "VM Thread"                           [id=26864, stack(0x00000067a7600000,0x00000067a7700000) (1024K)]
  0x000001de5db79e50 WatcherThread "VM Periodic Task Thread"        [id=5860, stack(0x00000067a7500000,0x00000067a7600000) (1024K)]
  0x000001de46625320 WorkerThread "GC Thread#0"                     [id=24560, stack(0x00000067a7000000,0x00000067a7100000) (1024K)]
  0x000001de6342a920 WorkerThread "GC Thread#1"                     [id=4828, stack(0x00000067a8300000,0x00000067a8400000) (1024K)]
  0x000001de636852d0 WorkerThread "GC Thread#2"                     [id=19976, stack(0x00000067a8400000,0x00000067a8500000) (1024K)]
  0x000001de5e80b090 WorkerThread "GC Thread#3"                     [id=25588, stack(0x00000067a8500000,0x00000067a8600000) (1024K)]
  0x000001de63697f80 WorkerThread "GC Thread#4"                     [id=17788, stack(0x00000067a8600000,0x00000067a8700000) (1024K)]
  0x000001de63698320 WorkerThread "GC Thread#5"                     [id=12908, stack(0x00000067a8700000,0x00000067a8800000) (1024K)]
  0x000001de6462b850 WorkerThread "GC Thread#6"                     [id=17400, stack(0x00000067a9200000,0x00000067a9300000) (1024K)]
  0x000001de648241d0 WorkerThread "GC Thread#7"                     [id=1212, stack(0x00000067a9300000,0x00000067a9400000) (1024K)]
  0x000001de64824570 WorkerThread "GC Thread#8"                     [id=14132, stack(0x00000067a9400000,0x00000067a9500000) (1024K)]
  0x000001de63c65510 WorkerThread "GC Thread#9"                     [id=24268, stack(0x00000067a9500000,0x00000067a9600000) (1024K)]
  0x000001de46637050 ConcurrentGCThread "G1 Main Marker"            [id=21476, stack(0x00000067a7100000,0x00000067a7200000) (1024K)]
  0x000001de46637a60 WorkerThread "G1 Conc#0"                       [id=11372, stack(0x00000067a7200000,0x00000067a7300000) (1024K)]
  0x000001de63c82730 WorkerThread "G1 Conc#1"                       [id=11756, stack(0x00000067a9600000,0x00000067a9700000) (1024K)]
  0x000001de63c835b0 WorkerThread "G1 Conc#2"                       [id=12804, stack(0x00000067a9700000,0x00000067a9800000) (1024K)]
  0x000001de5dac05a0 ConcurrentGCThread "G1 Refine#0"               [id=24744, stack(0x00000067a7300000,0x00000067a7400000) (1024K)]
  0x000001de5dac21d0 ConcurrentGCThread "G1 Service"                [id=27216, stack(0x00000067a7400000,0x00000067a7500000) (1024K)]
Total: 18

Threads with active compile tasks:
C2 CompilerThread0  1228194 24502 %     4       org.jetbrains.kotlin.cli.jvm.index.JvmDependenciesIndexImpl::search @ 178 (379 bytes)
C1 CompilerThread0  1228194 24942       2       org.jetbrains.kotlin.serialization.deserialization.descriptors.DeserializedMemberScope$OptimizedImplementation::<init> (881 bytes)
C2 CompilerThread1  1228194 24676   !   4       org.jetbrains.kotlin.metadata.ProtoBuf$Type::<init> (875 bytes)
C2 CompilerThread2  1228194 24532       4       org.jetbrains.kotlin.load.java.structure.impl.classFiles.BinaryClassSignatureParser::parseParameterizedClassRefSignature (262 bytes)
Total: 4

VM state: not at safepoint (normal execution)

VM Mutex/Monitor currently owned by a thread: None

Heap address: 0x0000000080000000, size: 2048 MB, Compressed Oops mode: 32-bit

CDS archive(s) not mapped
Compressed class space mapped at: 0x0000000100000000-0x0000000140000000, reserved size: 1073741824
Narrow klass base: 0x0000000000000000, Narrow klass shift: 3, Narrow klass range: 0x140000000

GC Precious Log:
 CardTable entry size: 512
 Card Set container configuration: InlinePtr #cards 5 size 8 Array Of Cards #cards 12 size 40 Howl #buckets 4 coarsen threshold 1843 Howl Bitmap #cards 512 size 80 coarsen threshold 460 Card regions per heap region 1 cards per card region 2048
 CPUs: 12 total, 12 available
 Memory: 16318M
 Large Page Support: Disabled
 NUMA Support: Disabled
 Compressed Oops: Enabled (32-bit)
 Heap Region Size: 1M
 Heap Min Capacity: 8M
 Heap Initial Capacity: 256M
 Heap Max Capacity: 2G
 Pre-touch: Disabled
 Parallel Workers: 10
 Concurrent Workers: 3
 Concurrent Refinement Workers: 10
 Periodic GC: Disabled

Heap:
 garbage-first heap   total 413696K, used 368574K [0x0000000080000000, 0x0000000100000000)
  region size 1024K, 112 young (114688K), 6 survivors (6144K)
 Metaspace       used 197997K, committed 200768K, reserved 1245184K
  class space    used 25056K, committed 26496K, reserved 1048576K

Heap Regions: E=young(eden), S=young(survivor), O=old, HS=humongous(starts), HC=humongous(continues), CS=collection set, F=free, TAMS=top-at-mark-start, PB=parsable bottom
|   0|0x0000000080000000, 0x0000000080100000, 0x0000000080100000|100%|HS|  |TAMS 0x0000000080000000| PB 0x0000000080000000| Complete 
|   1|0x0000000080100000, 0x0000000080200000, 0x0000000080200000|100%|HC|  |TAMS 0x0000000080100000| PB 0x0000000080100000| Complete 
|   2|0x0000000080200000, 0x0000000080300000, 0x0000000080300000|100%|HC|  |TAMS 0x0000000080200000| PB 0x0000000080200000| Complete 
|   3|0x0000000080300000, 0x0000000080400000, 0x0000000080400000|100%|HC|  |TAMS 0x0000000080300000| PB 0x0000000080300000| Complete 
|   4|0x0000000080400000, 0x0000000080500000, 0x0000000080500000|100%| O|  |TAMS 0x0000000080400000| PB 0x0000000080400000| Untracked 
|   5|0x0000000080500000, 0x0000000080600000, 0x0000000080600000|100%| O|  |TAMS 0x0000000080500000| PB 0x0000000080500000| Untracked 
|   6|0x0000000080600000, 0x0000000080700000, 0x0000000080700000|100%| O|  |TAMS 0x0000000080600000| PB 0x0000000080600000| Untracked 
|   7|0x0000000080700000, 0x0000000080800000, 0x0000000080800000|100%| O|  |TAMS 0x0000000080700000| PB 0x0000000080700000| Untracked 
|   8|0x0000000080800000, 0x0000000080900000, 0x0000000080900000|100%|HS|  |TAMS 0x0000000080800000| PB 0x0000000080800000| Complete 
|   9|0x0000000080900000, 0x0000000080a00000, 0x0000000080a00000|100%| O|  |TAMS 0x0000000080900000| PB 0x0000000080900000| Untracked 
|  10|0x0000000080a00000, 0x0000000080b00000, 0x0000000080b00000|100%| O|  |TAMS 0x0000000080a00000| PB 0x0000000080a00000| Untracked 
|  11|0x0000000080b00000, 0x0000000080c00000, 0x0000000080c00000|100%| O|  |TAMS 0x0000000080b00000| PB 0x0000000080b00000| Untracked 
|  12|0x0000000080c00000, 0x0000000080d00000, 0x0000000080d00000|100%|HS|  |TAMS 0x0000000080c00000| PB 0x0000000080c00000| Complete 
|  13|0x0000000080d00000, 0x0000000080e00000, 0x0000000080e00000|100%|HC|  |TAMS 0x0000000080d00000| PB 0x0000000080d00000| Complete 
|  14|0x0000000080e00000, 0x0000000080f00000, 0x0000000080f00000|100%|HC|  |TAMS 0x0000000080e00000| PB 0x0000000080e00000| Complete 
|  15|0x0000000080f00000, 0x0000000081000000, 0x0000000081000000|100%|HC|  |TAMS 0x0000000080f00000| PB 0x0000000080f00000| Complete 
|  16|0x0000000081000000, 0x0000000081100000, 0x0000000081100000|100%|HC|  |TAMS 0x0000000081000000| PB 0x0000000081000000| Complete 
|  17|0x0000000081100000, 0x0000000081200000, 0x0000000081200000|100%|HC|  |TAMS 0x0000000081100000| PB 0x0000000081100000| Complete 
|  18|0x0000000081200000, 0x0000000081300000, 0x0000000081300000|100%|HS|  |TAMS 0x0000000081200000| PB 0x0000000081200000| Complete 
|  19|0x0000000081300000, 0x0000000081400000, 0x0000000081400000|100%|HC|  |TAMS 0x0000000081300000| PB 0x0000000081300000| Complete 
|  20|0x0000000081400000, 0x0000000081500000, 0x0000000081500000|100%|HC|  |TAMS 0x0000000081400000| PB 0x0000000081400000| Complete 
|  21|0x0000000081500000, 0x0000000081600000, 0x0000000081600000|100%|HC|  |TAMS 0x0000000081500000| PB 0x0000000081500000| Complete 
|  22|0x0000000081600000, 0x0000000081700000, 0x0000000081700000|100%|HS|  |TAMS 0x0000000081600000| PB 0x0000000081600000| Complete 
|  23|0x0000000081700000, 0x0000000081800000, 0x0000000081800000|100%|HC|  |TAMS 0x0000000081700000| PB 0x0000000081700000| Complete 
|  24|0x0000000081800000, 0x0000000081900000, 0x0000000081900000|100%|HS|  |TAMS 0x0000000081800000| PB 0x0000000081800000| Complete 
|  25|0x0000000081900000, 0x0000000081a00000, 0x0000000081a00000|100%|HS|  |TAMS 0x0000000081900000| PB 0x0000000081900000| Complete 
|  26|0x0000000081a00000, 0x0000000081b00000, 0x0000000081b00000|100%|HC|  |TAMS 0x0000000081a00000| PB 0x0000000081a00000| Complete 
|  27|0x0000000081b00000, 0x0000000081c00000, 0x0000000081c00000|100%|HC|  |TAMS 0x0000000081b00000| PB 0x0000000081b00000| Complete 
|  28|0x0000000081c00000, 0x0000000081d00000, 0x0000000081d00000|100%|HC|  |TAMS 0x0000000081c00000| PB 0x0000000081c00000| Complete 
|  29|0x0000000081d00000, 0x0000000081e00000, 0x0000000081e00000|100%|HC|  |TAMS 0x0000000081d00000| PB 0x0000000081d00000| Complete 
|  30|0x0000000081e00000, 0x0000000081f00000, 0x0000000081f00000|100%|HC|  |TAMS 0x0000000081e00000| PB 0x0000000081e00000| Complete 
|  31|0x0000000081f00000, 0x0000000082000000, 0x0000000082000000|100%|HS|  |TAMS 0x0000000081f00000| PB 0x0000000081f00000| Complete 
|  32|0x0000000082000000, 0x0000000082100000, 0x0000000082100000|100%|HS|  |TAMS 0x0000000082000000| PB 0x0000000082000000| Complete 
|  33|0x0000000082100000, 0x0000000082200000, 0x0000000082200000|100%|HC|  |TAMS 0x0000000082100000| PB 0x0000000082100000| Complete 
|  34|0x0000000082200000, 0x0000000082300000, 0x0000000082300000|100%|HC|  |TAMS 0x0000000082200000| PB 0x0000000082200000| Complete 
|  35|0x0000000082300000, 0x0000000082400000, 0x0000000082400000|100%|HC|  |TAMS 0x0000000082300000| PB 0x0000000082300000| Complete 
|  36|0x0000000082400000, 0x0000000082500000, 0x0000000082500000|100%| O|  |TAMS 0x0000000082400000| PB 0x0000000082400000| Untracked 
|  37|0x0000000082500000, 0x0000000082600000, 0x0000000082600000|100%| O|  |TAMS 0x0000000082500000| PB 0x0000000082500000| Untracked 
|  38|0x0000000082600000, 0x0000000082700000, 0x0000000082700000|100%| O|  |TAMS 0x0000000082600000| PB 0x0000000082600000| Untracked 
|  39|0x0000000082700000, 0x0000000082800000, 0x0000000082800000|100%| O|  |TAMS 0x0000000082700000| PB 0x0000000082700000| Untracked 
|  40|0x0000000082800000, 0x0000000082900000, 0x0000000082900000|100%| O|  |TAMS 0x0000000082800000| PB 0x0000000082800000| Untracked 
|  41|0x0000000082900000, 0x0000000082a00000, 0x0000000082a00000|100%| O|  |TAMS 0x0000000082900000| PB 0x0000000082900000| Untracked 
|  42|0x0000000082a00000, 0x0000000082b00000, 0x0000000082b00000|100%|HS|  |TAMS 0x0000000082a00000| PB 0x0000000082a00000| Complete 
|  43|0x0000000082b00000, 0x0000000082c00000, 0x0000000082c00000|100%| O|  |TAMS 0x0000000082b00000| PB 0x0000000082b00000| Untracked 
|  44|0x0000000082c00000, 0x0000000082d00000, 0x0000000082d00000|100%| O|  |TAMS 0x0000000082c00000| PB 0x0000000082c00000| Untracked 
|  45|0x0000000082d00000, 0x0000000082e00000, 0x0000000082e00000|100%|HS|  |TAMS 0x0000000082d00000| PB 0x0000000082d00000| Complete 
|  46|0x0000000082e00000, 0x0000000082f00000, 0x0000000082f00000|100%| O|  |TAMS 0x0000000082e00000| PB 0x0000000082e00000| Untracked 
|  47|0x0000000082f00000, 0x0000000083000000, 0x0000000083000000|100%| O|  |TAMS 0x0000000082f00000| PB 0x0000000082f00000| Untracked 
|  48|0x0000000083000000, 0x0000000083100000, 0x0000000083100000|100%| O|  |TAMS 0x0000000083000000| PB 0x0000000083000000| Untracked 
|  49|0x0000000083100000, 0x0000000083200000, 0x0000000083200000|100%| O|  |TAMS 0x0000000083100000| PB 0x0000000083100000| Untracked 
|  50|0x0000000083200000, 0x0000000083300000, 0x0000000083300000|100%| O|  |TAMS 0x0000000083200000| PB 0x0000000083200000| Untracked 
|  51|0x0000000083300000, 0x0000000083400000, 0x0000000083400000|100%| O|  |TAMS 0x0000000083300000| PB 0x0000000083300000| Untracked 
|  52|0x0000000083400000, 0x0000000083500000, 0x0000000083500000|100%| O|  |TAMS 0x0000000083400000| PB 0x0000000083400000| Untracked 
|  53|0x0000000083500000, 0x0000000083600000, 0x0000000083600000|100%| O|  |TAMS 0x0000000083500000| PB 0x0000000083500000| Untracked 
|  54|0x0000000083600000, 0x0000000083700000, 0x0000000083700000|100%| O|  |TAMS 0x0000000083600000| PB 0x0000000083600000| Untracked 
|  55|0x0000000083700000, 0x0000000083800000, 0x0000000083800000|100%| O|  |TAMS 0x0000000083700000| PB 0x0000000083700000| Untracked 
|  56|0x0000000083800000, 0x0000000083900000, 0x0000000083900000|100%| O|  |TAMS 0x0000000083800000| PB 0x0000000083800000| Untracked 
|  57|0x0000000083900000, 0x0000000083a00000, 0x0000000083a00000|100%| O|  |TAMS 0x0000000083900000| PB 0x0000000083900000| Untracked 
|  58|0x0000000083a00000, 0x0000000083b00000, 0x0000000083b00000|100%| O|  |TAMS 0x0000000083a00000| PB 0x0000000083a00000| Untracked 
|  59|0x0000000083b00000, 0x0000000083c00000, 0x0000000083c00000|100%| O|  |TAMS 0x0000000083b00000| PB 0x0000000083b00000| Untracked 
|  60|0x0000000083c00000, 0x0000000083d00000, 0x0000000083d00000|100%| O|  |TAMS 0x0000000083c00000| PB 0x0000000083c00000| Untracked 
|  61|0x0000000083d00000, 0x0000000083e00000, 0x0000000083e00000|100%|HS|  |TAMS 0x0000000083d00000| PB 0x0000000083d00000| Complete 
|  62|0x0000000083e00000, 0x0000000083f00000, 0x0000000083f00000|100%|HS|  |TAMS 0x0000000083e00000| PB 0x0000000083e00000| Complete 
|  63|0x0000000083f00000, 0x0000000084000000, 0x0000000084000000|100%|HS|  |TAMS 0x0000000083f00000| PB 0x0000000083f00000| Complete 
|  64|0x0000000084000000, 0x0000000084100000, 0x0000000084100000|100%|HS|  |TAMS 0x0000000084000000| PB 0x0000000084000000| Complete 
|  65|0x0000000084100000, 0x0000000084200000, 0x0000000084200000|100%|HS|  |TAMS 0x0000000084100000| PB 0x0000000084100000| Complete 
|  66|0x0000000084200000, 0x0000000084300000, 0x0000000084300000|100%|HC|  |TAMS 0x0000000084200000| PB 0x0000000084200000| Complete 
|  67|0x0000000084300000, 0x0000000084400000, 0x0000000084400000|100%| O|  |TAMS 0x0000000084300000| PB 0x0000000084300000| Untracked 
|  68|0x0000000084400000, 0x0000000084500000, 0x0000000084500000|100%|HS|  |TAMS 0x0000000084400000| PB 0x0000000084400000| Complete 
|  69|0x0000000084500000, 0x0000000084600000, 0x0000000084600000|100%| O|  |TAMS 0x0000000084500000| PB 0x0000000084500000| Untracked 
|  70|0x0000000084600000, 0x0000000084700000, 0x0000000084700000|100%|HS|  |TAMS 0x0000000084600000| PB 0x0000000084600000| Complete 
|  71|0x0000000084700000, 0x0000000084800000, 0x0000000084800000|100%|HC|  |TAMS 0x0000000084700000| PB 0x0000000084700000| Complete 
|  72|0x0000000084800000, 0x0000000084900000, 0x0000000084900000|100%|HC|  |TAMS 0x0000000084800000| PB 0x0000000084800000| Complete 
|  73|0x0000000084900000, 0x0000000084a00000, 0x0000000084a00000|100%|HC|  |TAMS 0x0000000084900000| PB 0x0000000084900000| Complete 
|  74|0x0000000084a00000, 0x0000000084b00000, 0x0000000084b00000|100%|HC|  |TAMS 0x0000000084a00000| PB 0x0000000084a00000| Complete 
|  75|0x0000000084b00000, 0x0000000084c00000, 0x0000000084c00000|100%|HC|  |TAMS 0x0000000084b00000| PB 0x0000000084b00000| Complete 
|  76|0x0000000084c00000, 0x0000000084d00000, 0x0000000084d00000|100%| O|  |TAMS 0x0000000084c00000| PB 0x0000000084c00000| Untracked 
|  77|0x0000000084d00000, 0x0000000084e00000, 0x0000000084e00000|100%| O|  |TAMS 0x0000000084d00000| PB 0x0000000084d00000| Untracked 
|  78|0x0000000084e00000, 0x0000000084f00000, 0x0000000084f00000|100%| O|  |TAMS 0x0000000084e00000| PB 0x0000000084e00000| Untracked 
|  79|0x0000000084f00000, 0x0000000085000000, 0x0000000085000000|100%| O|  |TAMS 0x0000000084f00000| PB 0x0000000084f00000| Untracked 
|  80|0x0000000085000000, 0x0000000085100000, 0x0000000085100000|100%| O|  |TAMS 0x0000000085000000| PB 0x0000000085000000| Untracked 
|  81|0x0000000085100000, 0x0000000085200000, 0x0000000085200000|100%| O|  |TAMS 0x0000000085100000| PB 0x0000000085100000| Untracked 
|  82|0x0000000085200000, 0x0000000085300000, 0x0000000085300000|100%| O|  |TAMS 0x0000000085200000| PB 0x0000000085200000| Untracked 
|  83|0x0000000085300000, 0x0000000085400000, 0x0000000085400000|100%| O|  |TAMS 0x0000000085300000| PB 0x0000000085300000| Untracked 
|  84|0x0000000085400000, 0x0000000085500000, 0x0000000085500000|100%| O|  |TAMS 0x0000000085400000| PB 0x0000000085400000| Untracked 
|  85|0x0000000085500000, 0x0000000085600000, 0x0000000085600000|100%| O|  |TAMS 0x0000000085500000| PB 0x0000000085500000| Untracked 
|  86|0x0000000085600000, 0x0000000085700000, 0x0000000085700000|100%| O|  |TAMS 0x0000000085600000| PB 0x0000000085600000| Untracked 
|  87|0x0000000085700000, 0x0000000085800000, 0x0000000085800000|100%| O|  |TAMS 0x0000000085700000| PB 0x0000000085700000| Untracked 
|  88|0x0000000085800000, 0x0000000085900000, 0x0000000085900000|100%| O|  |TAMS 0x0000000085800000| PB 0x0000000085800000| Untracked 
|  89|0x0000000085900000, 0x0000000085a00000, 0x0000000085a00000|100%|HS|  |TAMS 0x0000000085900000| PB 0x0000000085900000| Complete 
|  90|0x0000000085a00000, 0x0000000085b00000, 0x0000000085b00000|100%|HC|  |TAMS 0x0000000085a00000| PB 0x0000000085a00000| Complete 
|  91|0x0000000085b00000, 0x0000000085c00000, 0x0000000085c00000|100%|HC|  |TAMS 0x0000000085b00000| PB 0x0000000085b00000| Complete 
|  92|0x0000000085c00000, 0x0000000085d00000, 0x0000000085d00000|100%|HC|  |TAMS 0x0000000085c00000| PB 0x0000000085c00000| Complete 
|  93|0x0000000085d00000, 0x0000000085e00000, 0x0000000085e00000|100%| O|  |TAMS 0x0000000085d00000| PB 0x0000000085d00000| Untracked 
|  94|0x0000000085e00000, 0x0000000085f00000, 0x0000000085f00000|100%| O|  |TAMS 0x0000000085e00000| PB 0x0000000085e00000| Untracked 
|  95|0x0000000085f00000, 0x0000000086000000, 0x0000000086000000|100%| O|  |TAMS 0x0000000085f00000| PB 0x0000000085f00000| Untracked 
|  96|0x0000000086000000, 0x0000000086100000, 0x0000000086100000|100%| O|  |TAMS 0x0000000086000000| PB 0x0000000086000000| Untracked 
|  97|0x0000000086100000, 0x0000000086200000, 0x0000000086200000|100%| O|  |TAMS 0x0000000086100000| PB 0x0000000086100000| Untracked 
|  98|0x0000000086200000, 0x0000000086300000, 0x0000000086300000|100%| O|  |TAMS 0x0000000086200000| PB 0x0000000086200000| Untracked 
|  99|0x0000000086300000, 0x0000000086400000, 0x0000000086400000|100%| O|  |TAMS 0x0000000086300000| PB 0x0000000086300000| Untracked 
| 100|0x0000000086400000, 0x0000000086500000, 0x0000000086500000|100%| O|  |TAMS 0x0000000086400000| PB 0x0000000086400000| Untracked 
| 101|0x0000000086500000, 0x0000000086600000, 0x0000000086600000|100%| O|  |TAMS 0x0000000086500000| PB 0x0000000086500000| Untracked 
| 102|0x0000000086600000, 0x0000000086700000, 0x0000000086700000|100%| O|  |TAMS 0x0000000086600000| PB 0x0000000086600000| Untracked 
| 103|0x0000000086700000, 0x0000000086800000, 0x0000000086800000|100%| O|  |TAMS 0x0000000086700000| PB 0x0000000086700000| Untracked 
| 104|0x0000000086800000, 0x0000000086900000, 0x0000000086900000|100%| O|  |TAMS 0x0000000086800000| PB 0x0000000086800000| Untracked 
| 105|0x0000000086900000, 0x0000000086a00000, 0x0000000086a00000|100%| O|Cm|TAMS 0x0000000086900000| PB 0x0000000086900000| Complete 
| 106|0x0000000086a00000, 0x0000000086b00000, 0x0000000086b00000|100%|HS|  |TAMS 0x0000000086a00000| PB 0x0000000086a00000| Complete 
| 107|0x0000000086b00000, 0x0000000086c00000, 0x0000000086c00000|100%| O|  |TAMS 0x0000000086b00000| PB 0x0000000086b00000| Untracked 
| 108|0x0000000086c00000, 0x0000000086d00000, 0x0000000086d00000|100%| O|  |TAMS 0x0000000086c00000| PB 0x0000000086c00000| Untracked 
| 109|0x0000000086d00000, 0x0000000086e00000, 0x0000000086e00000|100%| O|  |TAMS 0x0000000086d00000| PB 0x0000000086d00000| Untracked 
| 110|0x0000000086e00000, 0x0000000086f00000, 0x0000000086f00000|100%| O|  |TAMS 0x0000000086e00000| PB 0x0000000086e00000| Untracked 
| 111|0x0000000086f00000, 0x0000000087000000, 0x0000000087000000|100%| O|  |TAMS 0x0000000086f00000| PB 0x0000000086f00000| Untracked 
| 112|0x0000000087000000, 0x0000000087100000, 0x0000000087100000|100%| O|  |TAMS 0x0000000087000000| PB 0x0000000087000000| Untracked 
| 113|0x0000000087100000, 0x0000000087200000, 0x0000000087200000|100%| O|  |TAMS 0x0000000087100000| PB 0x0000000087100000| Untracked 
| 114|0x0000000087200000, 0x0000000087300000, 0x0000000087300000|100%| O|  |TAMS 0x0000000087200000| PB 0x0000000087200000| Untracked 
| 115|0x0000000087300000, 0x0000000087400000, 0x0000000087400000|100%| O|  |TAMS 0x0000000087300000| PB 0x0000000087300000| Untracked 
| 116|0x0000000087400000, 0x0000000087500000, 0x0000000087500000|100%| O|  |TAMS 0x0000000087400000| PB 0x0000000087400000| Untracked 
| 117|0x0000000087500000, 0x0000000087600000, 0x0000000087600000|100%| O|  |TAMS 0x0000000087500000| PB 0x0000000087500000| Untracked 
| 118|0x0000000087600000, 0x0000000087700000, 0x0000000087700000|100%| O|  |TAMS 0x0000000087600000| PB 0x0000000087600000| Untracked 
| 119|0x0000000087700000, 0x0000000087800000, 0x0000000087800000|100%|HS|  |TAMS 0x0000000087700000| PB 0x0000000087700000| Complete 
| 120|0x0000000087800000, 0x0000000087900000, 0x0000000087900000|100%|HC|  |TAMS 0x0000000087800000| PB 0x0000000087800000| Complete 
| 121|0x0000000087900000, 0x0000000087a00000, 0x0000000087a00000|100%| O|  |TAMS 0x0000000087900000| PB 0x0000000087900000| Untracked 
| 122|0x0000000087a00000, 0x0000000087b00000, 0x0000000087b00000|100%| O|  |TAMS 0x0000000087a00000| PB 0x0000000087a00000| Untracked 
| 123|0x0000000087b00000, 0x0000000087c00000, 0x0000000087c00000|100%| O|  |TAMS 0x0000000087b00000| PB 0x0000000087b00000| Untracked 
| 124|0x0000000087c00000, 0x0000000087d00000, 0x0000000087d00000|100%| O|Cm|TAMS 0x0000000087c00000| PB 0x0000000087c00000| Complete 
| 125|0x0000000087d00000, 0x0000000087e00000, 0x0000000087e00000|100%| O|  |TAMS 0x0000000087d00000| PB 0x0000000087d00000| Untracked 
| 126|0x0000000087e00000, 0x0000000087f00000, 0x0000000087f00000|100%| O|  |TAMS 0x0000000087e00000| PB 0x0000000087e00000| Untracked 
| 127|0x0000000087f00000, 0x0000000088000000, 0x0000000088000000|100%| O|  |TAMS 0x0000000087f00000| PB 0x0000000087f00000| Untracked 
| 128|0x0000000088000000, 0x0000000088100000, 0x0000000088100000|100%| O|  |TAMS 0x0000000088000000| PB 0x0000000088000000| Untracked 
| 129|0x0000000088100000, 0x0000000088200000, 0x0000000088200000|100%| O|  |TAMS 0x0000000088100000| PB 0x0000000088100000| Untracked 
| 130|0x0000000088200000, 0x0000000088300000, 0x0000000088300000|100%| O|  |TAMS 0x0000000088200000| PB 0x0000000088200000| Untracked 
| 131|0x0000000088300000, 0x0000000088400000, 0x0000000088400000|100%| O|  |TAMS 0x0000000088300000| PB 0x0000000088300000| Untracked 
| 132|0x0000000088400000, 0x0000000088500000, 0x0000000088500000|100%| O|  |TAMS 0x0000000088400000| PB 0x0000000088400000| Untracked 
| 133|0x0000000088500000, 0x0000000088600000, 0x0000000088600000|100%| O|  |TAMS 0x0000000088500000| PB 0x0000000088500000| Untracked 
| 134|0x0000000088600000, 0x0000000088700000, 0x0000000088700000|100%| O|  |TAMS 0x0000000088600000| PB 0x0000000088600000| Untracked 
| 135|0x0000000088700000, 0x0000000088800000, 0x0000000088800000|100%|HS|  |TAMS 0x0000000088700000| PB 0x0000000088700000| Complete 
| 136|0x0000000088800000, 0x0000000088900000, 0x0000000088900000|100%| O|  |TAMS 0x0000000088800000| PB 0x0000000088800000| Untracked 
| 137|0x0000000088900000, 0x0000000088a00000, 0x0000000088a00000|100%| O|  |TAMS 0x0000000088900000| PB 0x0000000088900000| Untracked 
| 138|0x0000000088a00000, 0x0000000088b00000, 0x0000000088b00000|100%| O|  |TAMS 0x0000000088a00000| PB 0x0000000088a00000| Untracked 
| 139|0x0000000088b00000, 0x0000000088c00000, 0x0000000088c00000|100%| O|  |TAMS 0x0000000088b00000| PB 0x0000000088b00000| Untracked 
| 140|0x0000000088c00000, 0x0000000088d00000, 0x0000000088d00000|100%| O|  |TAMS 0x0000000088c00000| PB 0x0000000088c00000| Untracked 
| 141|0x0000000088d00000, 0x0000000088e00000, 0x0000000088e00000|100%| O|  |TAMS 0x0000000088d00000| PB 0x0000000088d00000| Untracked 
| 142|0x0000000088e00000, 0x0000000088f00000, 0x0000000088f00000|100%| O|  |TAMS 0x0000000088e00000| PB 0x0000000088e00000| Untracked 
| 143|0x0000000088f00000, 0x0000000089000000, 0x0000000089000000|100%| O|  |TAMS 0x0000000088f00000| PB 0x0000000088f00000| Untracked 
| 144|0x0000000089000000, 0x0000000089100000, 0x0000000089100000|100%| O|  |TAMS 0x0000000089000000| PB 0x0000000089000000| Untracked 
| 145|0x0000000089100000, 0x0000000089200000, 0x0000000089200000|100%| O|  |TAMS 0x0000000089100000| PB 0x0000000089100000| Untracked 
| 146|0x0000000089200000, 0x0000000089300000, 0x0000000089300000|100%| O|  |TAMS 0x0000000089200000| PB 0x0000000089200000| Untracked 
| 147|0x0000000089300000, 0x0000000089400000, 0x0000000089400000|100%| O|  |TAMS 0x0000000089300000| PB 0x0000000089300000| Untracked 
| 148|0x0000000089400000, 0x0000000089500000, 0x0000000089500000|100%| O|Cm|TAMS 0x0000000089400000| PB 0x0000000089400000| Complete 
| 149|0x0000000089500000, 0x0000000089600000, 0x0000000089600000|100%| O|  |TAMS 0x0000000089500000| PB 0x0000000089500000| Untracked 
| 150|0x0000000089600000, 0x0000000089700000, 0x0000000089700000|100%| O|  |TAMS 0x0000000089600000| PB 0x0000000089600000| Untracked 
| 151|0x0000000089700000, 0x0000000089800000, 0x0000000089800000|100%| O|Cm|TAMS 0x0000000089700000| PB 0x0000000089700000| Complete 
| 152|0x0000000089800000, 0x0000000089900000, 0x0000000089900000|100%| O|Cm|TAMS 0x0000000089800000| PB 0x0000000089800000| Complete 
| 153|0x0000000089900000, 0x0000000089a00000, 0x0000000089a00000|100%| O|  |TAMS 0x0000000089900000| PB 0x0000000089900000| Untracked 
| 154|0x0000000089a00000, 0x0000000089b00000, 0x0000000089b00000|100%| O|  |TAMS 0x0000000089a00000| PB 0x0000000089a00000| Untracked 
| 155|0x0000000089b00000, 0x0000000089c00000, 0x0000000089c00000|100%| O|  |TAMS 0x0000000089b00000| PB 0x0000000089b00000| Untracked 
| 156|0x0000000089c00000, 0x0000000089d00000, 0x0000000089d00000|100%| O|  |TAMS 0x0000000089c00000| PB 0x0000000089c00000| Untracked 
| 157|0x0000000089d00000, 0x0000000089e00000, 0x0000000089e00000|100%| O|  |TAMS 0x0000000089d00000| PB 0x0000000089d00000| Untracked 
| 158|0x0000000089e00000, 0x0000000089f00000, 0x0000000089f00000|100%| O|  |TAMS 0x0000000089e00000| PB 0x0000000089e00000| Untracked 
| 159|0x0000000089f00000, 0x000000008a000000, 0x000000008a000000|100%| O|  |TAMS 0x0000000089f00000| PB 0x0000000089f00000| Untracked 
| 160|0x000000008a000000, 0x000000008a100000, 0x000000008a100000|100%| O|  |TAMS 0x000000008a000000| PB 0x000000008a000000| Untracked 
| 161|0x000000008a100000, 0x000000008a200000, 0x000000008a200000|100%| O|  |TAMS 0x000000008a100000| PB 0x000000008a100000| Untracked 
| 162|0x000000008a200000, 0x000000008a300000, 0x000000008a300000|100%| O|  |TAMS 0x000000008a200000| PB 0x000000008a200000| Untracked 
| 163|0x000000008a300000, 0x000000008a400000, 0x000000008a400000|100%| O|  |TAMS 0x000000008a300000| PB 0x000000008a300000| Untracked 
| 164|0x000000008a400000, 0x000000008a500000, 0x000000008a500000|100%| O|  |TAMS 0x000000008a400000| PB 0x000000008a400000| Untracked 
| 165|0x000000008a500000, 0x000000008a600000, 0x000000008a600000|100%| O|  |TAMS 0x000000008a500000| PB 0x000000008a500000| Untracked 
| 166|0x000000008a600000, 0x000000008a700000, 0x000000008a700000|100%| O|Cm|TAMS 0x000000008a600000| PB 0x000000008a600000| Complete 
| 167|0x000000008a700000, 0x000000008a800000, 0x000000008a800000|100%| O|  |TAMS 0x000000008a700000| PB 0x000000008a700000| Untracked 
| 168|0x000000008a800000, 0x000000008a900000, 0x000000008a900000|100%| O|  |TAMS 0x000000008a800000| PB 0x000000008a800000| Untracked 
| 169|0x000000008a900000, 0x000000008aa00000, 0x000000008aa00000|100%| O|  |TAMS 0x000000008a900000| PB 0x000000008a900000| Untracked 
| 170|0x000000008aa00000, 0x000000008ab00000, 0x000000008ab00000|100%| O|Cm|TAMS 0x000000008aa00000| PB 0x000000008aa00000| Complete 
| 171|0x000000008ab00000, 0x000000008ac00000, 0x000000008ac00000|100%| O|  |TAMS 0x000000008ab00000| PB 0x000000008ab00000| Untracked 
| 172|0x000000008ac00000, 0x000000008ad00000, 0x000000008ad00000|100%| O|  |TAMS 0x000000008ac00000| PB 0x000000008ac00000| Untracked 
| 173|0x000000008ad00000, 0x000000008ae00000, 0x000000008ae00000|100%| O|  |TAMS 0x000000008ad00000| PB 0x000000008ad00000| Untracked 
| 174|0x000000008ae00000, 0x000000008af00000, 0x000000008af00000|100%| O|  |TAMS 0x000000008ae00000| PB 0x000000008ae00000| Untracked 
| 175|0x000000008af00000, 0x000000008b000000, 0x000000008b000000|100%| O|  |TAMS 0x000000008af00000| PB 0x000000008af00000| Untracked 
| 176|0x000000008b000000, 0x000000008b100000, 0x000000008b100000|100%| O|  |TAMS 0x000000008b000000| PB 0x000000008b000000| Untracked 
| 177|0x000000008b100000, 0x000000008b200000, 0x000000008b200000|100%| O|  |TAMS 0x000000008b100000| PB 0x000000008b100000| Untracked 
| 178|0x000000008b200000, 0x000000008b300000, 0x000000008b300000|100%| O|  |TAMS 0x000000008b200000| PB 0x000000008b200000| Untracked 
| 179|0x000000008b300000, 0x000000008b400000, 0x000000008b400000|100%| O|  |TAMS 0x000000008b300000| PB 0x000000008b300000| Untracked 
| 180|0x000000008b400000, 0x000000008b500000, 0x000000008b500000|100%| O|  |TAMS 0x000000008b400000| PB 0x000000008b400000| Untracked 
| 181|0x000000008b500000, 0x000000008b600000, 0x000000008b600000|100%|HS|  |TAMS 0x000000008b500000| PB 0x000000008b500000| Complete 
| 182|0x000000008b600000, 0x000000008b700000, 0x000000008b700000|100%| O|Cm|TAMS 0x000000008b600000| PB 0x000000008b600000| Complete 
| 183|0x000000008b700000, 0x000000008b800000, 0x000000008b800000|100%| O|  |TAMS 0x000000008b700000| PB 0x000000008b700000| Untracked 
| 184|0x000000008b800000, 0x000000008b900000, 0x000000008b900000|100%| O|  |TAMS 0x000000008b800000| PB 0x000000008b800000| Untracked 
| 185|0x000000008b900000, 0x000000008ba00000, 0x000000008ba00000|100%| O|  |TAMS 0x000000008b900000| PB 0x000000008b900000| Untracked 
| 186|0x000000008ba00000, 0x000000008bb00000, 0x000000008bb00000|100%| O|  |TAMS 0x000000008ba00000| PB 0x000000008ba00000| Untracked 
| 187|0x000000008bb00000, 0x000000008bc00000, 0x000000008bc00000|100%| O|  |TAMS 0x000000008bb00000| PB 0x000000008bb00000| Untracked 
| 188|0x000000008bc00000, 0x000000008bd00000, 0x000000008bd00000|100%| O|  |TAMS 0x000000008bc00000| PB 0x000000008bc00000| Untracked 
| 189|0x000000008bd00000, 0x000000008be00000, 0x000000008be00000|100%| O|  |TAMS 0x000000008bd00000| PB 0x000000008bd00000| Untracked 
| 190|0x000000008be00000, 0x000000008bf00000, 0x000000008bf00000|100%| O|  |TAMS 0x000000008be00000| PB 0x000000008be00000| Untracked 
| 191|0x000000008bf00000, 0x000000008c000000, 0x000000008c000000|100%| O|  |TAMS 0x000000008bf00000| PB 0x000000008bf00000| Untracked 
| 192|0x000000008c000000, 0x000000008c100000, 0x000000008c100000|100%| O|  |TAMS 0x000000008c000000| PB 0x000000008c000000| Untracked 
| 193|0x000000008c100000, 0x000000008c200000, 0x000000008c200000|100%| O|  |TAMS 0x000000008c100000| PB 0x000000008c100000| Untracked 
| 194|0x000000008c200000, 0x000000008c300000, 0x000000008c300000|100%| O|  |TAMS 0x000000008c200000| PB 0x000000008c200000| Untracked 
| 195|0x000000008c300000, 0x000000008c400000, 0x000000008c400000|100%| O|  |TAMS 0x000000008c300000| PB 0x000000008c300000| Untracked 
| 196|0x000000008c400000, 0x000000008c500000, 0x000000008c500000|100%| O|  |TAMS 0x000000008c400000| PB 0x000000008c400000| Untracked 
| 197|0x000000008c500000, 0x000000008c600000, 0x000000008c600000|100%| O|  |TAMS 0x000000008c500000| PB 0x000000008c500000| Untracked 
| 198|0x000000008c600000, 0x000000008c700000, 0x000000008c700000|100%| O|  |TAMS 0x000000008c600000| PB 0x000000008c600000| Untracked 
| 199|0x000000008c700000, 0x000000008c800000, 0x000000008c800000|100%| O|  |TAMS 0x000000008c700000| PB 0x000000008c700000| Untracked 
| 200|0x000000008c800000, 0x000000008c900000, 0x000000008c900000|100%| O|  |TAMS 0x000000008c800000| PB 0x000000008c800000| Untracked 
| 201|0x000000008c900000, 0x000000008c900000, 0x000000008ca00000|  0%| F|  |TAMS 0x000000008c900000| PB 0x000000008c900000| Untracked 
| 202|0x000000008ca00000, 0x000000008cb00000, 0x000000008cb00000|100%| O|  |TAMS 0x000000008ca00000| PB 0x000000008ca00000| Untracked 
| 203|0x000000008cb00000, 0x000000008cc00000, 0x000000008cc00000|100%| O|  |TAMS 0x000000008cb00000| PB 0x000000008cb00000| Untracked 
| 204|0x000000008cc00000, 0x000000008cd00000, 0x000000008cd00000|100%| O|  |TAMS 0x000000008cc00000| PB 0x000000008cc00000| Untracked 
| 205|0x000000008cd00000, 0x000000008ce00000, 0x000000008ce00000|100%| O|  |TAMS 0x000000008cd00000| PB 0x000000008cd00000| Untracked 
| 206|0x000000008ce00000, 0x000000008cf00000, 0x000000008cf00000|100%| O|Cm|TAMS 0x000000008ce00000| PB 0x000000008ce00000| Complete 
| 207|0x000000008cf00000, 0x000000008d000000, 0x000000008d000000|100%| O|  |TAMS 0x000000008cf00000| PB 0x000000008cf00000| Untracked 
| 208|0x000000008d000000, 0x000000008d100000, 0x000000008d100000|100%| O|  |TAMS 0x000000008d000000| PB 0x000000008d000000| Untracked 
| 209|0x000000008d100000, 0x000000008d200000, 0x000000008d200000|100%| O|  |TAMS 0x000000008d100000| PB 0x000000008d100000| Untracked 
| 210|0x000000008d200000, 0x000000008d300000, 0x000000008d300000|100%| O|  |TAMS 0x000000008d200000| PB 0x000000008d200000| Untracked 
| 211|0x000000008d300000, 0x000000008d374860, 0x000000008d400000| 45%| O|  |TAMS 0x000000008d300000| PB 0x000000008d300000| Untracked 
| 212|0x000000008d400000, 0x000000008d500000, 0x000000008d500000|100%|HS|  |TAMS 0x000000008d400000| PB 0x000000008d400000| Complete 
| 213|0x000000008d500000, 0x000000008d600000, 0x000000008d600000|100%|HC|  |TAMS 0x000000008d500000| PB 0x000000008d500000| Complete 
| 214|0x000000008d600000, 0x000000008d700000, 0x000000008d700000|100%|HC|  |TAMS 0x000000008d600000| PB 0x000000008d600000| Complete 
| 215|0x000000008d700000, 0x000000008d800000, 0x000000008d800000|100%|HC|  |TAMS 0x000000008d700000| PB 0x000000008d700000| Complete 
| 216|0x000000008d800000, 0x000000008d900000, 0x000000008d900000|100%|HS|  |TAMS 0x000000008d800000| PB 0x000000008d800000| Complete 
| 217|0x000000008d900000, 0x000000008da00000, 0x000000008da00000|100%|HC|  |TAMS 0x000000008d900000| PB 0x000000008d900000| Complete 
| 218|0x000000008da00000, 0x000000008db00000, 0x000000008db00000|100%|HC|  |TAMS 0x000000008da00000| PB 0x000000008da00000| Complete 
| 219|0x000000008db00000, 0x000000008dc00000, 0x000000008dc00000|100%|HC|  |TAMS 0x000000008db00000| PB 0x000000008db00000| Complete 
| 220|0x000000008dc00000, 0x000000008dd00000, 0x000000008dd00000|100%|HC|  |TAMS 0x000000008dc00000| PB 0x000000008dc00000| Complete 
| 221|0x000000008dd00000, 0x000000008de00000, 0x000000008de00000|100%|HC|  |TAMS 0x000000008dd00000| PB 0x000000008dd00000| Complete 
| 222|0x000000008de00000, 0x000000008df00000, 0x000000008df00000|100%|HS|  |TAMS 0x000000008de00000| PB 0x000000008de00000| Complete 
| 223|0x000000008df00000, 0x000000008e000000, 0x000000008e000000|100%|HC|  |TAMS 0x000000008df00000| PB 0x000000008df00000| Complete 
| 224|0x000000008e000000, 0x000000008e100000, 0x000000008e100000|100%|HC|  |TAMS 0x000000008e000000| PB 0x000000008e000000| Complete 
| 225|0x000000008e100000, 0x000000008e200000, 0x000000008e200000|100%|HC|  |TAMS 0x000000008e100000| PB 0x000000008e100000| Complete 
| 226|0x000000008e200000, 0x000000008e300000, 0x000000008e300000|100%|HC|  |TAMS 0x000000008e200000| PB 0x000000008e200000| Complete 
| 227|0x000000008e300000, 0x000000008e400000, 0x000000008e400000|100%|HC|  |TAMS 0x000000008e300000| PB 0x000000008e300000| Complete 
| 228|0x000000008e400000, 0x000000008e400000, 0x000000008e500000|  0%| F|  |TAMS 0x000000008e400000| PB 0x000000008e400000| Untracked 
| 229|0x000000008e500000, 0x000000008e500000, 0x000000008e600000|  0%| F|  |TAMS 0x000000008e500000| PB 0x000000008e500000| Untracked 
| 230|0x000000008e600000, 0x000000008e600000, 0x000000008e700000|  0%| F|  |TAMS 0x000000008e600000| PB 0x000000008e600000| Untracked 
| 231|0x000000008e700000, 0x000000008e700000, 0x000000008e800000|  0%| F|  |TAMS 0x000000008e700000| PB 0x000000008e700000| Untracked 
| 232|0x000000008e800000, 0x000000008e800000, 0x000000008e900000|  0%| F|  |TAMS 0x000000008e800000| PB 0x000000008e800000| Untracked 
| 233|0x000000008e900000, 0x000000008e900000, 0x000000008ea00000|  0%| F|  |TAMS 0x000000008e900000| PB 0x000000008e900000| Untracked 
| 234|0x000000008ea00000, 0x000000008ea00000, 0x000000008eb00000|  0%| F|  |TAMS 0x000000008ea00000| PB 0x000000008ea00000| Untracked 
| 235|0x000000008eb00000, 0x000000008eb00000, 0x000000008ec00000|  0%| F|  |TAMS 0x000000008eb00000| PB 0x000000008eb00000| Untracked 
| 236|0x000000008ec00000, 0x000000008ec00000, 0x000000008ed00000|  0%| F|  |TAMS 0x000000008ec00000| PB 0x000000008ec00000| Untracked 
| 237|0x000000008ed00000, 0x000000008ed00000, 0x000000008ee00000|  0%| F|  |TAMS 0x000000008ed00000| PB 0x000000008ed00000| Untracked 
| 238|0x000000008ee00000, 0x000000008ee00000, 0x000000008ef00000|  0%| F|  |TAMS 0x000000008ee00000| PB 0x000000008ee00000| Untracked 
| 239|0x000000008ef00000, 0x000000008ef00000, 0x000000008f000000|  0%| F|  |TAMS 0x000000008ef00000| PB 0x000000008ef00000| Untracked 
| 240|0x000000008f000000, 0x000000008f000000, 0x000000008f100000|  0%| F|  |TAMS 0x000000008f000000| PB 0x000000008f000000| Untracked 
| 241|0x000000008f100000, 0x000000008f100000, 0x000000008f200000|  0%| F|  |TAMS 0x000000008f100000| PB 0x000000008f100000| Untracked 
| 242|0x000000008f200000, 0x000000008f200000, 0x000000008f300000|  0%| F|  |TAMS 0x000000008f200000| PB 0x000000008f200000| Untracked 
| 243|0x000000008f300000, 0x000000008f300000, 0x000000008f400000|  0%| F|  |TAMS 0x000000008f300000| PB 0x000000008f300000| Untracked 
| 244|0x000000008f400000, 0x000000008f400000, 0x000000008f500000|  0%| F|  |TAMS 0x000000008f400000| PB 0x000000008f400000| Untracked 
| 245|0x000000008f500000, 0x000000008f500000, 0x000000008f600000|  0%| F|  |TAMS 0x000000008f500000| PB 0x000000008f500000| Untracked 
| 246|0x000000008f600000, 0x000000008f600000, 0x000000008f700000|  0%| F|  |TAMS 0x000000008f600000| PB 0x000000008f600000| Untracked 
| 247|0x000000008f700000, 0x000000008f700000, 0x000000008f800000|  0%| F|  |TAMS 0x000000008f700000| PB 0x000000008f700000| Untracked 
| 248|0x000000008f800000, 0x000000008f800000, 0x000000008f900000|  0%| F|  |TAMS 0x000000008f800000| PB 0x000000008f800000| Untracked 
| 249|0x000000008f900000, 0x000000008f900000, 0x000000008fa00000|  0%| F|  |TAMS 0x000000008f900000| PB 0x000000008f900000| Untracked 
| 250|0x000000008fa00000, 0x000000008fa00000, 0x000000008fb00000|  0%| F|  |TAMS 0x000000008fa00000| PB 0x000000008fa00000| Untracked 
| 251|0x000000008fb00000, 0x000000008fb00000, 0x000000008fc00000|  0%| F|  |TAMS 0x000000008fb00000| PB 0x000000008fb00000| Untracked 
| 252|0x000000008fc00000, 0x000000008fc00000, 0x000000008fd00000|  0%| F|  |TAMS 0x000000008fc00000| PB 0x000000008fc00000| Untracked 
| 253|0x000000008fd00000, 0x000000008fd00000, 0x000000008fe00000|  0%| F|  |TAMS 0x000000008fd00000| PB 0x000000008fd00000| Untracked 
| 254|0x000000008fe00000, 0x000000008fe00000, 0x000000008ff00000|  0%| F|  |TAMS 0x000000008fe00000| PB 0x000000008fe00000| Untracked 
| 255|0x000000008ff00000, 0x000000008ff00000, 0x0000000090000000|  0%| F|  |TAMS 0x000000008ff00000| PB 0x000000008ff00000| Untracked 
| 256|0x0000000090000000, 0x0000000090000000, 0x0000000090100000|  0%| F|  |TAMS 0x0000000090000000| PB 0x0000000090000000| Untracked 
| 257|0x0000000090100000, 0x0000000090100000, 0x0000000090200000|  0%| F|  |TAMS 0x0000000090100000| PB 0x0000000090100000| Untracked 
| 258|0x0000000090200000, 0x0000000090200000, 0x0000000090300000|  0%| F|  |TAMS 0x0000000090200000| PB 0x0000000090200000| Untracked 
| 259|0x0000000090300000, 0x0000000090300000, 0x0000000090400000|  0%| F|  |TAMS 0x0000000090300000| PB 0x0000000090300000| Untracked 
| 260|0x0000000090400000, 0x0000000090400000, 0x0000000090500000|  0%| F|  |TAMS 0x0000000090400000| PB 0x0000000090400000| Untracked 
| 261|0x0000000090500000, 0x0000000090500000, 0x0000000090600000|  0%| F|  |TAMS 0x0000000090500000| PB 0x0000000090500000| Untracked 
| 262|0x0000000090600000, 0x0000000090600000, 0x0000000090700000|  0%| F|  |TAMS 0x0000000090600000| PB 0x0000000090600000| Untracked 
| 263|0x0000000090700000, 0x0000000090700000, 0x0000000090800000|  0%| F|  |TAMS 0x0000000090700000| PB 0x0000000090700000| Untracked 
| 264|0x0000000090800000, 0x0000000090800000, 0x0000000090900000|  0%| F|  |TAMS 0x0000000090800000| PB 0x0000000090800000| Untracked 
| 265|0x0000000090900000, 0x0000000090900000, 0x0000000090a00000|  0%| F|  |TAMS 0x0000000090900000| PB 0x0000000090900000| Untracked 
| 266|0x0000000090a00000, 0x0000000090a00000, 0x0000000090b00000|  0%| F|  |TAMS 0x0000000090a00000| PB 0x0000000090a00000| Untracked 
| 267|0x0000000090b00000, 0x0000000090ba8638, 0x0000000090c00000| 65%| E|  |TAMS 0x0000000090b00000| PB 0x0000000090b00000| Complete 
| 268|0x0000000090c00000, 0x0000000090d00000, 0x0000000090d00000|100%| E|CS|TAMS 0x0000000090c00000| PB 0x0000000090c00000| Complete 
| 269|0x0000000090d00000, 0x0000000090e00000, 0x0000000090e00000|100%| E|CS|TAMS 0x0000000090d00000| PB 0x0000000090d00000| Complete 
| 270|0x0000000090e00000, 0x0000000090f00000, 0x0000000090f00000|100%| E|CS|TAMS 0x0000000090e00000| PB 0x0000000090e00000| Complete 
| 271|0x0000000090f00000, 0x0000000091000000, 0x0000000091000000|100%| E|CS|TAMS 0x0000000090f00000| PB 0x0000000090f00000| Complete 
| 272|0x0000000091000000, 0x0000000091100000, 0x0000000091100000|100%| E|CS|TAMS 0x0000000091000000| PB 0x0000000091000000| Complete 
| 273|0x0000000091100000, 0x0000000091200000, 0x0000000091200000|100%| E|CS|TAMS 0x0000000091100000| PB 0x0000000091100000| Complete 
| 274|0x0000000091200000, 0x0000000091300000, 0x0000000091300000|100%| E|CS|TAMS 0x0000000091200000| PB 0x0000000091200000| Complete 
| 275|0x0000000091300000, 0x0000000091400000, 0x0000000091400000|100%| E|CS|TAMS 0x0000000091300000| PB 0x0000000091300000| Complete 
| 276|0x0000000091400000, 0x0000000091500000, 0x0000000091500000|100%| E|CS|TAMS 0x0000000091400000| PB 0x0000000091400000| Complete 
| 277|0x0000000091500000, 0x0000000091600000, 0x0000000091600000|100%| E|CS|TAMS 0x0000000091500000| PB 0x0000000091500000| Complete 
| 278|0x0000000091600000, 0x0000000091700000, 0x0000000091700000|100%| E|  |TAMS 0x0000000091600000| PB 0x0000000091600000| Complete 
| 279|0x0000000091700000, 0x0000000091800000, 0x0000000091800000|100%| E|CS|TAMS 0x0000000091700000| PB 0x0000000091700000| Complete 
| 280|0x0000000091800000, 0x0000000091900000, 0x0000000091900000|100%| E|CS|TAMS 0x0000000091800000| PB 0x0000000091800000| Complete 
| 281|0x0000000091900000, 0x0000000091a00000, 0x0000000091a00000|100%| E|CS|TAMS 0x0000000091900000| PB 0x0000000091900000| Complete 
| 282|0x0000000091a00000, 0x0000000091b00000, 0x0000000091b00000|100%| E|CS|TAMS 0x0000000091a00000| PB 0x0000000091a00000| Complete 
| 283|0x0000000091b00000, 0x0000000091c00000, 0x0000000091c00000|100%| E|CS|TAMS 0x0000000091b00000| PB 0x0000000091b00000| Complete 
| 284|0x0000000091c00000, 0x0000000091d00000, 0x0000000091d00000|100%| E|CS|TAMS 0x0000000091c00000| PB 0x0000000091c00000| Complete 
| 285|0x0000000091d00000, 0x0000000091e00000, 0x0000000091e00000|100%| E|CS|TAMS 0x0000000091d00000| PB 0x0000000091d00000| Complete 
| 286|0x0000000091e00000, 0x0000000091f00000, 0x0000000091f00000|100%| E|CS|TAMS 0x0000000091e00000| PB 0x0000000091e00000| Complete 
| 287|0x0000000091f00000, 0x0000000092000000, 0x0000000092000000|100%| E|CS|TAMS 0x0000000091f00000| PB 0x0000000091f00000| Complete 
| 288|0x0000000092000000, 0x0000000092100000, 0x0000000092100000|100%| E|CS|TAMS 0x0000000092000000| PB 0x0000000092000000| Complete 
| 289|0x0000000092100000, 0x0000000092200000, 0x0000000092200000|100%| E|CS|TAMS 0x0000000092100000| PB 0x0000000092100000| Complete 
| 290|0x0000000092200000, 0x0000000092300000, 0x0000000092300000|100%| E|CS|TAMS 0x0000000092200000| PB 0x0000000092200000| Complete 
| 291|0x0000000092300000, 0x0000000092400000, 0x0000000092400000|100%| E|CS|TAMS 0x0000000092300000| PB 0x0000000092300000| Complete 
| 292|0x0000000092400000, 0x0000000092500000, 0x0000000092500000|100%| E|CS|TAMS 0x0000000092400000| PB 0x0000000092400000| Complete 
| 293|0x0000000092500000, 0x0000000092600000, 0x0000000092600000|100%| E|CS|TAMS 0x0000000092500000| PB 0x0000000092500000| Complete 
| 294|0x0000000092600000, 0x0000000092700000, 0x0000000092700000|100%| E|CS|TAMS 0x0000000092600000| PB 0x0000000092600000| Complete 
| 295|0x0000000092700000, 0x0000000092800000, 0x0000000092800000|100%| E|CS|TAMS 0x0000000092700000| PB 0x0000000092700000| Complete 
| 296|0x0000000092800000, 0x0000000092900000, 0x0000000092900000|100%| E|CS|TAMS 0x0000000092800000| PB 0x0000000092800000| Complete 
| 297|0x0000000092900000, 0x0000000092a00000, 0x0000000092a00000|100%| E|CS|TAMS 0x0000000092900000| PB 0x0000000092900000| Complete 
| 298|0x0000000092a00000, 0x0000000092b00000, 0x0000000092b00000|100%| E|CS|TAMS 0x0000000092a00000| PB 0x0000000092a00000| Complete 
| 299|0x0000000092b00000, 0x0000000092c00000, 0x0000000092c00000|100%| E|CS|TAMS 0x0000000092b00000| PB 0x0000000092b00000| Complete 
| 300|0x0000000092c00000, 0x0000000092d00000, 0x0000000092d00000|100%| E|CS|TAMS 0x0000000092c00000| PB 0x0000000092c00000| Complete 
| 301|0x0000000092d00000, 0x0000000092e00000, 0x0000000092e00000|100%| E|CS|TAMS 0x0000000092d00000| PB 0x0000000092d00000| Complete 
| 302|0x0000000092e00000, 0x0000000092f00000, 0x0000000092f00000|100%| E|CS|TAMS 0x0000000092e00000| PB 0x0000000092e00000| Complete 
| 303|0x0000000092f00000, 0x0000000093000000, 0x0000000093000000|100%| E|CS|TAMS 0x0000000092f00000| PB 0x0000000092f00000| Complete 
| 304|0x0000000093000000, 0x0000000093100000, 0x0000000093100000|100%| E|CS|TAMS 0x0000000093000000| PB 0x0000000093000000| Complete 
| 305|0x0000000093100000, 0x0000000093200000, 0x0000000093200000|100%| E|CS|TAMS 0x0000000093100000| PB 0x0000000093100000| Complete 
| 306|0x0000000093200000, 0x0000000093300000, 0x0000000093300000|100%| E|CS|TAMS 0x0000000093200000| PB 0x0000000093200000| Complete 
| 307|0x0000000093300000, 0x0000000093400000, 0x0000000093400000|100%| E|CS|TAMS 0x0000000093300000| PB 0x0000000093300000| Complete 
| 308|0x0000000093400000, 0x0000000093500000, 0x0000000093500000|100%| E|CS|TAMS 0x0000000093400000| PB 0x0000000093400000| Complete 
| 309|0x0000000093500000, 0x0000000093600000, 0x0000000093600000|100%| E|CS|TAMS 0x0000000093500000| PB 0x0000000093500000| Complete 
| 310|0x0000000093600000, 0x0000000093700000, 0x0000000093700000|100%| E|CS|TAMS 0x0000000093600000| PB 0x0000000093600000| Complete 
| 311|0x0000000093700000, 0x0000000093800000, 0x0000000093800000|100%| E|CS|TAMS 0x0000000093700000| PB 0x0000000093700000| Complete 
| 312|0x0000000093800000, 0x0000000093900000, 0x0000000093900000|100%| E|CS|TAMS 0x0000000093800000| PB 0x0000000093800000| Complete 
| 313|0x0000000093900000, 0x0000000093a00000, 0x0000000093a00000|100%| E|CS|TAMS 0x0000000093900000| PB 0x0000000093900000| Complete 
| 314|0x0000000093a00000, 0x0000000093b00000, 0x0000000093b00000|100%| E|CS|TAMS 0x0000000093a00000| PB 0x0000000093a00000| Complete 
| 315|0x0000000093b00000, 0x0000000093c00000, 0x0000000093c00000|100%| E|CS|TAMS 0x0000000093b00000| PB 0x0000000093b00000| Complete 
| 316|0x0000000093c00000, 0x0000000093d00000, 0x0000000093d00000|100%| E|CS|TAMS 0x0000000093c00000| PB 0x0000000093c00000| Complete 
| 317|0x0000000093d00000, 0x0000000093e00000, 0x0000000093e00000|100%| E|CS|TAMS 0x0000000093d00000| PB 0x0000000093d00000| Complete 
| 318|0x0000000093e00000, 0x0000000093f00000, 0x0000000093f00000|100%| E|CS|TAMS 0x0000000093e00000| PB 0x0000000093e00000| Complete 
| 319|0x0000000093f00000, 0x0000000094000000, 0x0000000094000000|100%| E|CS|TAMS 0x0000000093f00000| PB 0x0000000093f00000| Complete 
| 320|0x0000000094000000, 0x0000000094100000, 0x0000000094100000|100%| E|CS|TAMS 0x0000000094000000| PB 0x0000000094000000| Complete 
| 321|0x0000000094100000, 0x0000000094200000, 0x0000000094200000|100%| E|CS|TAMS 0x0000000094100000| PB 0x0000000094100000| Complete 
| 322|0x0000000094200000, 0x0000000094300000, 0x0000000094300000|100%| E|CS|TAMS 0x0000000094200000| PB 0x0000000094200000| Complete 
| 323|0x0000000094300000, 0x0000000094400000, 0x0000000094400000|100%| E|CS|TAMS 0x0000000094300000| PB 0x0000000094300000| Complete 
| 324|0x0000000094400000, 0x0000000094500000, 0x0000000094500000|100%| E|CS|TAMS 0x0000000094400000| PB 0x0000000094400000| Complete 
| 325|0x0000000094500000, 0x0000000094600000, 0x0000000094600000|100%| E|CS|TAMS 0x0000000094500000| PB 0x0000000094500000| Complete 
| 326|0x0000000094600000, 0x0000000094700000, 0x0000000094700000|100%| E|CS|TAMS 0x0000000094600000| PB 0x0000000094600000| Complete 
| 327|0x0000000094700000, 0x0000000094800000, 0x0000000094800000|100%| E|CS|TAMS 0x0000000094700000| PB 0x0000000094700000| Complete 
| 328|0x0000000094800000, 0x0000000094900000, 0x0000000094900000|100%| E|CS|TAMS 0x0000000094800000| PB 0x0000000094800000| Complete 
| 329|0x0000000094900000, 0x0000000094a00000, 0x0000000094a00000|100%| E|CS|TAMS 0x0000000094900000| PB 0x0000000094900000| Complete 
| 330|0x0000000094a00000, 0x0000000094b00000, 0x0000000094b00000|100%| E|CS|TAMS 0x0000000094a00000| PB 0x0000000094a00000| Complete 
| 331|0x0000000094b00000, 0x0000000094c00000, 0x0000000094c00000|100%| E|CS|TAMS 0x0000000094b00000| PB 0x0000000094b00000| Complete 
| 332|0x0000000094c00000, 0x0000000094d00000, 0x0000000094d00000|100%| E|CS|TAMS 0x0000000094c00000| PB 0x0000000094c00000| Complete 
| 333|0x0000000094d00000, 0x0000000094e00000, 0x0000000094e00000|100%| E|CS|TAMS 0x0000000094d00000| PB 0x0000000094d00000| Complete 
| 334|0x0000000094e00000, 0x0000000094f00000, 0x0000000094f00000|100%| E|CS|TAMS 0x0000000094e00000| PB 0x0000000094e00000| Complete 
| 335|0x0000000094f00000, 0x0000000095000000, 0x0000000095000000|100%| E|CS|TAMS 0x0000000094f00000| PB 0x0000000094f00000| Complete 
| 336|0x0000000095000000, 0x000000009507b300, 0x0000000095100000| 48%| S|CS|TAMS 0x0000000095000000| PB 0x0000000095000000| Complete 
| 337|0x0000000095100000, 0x0000000095200000, 0x0000000095200000|100%| S|CS|TAMS 0x0000000095100000| PB 0x0000000095100000| Complete 
| 338|0x0000000095200000, 0x0000000095300000, 0x0000000095300000|100%| S|CS|TAMS 0x0000000095200000| PB 0x0000000095200000| Complete 
| 339|0x0000000095300000, 0x0000000095400000, 0x0000000095400000|100%| S|CS|TAMS 0x0000000095300000| PB 0x0000000095300000| Complete 
| 340|0x0000000095400000, 0x0000000095500000, 0x0000000095500000|100%| S|CS|TAMS 0x0000000095400000| PB 0x0000000095400000| Complete 
| 341|0x0000000095500000, 0x0000000095600000, 0x0000000095600000|100%| S|CS|TAMS 0x0000000095500000| PB 0x0000000095500000| Complete 
| 342|0x0000000095600000, 0x0000000095700000, 0x0000000095700000|100%| E|CS|TAMS 0x0000000095600000| PB 0x0000000095600000| Complete 
| 343|0x0000000095700000, 0x0000000095800000, 0x0000000095800000|100%| E|CS|TAMS 0x0000000095700000| PB 0x0000000095700000| Complete 
| 344|0x0000000095800000, 0x0000000095900000, 0x0000000095900000|100%| E|CS|TAMS 0x0000000095800000| PB 0x0000000095800000| Complete 
| 345|0x0000000095900000, 0x0000000095a00000, 0x0000000095a00000|100%| E|CS|TAMS 0x0000000095900000| PB 0x0000000095900000| Complete 
| 346|0x0000000095a00000, 0x0000000095b00000, 0x0000000095b00000|100%| E|CS|TAMS 0x0000000095a00000| PB 0x0000000095a00000| Complete 
| 347|0x0000000095b00000, 0x0000000095c00000, 0x0000000095c00000|100%| E|CS|TAMS 0x0000000095b00000| PB 0x0000000095b00000| Complete 
| 348|0x0000000095c00000, 0x0000000095d00000, 0x0000000095d00000|100%| E|CS|TAMS 0x0000000095c00000| PB 0x0000000095c00000| Complete 
| 349|0x0000000095d00000, 0x0000000095e00000, 0x0000000095e00000|100%| E|CS|TAMS 0x0000000095d00000| PB 0x0000000095d00000| Complete 
| 350|0x0000000095e00000, 0x0000000095f00000, 0x0000000095f00000|100%| E|CS|TAMS 0x0000000095e00000| PB 0x0000000095e00000| Complete 
| 351|0x0000000095f00000, 0x0000000096000000, 0x0000000096000000|100%| E|CS|TAMS 0x0000000095f00000| PB 0x0000000095f00000| Complete 
| 352|0x0000000096000000, 0x0000000096100000, 0x0000000096100000|100%| E|CS|TAMS 0x0000000096000000| PB 0x0000000096000000| Complete 
| 353|0x0000000096100000, 0x0000000096200000, 0x0000000096200000|100%| E|CS|TAMS 0x0000000096100000| PB 0x0000000096100000| Complete 
| 354|0x0000000096200000, 0x0000000096300000, 0x0000000096300000|100%| E|CS|TAMS 0x0000000096200000| PB 0x0000000096200000| Complete 
| 355|0x0000000096300000, 0x0000000096400000, 0x0000000096400000|100%| E|CS|TAMS 0x0000000096300000| PB 0x0000000096300000| Complete 
| 356|0x0000000096400000, 0x0000000096500000, 0x0000000096500000|100%| E|CS|TAMS 0x0000000096400000| PB 0x0000000096400000| Complete 
| 357|0x0000000096500000, 0x0000000096600000, 0x0000000096600000|100%| E|CS|TAMS 0x0000000096500000| PB 0x0000000096500000| Complete 
| 358|0x0000000096600000, 0x0000000096700000, 0x0000000096700000|100%| E|CS|TAMS 0x0000000096600000| PB 0x0000000096600000| Complete 
| 359|0x0000000096700000, 0x0000000096800000, 0x0000000096800000|100%| E|CS|TAMS 0x0000000096700000| PB 0x0000000096700000| Complete 
| 360|0x0000000096800000, 0x0000000096900000, 0x0000000096900000|100%| E|CS|TAMS 0x0000000096800000| PB 0x0000000096800000| Complete 
| 361|0x0000000096900000, 0x0000000096a00000, 0x0000000096a00000|100%| E|CS|TAMS 0x0000000096900000| PB 0x0000000096900000| Complete 
| 362|0x0000000096a00000, 0x0000000096b00000, 0x0000000096b00000|100%| E|CS|TAMS 0x0000000096a00000| PB 0x0000000096a00000| Complete 
| 363|0x0000000096b00000, 0x0000000096c00000, 0x0000000096c00000|100%| E|CS|TAMS 0x0000000096b00000| PB 0x0000000096b00000| Complete 
| 364|0x0000000096c00000, 0x0000000096d00000, 0x0000000096d00000|100%| E|CS|TAMS 0x0000000096c00000| PB 0x0000000096c00000| Complete 
| 365|0x0000000096d00000, 0x0000000096e00000, 0x0000000096e00000|100%| E|CS|TAMS 0x0000000096d00000| PB 0x0000000096d00000| Complete 
| 366|0x0000000096e00000, 0x0000000096f00000, 0x0000000096f00000|100%| E|CS|TAMS 0x0000000096e00000| PB 0x0000000096e00000| Complete 
| 367|0x0000000096f00000, 0x0000000097000000, 0x0000000097000000|100%| E|CS|TAMS 0x0000000096f00000| PB 0x0000000096f00000| Complete 
| 368|0x0000000097000000, 0x0000000097100000, 0x0000000097100000|100%| E|CS|TAMS 0x0000000097000000| PB 0x0000000097000000| Complete 
| 369|0x0000000097100000, 0x0000000097200000, 0x0000000097200000|100%| E|CS|TAMS 0x0000000097100000| PB 0x0000000097100000| Complete 
| 370|0x0000000097200000, 0x0000000097300000, 0x0000000097300000|100%| E|CS|TAMS 0x0000000097200000| PB 0x0000000097200000| Complete 
| 371|0x0000000097300000, 0x0000000097400000, 0x0000000097400000|100%| E|CS|TAMS 0x0000000097300000| PB 0x0000000097300000| Complete 
| 372|0x0000000097400000, 0x0000000097500000, 0x0000000097500000|100%| E|CS|TAMS 0x0000000097400000| PB 0x0000000097400000| Complete 
|2017|0x00000000fe100000, 0x00000000fe200000, 0x00000000fe200000|100%| E|CS|TAMS 0x00000000fe100000| PB 0x00000000fe100000| Complete 
|2018|0x00000000fe200000, 0x00000000fe300000, 0x00000000fe300000|100%| O|  |TAMS 0x00000000fe200000| PB 0x00000000fe200000| Untracked 
|2019|0x00000000fe300000, 0x00000000fe400000, 0x00000000fe400000|100%| E|CS|TAMS 0x00000000fe300000| PB 0x00000000fe300000| Complete 
|2020|0x00000000fe400000, 0x00000000fe500000, 0x00000000fe500000|100%| O|  |TAMS 0x00000000fe400000| PB 0x00000000fe400000| Untracked 
|2021|0x00000000fe500000, 0x00000000fe600000, 0x00000000fe600000|100%| O|  |TAMS 0x00000000fe500000| PB 0x00000000fe500000| Untracked 
|2022|0x00000000fe600000, 0x00000000fe700000, 0x00000000fe700000|100%| O|  |TAMS 0x00000000fe600000| PB 0x00000000fe600000| Untracked 
|2023|0x00000000fe700000, 0x00000000fe800000, 0x00000000fe800000|100%| O|  |TAMS 0x00000000fe700000| PB 0x00000000fe700000| Untracked 
|2024|0x00000000fe800000, 0x00000000fe900000, 0x00000000fe900000|100%| O|  |TAMS 0x00000000fe800000| PB 0x00000000fe800000| Untracked 
|2025|0x00000000fe900000, 0x00000000fea00000, 0x00000000fea00000|100%| O|  |TAMS 0x00000000fe900000| PB 0x00000000fe900000| Untracked 
|2026|0x00000000fea00000, 0x00000000feb00000, 0x00000000feb00000|100%| O|  |TAMS 0x00000000fea00000| PB 0x00000000fea00000| Untracked 
|2027|0x00000000feb00000, 0x00000000fec00000, 0x00000000fec00000|100%| O|  |TAMS 0x00000000feb00000| PB 0x00000000feb00000| Untracked 
|2028|0x00000000fec00000, 0x00000000fed00000, 0x00000000fed00000|100%| O|  |TAMS 0x00000000fec00000| PB 0x00000000fec00000| Untracked 
|2029|0x00000000fed00000, 0x00000000fee00000, 0x00000000fee00000|100%| E|CS|TAMS 0x00000000fed00000| PB 0x00000000fed00000| Complete 
|2030|0x00000000fee00000, 0x00000000fef00000, 0x00000000fef00000|100%| E|CS|TAMS 0x00000000fee00000| PB 0x00000000fee00000| Complete 
|2031|0x00000000fef00000, 0x00000000ff000000, 0x00000000ff000000|100%| E|CS|TAMS 0x00000000fef00000| PB 0x00000000fef00000| Complete 
|2032|0x00000000ff000000, 0x00000000ff100000, 0x00000000ff100000|100%| O|  |TAMS 0x00000000ff000000| PB 0x00000000ff000000| Untracked 
|2033|0x00000000ff100000, 0x00000000ff200000, 0x00000000ff200000|100%| O|  |TAMS 0x00000000ff100000| PB 0x00000000ff100000| Untracked 
|2034|0x00000000ff200000, 0x00000000ff300000, 0x00000000ff300000|100%| O|  |TAMS 0x00000000ff200000| PB 0x00000000ff200000| Untracked 
|2035|0x00000000ff300000, 0x00000000ff400000, 0x00000000ff400000|100%| E|CS|TAMS 0x00000000ff300000| PB 0x00000000ff300000| Complete 
|2036|0x00000000ff400000, 0x00000000ff500000, 0x00000000ff500000|100%| O|  |TAMS 0x00000000ff400000| PB 0x00000000ff400000| Untracked 
|2037|0x00000000ff500000, 0x00000000ff600000, 0x00000000ff600000|100%| E|CS|TAMS 0x00000000ff500000| PB 0x00000000ff500000| Complete 
|2038|0x00000000ff600000, 0x00000000ff700000, 0x00000000ff700000|100%| O|  |TAMS 0x00000000ff600000| PB 0x00000000ff600000| Untracked 
|2039|0x00000000ff700000, 0x00000000ff800000, 0x00000000ff800000|100%| O|  |TAMS 0x00000000ff700000| PB 0x00000000ff700000| Untracked 
|2040|0x00000000ff800000, 0x00000000ff900000, 0x00000000ff900000|100%| O|  |TAMS 0x00000000ff800000| PB 0x00000000ff800000| Untracked 
|2041|0x00000000ff900000, 0x00000000ffa00000, 0x00000000ffa00000|100%| O|  |TAMS 0x00000000ff900000| PB 0x00000000ff900000| Untracked 
|2042|0x00000000ffa00000, 0x00000000ffb00000, 0x00000000ffb00000|100%| O|  |TAMS 0x00000000ffa00000| PB 0x00000000ffa00000| Untracked 
|2043|0x00000000ffb00000, 0x00000000ffc00000, 0x00000000ffc00000|100%| O|  |TAMS 0x00000000ffb00000| PB 0x00000000ffb00000| Untracked 
|2044|0x00000000ffc00000, 0x00000000ffd00000, 0x00000000ffd00000|100%| O|  |TAMS 0x00000000ffc00000| PB 0x00000000ffc00000| Untracked 
|2045|0x00000000ffd00000, 0x00000000ffe00000, 0x00000000ffe00000|100%| O|  |TAMS 0x00000000ffd00000| PB 0x00000000ffd00000| Untracked 
|2046|0x00000000ffe00000, 0x00000000fff00000, 0x00000000fff00000|100%| O|  |TAMS 0x00000000ffe00000| PB 0x00000000ffe00000| Untracked 
|2047|0x00000000fff00000, 0x0000000100000000, 0x0000000100000000|100%| O|  |TAMS 0x00000000fff00000| PB 0x00000000fff00000| Untracked 

Card table byte_map: [0x000001de59070000,0x000001de59470000] _byte_map_base: 0x000001de58c70000

Marking Bits: (CMBitMap*) 0x000001de46625930
 Bits: [0x000001de59470000, 0x000001de5b470000)

Polling page: 0x000001de446a0000

Metaspace:

Usage:
  Non-class:    168.89 MB used.
      Class:     24.47 MB used.
       Both:    193.36 MB used.

Virtual space:
  Non-class space:      192.00 MB reserved,     170.19 MB ( 89%) committed,  3 nodes.
      Class space:        1.00 GB reserved,      25.88 MB (  3%) committed,  1 nodes.
             Both:        1.19 GB reserved,     196.06 MB ( 16%) committed. 

Chunk freelists:
   Non-Class:  5.69 MB
       Class:  5.96 MB
        Both:  11.65 MB

MaxMetaspaceSize: unlimited
CompressedClassSpaceSize: 1.00 GB
Initial GC threshold: 21.00 MB
Current GC threshold: 326.69 MB
CDS: off
 - commit_granule_bytes: 65536.
 - commit_granule_words: 8192.
 - virtual_space_node_default_size: 8388608.
 - enlarge_chunks_in_place: 1.
 - use_allocation_guard: 0.


Internal statistics:

num_allocs_failed_limit: 3.
num_arena_births: 5444.
num_arena_deaths: 8.
num_vsnodes_births: 4.
num_vsnodes_deaths: 0.
num_space_committed: 3134.
num_space_uncommitted: 0.
num_chunks_returned_to_freelist: 23.
num_chunks_taken_from_freelist: 13458.
num_chunk_merges: 6.
num_chunk_splits: 9297.
num_chunks_enlarged: 6371.
num_inconsistent_stats: 0.

CodeHeap 'non-profiled nmethods': size=120000Kb used=12865Kb max_used=14752Kb free=107134Kb
 bounds [0x000001de511f0000, 0x000001de52060000, 0x000001de58720000]
CodeHeap 'profiled nmethods': size=120000Kb used=27432Kb max_used=36876Kb free=92567Kb
 bounds [0x000001de49720000, 0x000001de4bb30000, 0x000001de50c50000]
CodeHeap 'non-nmethods': size=5760Kb used=3237Kb max_used=3440Kb free=2522Kb
 bounds [0x000001de50c50000, 0x000001de50fd0000, 0x000001de511f0000]
 total_blobs=15507 nmethods=14257 adapters=1152
 compilation: enabled
              stopped_count=0, restarted_count=0
 full_count=0

Compilation events (20 events):
Event: 1226.173 Thread 0x000001de5e2498b0 nmethod 24307 0x000001de4a26c990 code [0x000001de4a26cb20, 0x000001de4a26cc50]
Event: 1226.173 Thread 0x000001de5e2498b0 24787       1       org.jetbrains.kotlin.com.intellij.psi.stubs.PsiFileStubImpl::getPsi (5 bytes)
Event: 1226.174 Thread 0x000001de5e2498b0 nmethod 24787 0x000001de517da110 code [0x000001de517da2a0, 0x000001de517da368]
Event: 1226.174 Thread 0x000001de5e2498b0 24720       3       jdk.internal.jimage.ImageReader$SharedImageReader::makeDirectory (25 bytes)
Event: 1226.174 Thread 0x000001de5e2498b0 nmethod 24720 0x000001de4a295790 code [0x000001de4a295980, 0x000001de4a295e58]
Event: 1226.174 Thread 0x000001de5e2498b0 24780       1       org.jetbrains.kotlin.load.java.components.JavaAnnotationDescriptor::getFqName (5 bytes)
Event: 1226.174 Thread 0x000001de5e2498b0 nmethod 24780 0x000001de517d9e10 code [0x000001de517d9fa0, 0x000001de517da068]
Event: 1226.174 Thread 0x000001de5e2498b0 24705       1       org.jetbrains.kotlin.com.intellij.psi.impl.compiled.ClsRepositoryPsiElement::getStub (5 bytes)
Event: 1226.174 Thread 0x000001de5e2498b0 nmethod 24705 0x000001de517d9b10 code [0x000001de517d9ca0, 0x000001de517d9d68]
Event: 1226.174 Thread 0x000001de5e2498b0 24751       2       org.jetbrains.kotlin.types.TypeSubstitutor::<init> (19 bytes)
Event: 1226.174 Thread 0x000001de5e2498b0 nmethod 24751 0x000001de4a26c410 code [0x000001de4a26c5c0, 0x000001de4a26c750]
Event: 1226.174 Thread 0x000001de5e2498b0 24601       1       org.jetbrains.kotlin.metadata.ProtoBuf$Property::getName (5 bytes)
Event: 1226.174 Thread 0x000001de5e2498b0 nmethod 24601 0x000001de517d9810 code [0x000001de517d99a0, 0x000001de517d9a68]
Event: 1226.174 Thread 0x000001de5e2498b0 24553       1       org.jetbrains.kotlin.load.java.structure.impl.classFiles.BinaryJavaClass::getConstructors (5 bytes)
Event: 1226.174 Thread 0x000001de5e2498b0 nmethod 24553 0x000001de517d9510 code [0x000001de517d96a0, 0x000001de517d9768]
Event: 1226.174 Thread 0x000001de5e2498b0 24741       1       org.jetbrains.kotlin.load.java.lazy.LazyJavaResolverContext::getTypeParameterResolver (5 bytes)
Event: 1226.174 Thread 0x000001de5e2498b0 nmethod 24741 0x000001de5185fd10 code [0x000001de5185fea0, 0x000001de5185ff68]
Event: 1226.174 Thread 0x000001de5e2498b0 24772       1       org.jetbrains.kotlin.load.java.typeEnhancement.AbstractSignatureParts::getForceOnlyHeadTypeConstructor (2 bytes)
Event: 1226.174 Thread 0x000001de5e2498b0 nmethod 24772 0x000001de5185fa10 code [0x000001de5185fba0, 0x000001de5185fc68]
Event: 1226.174 Thread 0x000001de5e2498b0 24777       1       org.jetbrains.kotlin.load.java.lazy.JavaResolverComponents::getSettings (5 bytes)

GC Heap History (20 events):
Event: 17.471 GC heap before
{Heap before GC invocations=54 (full 0):
 garbage-first heap   total 362496K, used 337226K [0x0000000080000000, 0x0000000100000000)
  region size 1024K, 125 young (128000K), 5 survivors (5120K)
 Metaspace       used 173742K, committed 176192K, reserved 1245184K
  class space    used 22500K, committed 23744K, reserved 1048576K
}
Event: 17.473 GC heap after
{Heap after GC invocations=55 (full 0):
 garbage-first heap   total 362496K, used 214860K [0x0000000080000000, 0x0000000100000000)
  region size 1024K, 6 young (6144K), 6 survivors (6144K)
 Metaspace       used 173742K, committed 176192K, reserved 1245184K
  class space    used 22500K, committed 23744K, reserved 1048576K
}
Event: 17.994 GC heap before
{Heap before GC invocations=56 (full 0):
 garbage-first heap   total 362496K, used 340812K [0x0000000080000000, 0x0000000100000000)
  region size 1024K, 124 young (126976K), 6 survivors (6144K)
 Metaspace       used 177179K, committed 179712K, reserved 1245184K
  class space    used 22803K, committed 24064K, reserved 1048576K
}
Event: 17.998 GC heap after
{Heap after GC invocations=57 (full 0):
 garbage-first heap   total 362496K, used 212109K [0x0000000080000000, 0x0000000100000000)
  region size 1024K, 5 young (5120K), 5 survivors (5120K)
 Metaspace       used 177179K, committed 179712K, reserved 1245184K
  class space    used 22803K, committed 24064K, reserved 1048576K
}
Event: 18.615 GC heap before
{Heap before GC invocations=57 (full 0):
 garbage-first heap   total 362496K, used 336013K [0x0000000080000000, 0x0000000100000000)
  region size 1024K, 127 young (130048K), 5 survivors (5120K)
 Metaspace       used 179404K, committed 181952K, reserved 1245184K
  class space    used 23021K, committed 24320K, reserved 1048576K
}
Event: 18.623 GC heap after
{Heap after GC invocations=58 (full 0):
 garbage-first heap   total 362496K, used 219057K [0x0000000080000000, 0x0000000100000000)
  region size 1024K, 15 young (15360K), 15 survivors (15360K)
 Metaspace       used 179404K, committed 181952K, reserved 1245184K
  class space    used 23021K, committed 24320K, reserved 1048576K
}
Event: 164.378 GC heap before
{Heap before GC invocations=58 (full 0):
 garbage-first heap   total 362496K, used 326577K [0x0000000080000000, 0x0000000100000000)
  region size 1024K, 120 young (122880K), 15 survivors (15360K)
 Metaspace       used 183968K, committed 186560K, reserved 1245184K
  class space    used 23586K, committed 24896K, reserved 1048576K
}
Event: 164.386 GC heap after
{Heap after GC invocations=59 (full 0):
 garbage-first heap   total 362496K, used 225142K [0x0000000080000000, 0x0000000100000000)
  region size 1024K, 7 young (7168K), 7 survivors (7168K)
 Metaspace       used 183968K, committed 186560K, reserved 1245184K
  class space    used 23586K, committed 24896K, reserved 1048576K
}
Event: 164.725 GC heap before
{Heap before GC invocations=60 (full 0):
 garbage-first heap   total 375808K, used 335734K [0x0000000080000000, 0x0000000100000000)
  region size 1024K, 115 young (117760K), 7 survivors (7168K)
 Metaspace       used 185053K, committed 187712K, reserved 1245184K
  class space    used 23746K, committed 25088K, reserved 1048576K
}
Event: 164.729 GC heap after
{Heap after GC invocations=61 (full 0):
 garbage-first heap   total 375808K, used 226155K [0x0000000080000000, 0x0000000100000000)
  region size 1024K, 8 young (8192K), 8 survivors (8192K)
 Metaspace       used 185053K, committed 187712K, reserved 1245184K
  class space    used 23746K, committed 25088K, reserved 1048576K
}
Event: 165.381 GC heap before
{Heap before GC invocations=61 (full 0):
 garbage-first heap   total 375808K, used 349035K [0x0000000080000000, 0x0000000100000000)
  region size 1024K, 127 young (130048K), 8 survivors (8192K)
 Metaspace       used 192714K, committed 195392K, reserved 1245184K
  class space    used 24521K, committed 25856K, reserved 1048576K
}
Event: 165.391 GC heap after
{Heap after GC invocations=62 (full 0):
 garbage-first heap   total 375808K, used 230450K [0x0000000080000000, 0x0000000100000000)
  region size 1024K, 14 young (14336K), 14 survivors (14336K)
 Metaspace       used 192714K, committed 195392K, reserved 1245184K
  class space    used 24521K, committed 25856K, reserved 1048576K
}
Event: 166.071 GC heap before
{Heap before GC invocations=62 (full 0):
 garbage-first heap   total 375808K, used 341042K [0x0000000080000000, 0x0000000100000000)
  region size 1024K, 122 young (124928K), 14 survivors (14336K)
 Metaspace       used 195268K, committed 197952K, reserved 1245184K
  class space    used 24809K, committed 26176K, reserved 1048576K
}
Event: 166.081 GC heap after
{Heap after GC invocations=63 (full 0):
 garbage-first heap   total 375808K, used 239262K [0x0000000080000000, 0x0000000100000000)
  region size 1024K, 16 young (16384K), 16 survivors (16384K)
 Metaspace       used 195268K, committed 197952K, reserved 1245184K
  class space    used 24809K, committed 26176K, reserved 1048576K
}
Event: 907.479 GC heap before
{Heap before GC invocations=64 (full 0):
 garbage-first heap   total 399360K, used 337566K [0x0000000080000000, 0x0000000100000000)
  region size 1024K, 113 young (115712K), 16 survivors (16384K)
 Metaspace       used 197301K, committed 200064K, reserved 1245184K
  class space    used 25030K, committed 26432K, reserved 1048576K
}
Event: 907.489 GC heap after
{Heap after GC invocations=65 (full 0):
 garbage-first heap   total 399360K, used 246699K [0x0000000080000000, 0x0000000100000000)
  region size 1024K, 9 young (9216K), 9 survivors (9216K)
 Metaspace       used 197301K, committed 200064K, reserved 1245184K
  class space    used 25030K, committed 26432K, reserved 1048576K
}
Event: 1225.202 GC heap before
{Heap before GC invocations=65 (full 0):
 garbage-first heap   total 399360K, used 367531K [0x0000000080000000, 0x0000000100000000)
  region size 1024K, 128 young (131072K), 9 survivors (9216K)
 Metaspace       used 197597K, committed 200448K, reserved 1245184K
  class space    used 25040K, committed 26496K, reserved 1048576K
}
Event: 1225.207 GC heap after
{Heap after GC invocations=66 (full 0):
 garbage-first heap   total 399360K, used 240603K [0x0000000080000000, 0x0000000100000000)
  region size 1024K, 4 young (4096K), 4 survivors (4096K)
 Metaspace       used 197597K, committed 200448K, reserved 1245184K
  class space    used 25040K, committed 26496K, reserved 1048576K
}
Event: 1225.490 GC heap before
{Heap before GC invocations=66 (full 0):
 garbage-first heap   total 399360K, used 263131K [0x0000000080000000, 0x0000000100000000)
  region size 1024K, 28 young (28672K), 4 survivors (4096K)
 Metaspace       used 197658K, committed 200512K, reserved 1245184K
  class space    used 25042K, committed 26496K, reserved 1048576K
}
Event: 1225.493 GC heap after
{Heap after GC invocations=67 (full 0):
 garbage-first heap   total 399360K, used 242622K [0x0000000080000000, 0x0000000100000000)
  region size 1024K, 6 young (6144K), 6 survivors (6144K)
 Metaspace       used 197658K, committed 200512K, reserved 1245184K
  class space    used 25042K, committed 26496K, reserved 1048576K
}

Dll operation events (3 events):
Event: 0.006 Loaded shared library C:\Program Files\Android\Android Studio1\jbr\bin\java.dll
Event: 0.011 Loaded shared library C:\Program Files\Android\Android Studio1\jbr\bin\zip.dll
Event: 0.259 Loaded shared library C:\Program Files\Android\Android Studio1\jbr\bin\verify.dll

Deoptimization events (20 events):
Event: 1226.067 Thread 0x000001de66838440 DEOPT PACKING pc=0x000001de4a24e06a sp=0x00000067a82f4af0
Event: 1226.067 Thread 0x000001de66838440 DEOPT UNPACKING pc=0x000001de50ca4e42 sp=0x00000067a82f3f80 mode 0
Event: 1226.092 Thread 0x000001de66838440 Uncommon trap: trap_request=0xffffffde fr.pc=0x000001de51d9e1bc relative=0x000000000000029c
Event: 1226.092 Thread 0x000001de66838440 Uncommon trap: reason=class_check action=maybe_recompile pc=0x000001de51d9e1bc method=java.util.regex.Pattern$CharProperty.match(Ljava/util/regex/Matcher;ILjava/lang/CharSequence;)Z @ 37 c2
Event: 1226.092 Thread 0x000001de66838440 DEOPT PACKING pc=0x000001de51d9e1bc sp=0x00000067a82f4010
Event: 1226.092 Thread 0x000001de66838440 DEOPT UNPACKING pc=0x000001de50ca46a2 sp=0x00000067a82f3fd0 mode 2
Event: 1226.092 Thread 0x000001de66838440 Uncommon trap: trap_request=0xffffffde fr.pc=0x000001de51d9e1bc relative=0x000000000000029c
Event: 1226.092 Thread 0x000001de66838440 Uncommon trap: reason=class_check action=maybe_recompile pc=0x000001de51d9e1bc method=java.util.regex.Pattern$CharProperty.match(Ljava/util/regex/Matcher;ILjava/lang/CharSequence;)Z @ 37 c2
Event: 1226.092 Thread 0x000001de66838440 DEOPT PACKING pc=0x000001de51d9e1bc sp=0x00000067a82f4010
Event: 1226.092 Thread 0x000001de66838440 DEOPT UNPACKING pc=0x000001de50ca46a2 sp=0x00000067a82f3fd0 mode 2
Event: 1226.092 Thread 0x000001de66838440 Uncommon trap: trap_request=0xffffffde fr.pc=0x000001de51d9e1bc relative=0x000000000000029c
Event: 1226.092 Thread 0x000001de66838440 Uncommon trap: reason=class_check action=maybe_recompile pc=0x000001de51d9e1bc method=java.util.regex.Pattern$CharProperty.match(Ljava/util/regex/Matcher;ILjava/lang/CharSequence;)Z @ 37 c2
Event: 1226.092 Thread 0x000001de66838440 DEOPT PACKING pc=0x000001de51d9e1bc sp=0x00000067a82f4010
Event: 1226.092 Thread 0x000001de66838440 DEOPT UNPACKING pc=0x000001de50ca46a2 sp=0x00000067a82f3fd0 mode 2
Event: 1226.092 Thread 0x000001de66838440 Uncommon trap: trap_request=0xffffffde fr.pc=0x000001de51d9e1bc relative=0x000000000000029c
Event: 1226.092 Thread 0x000001de66838440 Uncommon trap: reason=class_check action=maybe_recompile pc=0x000001de51d9e1bc method=java.util.regex.Pattern$CharProperty.match(Ljava/util/regex/Matcher;ILjava/lang/CharSequence;)Z @ 37 c2
Event: 1226.092 Thread 0x000001de66838440 DEOPT PACKING pc=0x000001de51d9e1bc sp=0x00000067a82f4010
Event: 1226.092 Thread 0x000001de66838440 DEOPT UNPACKING pc=0x000001de50ca46a2 sp=0x00000067a82f3fd0 mode 2
Event: 1226.164 Thread 0x000001de66838440 DEOPT PACKING pc=0x000001de4b07ac36 sp=0x00000067a82f23e0
Event: 1226.164 Thread 0x000001de66838440 DEOPT UNPACKING pc=0x000001de50ca4e42 sp=0x00000067a82f18a0 mode 0

Classes loaded (20 events):
Event: 23.026 Loading class sun/security/ssl/Authenticator$TLS10Authenticator
Event: 23.026 Loading class sun/security/ssl/Authenticator$TLS10Authenticator done
Event: 23.026 Loading class sun/security/ssl/SSLCipher$T12CC20P1305WriteCipherGenerator$CC20P1305WriteCipher
Event: 23.026 Loading class sun/security/ssl/SSLCipher$T12CC20P1305WriteCipherGenerator$CC20P1305WriteCipher done
Event: 23.026 Loading class com/sun/crypto/provider/ChaCha20Cipher$EngineAEADEnc
Event: 23.026 Loading class com/sun/crypto/provider/ChaCha20Cipher$ChaChaEngine
Event: 23.026 Loading class com/sun/crypto/provider/ChaCha20Cipher$ChaChaEngine done
Event: 23.026 Loading class com/sun/crypto/provider/ChaCha20Cipher$EngineAEADEnc done
Event: 23.026 Loading class com/sun/crypto/provider/Poly1305
Event: 23.027 Loading class com/sun/crypto/provider/Poly1305 done
Event: 23.027 Loading class sun/security/util/math/intpoly/IntegerPolynomial1305
Event: 23.027 Loading class sun/security/util/math/intpoly/IntegerPolynomial1305 done
Event: 23.056 Loading class sun/security/ssl/NewSessionTicket$T12NewSessionTicketMessage
Event: 23.056 Loading class sun/security/ssl/NewSessionTicket$T12NewSessionTicketMessage done
Event: 23.056 Loading class sun/security/ssl/SSLCipher$T12CC20P1305ReadCipherGenerator$CC20P1305ReadCipher
Event: 23.056 Loading class sun/security/ssl/SSLCipher$T12CC20P1305ReadCipherGenerator$CC20P1305ReadCipher done
Event: 23.057 Loading class com/sun/crypto/provider/ChaCha20Cipher$EngineAEADDec
Event: 23.057 Loading class com/sun/crypto/provider/ChaCha20Cipher$EngineAEADDec done
Event: 164.364 Loading class jdk/internal/math/FormattedFPDecimal
Event: 164.364 Loading class jdk/internal/math/FormattedFPDecimal done

Classes unloaded (20 events):
Event: 7.270 Thread 0x000001de5e19aa90 Unloading class 0x0000000100812000 '_BuildScript_$_run_closure1$_closure2'
Event: 7.270 Thread 0x000001de5e19aa90 Unloading class 0x0000000100811948 '_BuildScript_$_run_closure1'
Event: 7.270 Thread 0x000001de5e19aa90 Unloading class 0x0000000100811400 '_BuildScript_'
Event: 7.270 Thread 0x000001de5e19aa90 Unloading class 0x0000000100811000 'JetGradlePlugin$_apply_closure1$_closure2$_closure3'
Event: 7.270 Thread 0x000001de5e19aa90 Unloading class 0x0000000100810990 'JetGradlePlugin$_apply_closure1$_closure2'
Event: 7.270 Thread 0x000001de5e19aa90 Unloading class 0x0000000100810590 'JetGradlePlugin$_apply_closure1'
Event: 7.270 Thread 0x000001de5e19aa90 Unloading class 0x00000001008102e0 'JetGradlePlugin'
Event: 7.270 Thread 0x000001de5e19aa90 Unloading class 0x0000000100810000 'RegistryProcessor'
Event: 1225.588 Thread 0x000001de5e19aa90 Unloading class 0x00000001018ae400 '_BuildScript_$_run_closure1$_closure3'
Event: 1225.588 Thread 0x000001de5e19aa90 Unloading class 0x00000001018ae000 '_BuildScript_$_run_closure1$_closure2'
Event: 1225.588 Thread 0x000001de5e19aa90 Unloading class 0x00000001018ad948 '_BuildScript_$_run_closure1'
Event: 1225.588 Thread 0x000001de5e19aa90 Unloading class 0x00000001018ad400 '_BuildScript_'
Event: 1225.588 Thread 0x000001de5e19aa90 Unloading class 0x00000001018ad000 'JetGradlePlugin$_apply_closure1$_closure2$_closure3'
Event: 1225.588 Thread 0x000001de5e19aa90 Unloading class 0x00000001018ac990 'JetGradlePlugin$_apply_closure1$_closure2'
Event: 1225.588 Thread 0x000001de5e19aa90 Unloading class 0x00000001018ac590 'JetGradlePlugin$_apply_closure1'
Event: 1225.588 Thread 0x000001de5e19aa90 Unloading class 0x00000001018ac2e0 'JetGradlePlugin'
Event: 1225.588 Thread 0x000001de5e19aa90 Unloading class 0x00000001018ac000 'RegistryProcessor'
Event: 1225.588 Thread 0x000001de5e19aa90 Unloading class 0x00000001018aa948 '_BuildScript_$_run_closure1$_closure2'
Event: 1225.588 Thread 0x000001de5e19aa90 Unloading class 0x00000001018aa548 '_BuildScript_$_run_closure1'
Event: 1225.588 Thread 0x000001de5e19aa90 Unloading class 0x00000001018aa000 '_BuildScript_'

Classes redefined (0 events):
No events

Internal exceptions (20 events):
Event: 1225.102 Thread 0x000001de685d8ea0 Exception <a 'sun/nio/fs/WindowsException'{0x000000008f737670}> (0x000000008f737670) 
thrown [s\src\hotspot\share\prims\jni.cpp, line 535]
Event: 1225.106 Thread 0x000001de685d8ea0 Exception <a 'sun/nio/fs/WindowsException'{0x000000008f7860e0}> (0x000000008f7860e0) 
thrown [s\src\hotspot\share\prims\jni.cpp, line 535]
Event: 1225.107 Thread 0x000001de685d8ea0 Exception <a 'sun/nio/fs/WindowsException'{0x000000008f786248}> (0x000000008f786248) 
thrown [s\src\hotspot\share\prims\jni.cpp, line 535]
Event: 1225.110 Thread 0x000001de66838440 Exception <a 'java/lang/ClassNotFoundException'{0x000000008f7d9dc8}: sync_studio_tooling780_d8np0jk129u2hsqgg8rkxvx30BeanInfo> (0x000000008f7d9dc8) 
thrown [s\src\hotspot\share\classfile\systemDictionary.cpp, line 312]
Event: 1225.110 Thread 0x000001de66838440 Exception <a 'java/lang/ClassNotFoundException'{0x000000008f7e06f0}: sync_studio_tooling780_d8np0jk129u2hsqgg8rkxvx30Customizer> (0x000000008f7e06f0) 
thrown [s\src\hotspot\share\classfile\systemDictionary.cpp, line 312]
Event: 1225.113 Thread 0x000001de66838440 Exception <a 'java/lang/ClassNotFoundException'{0x000000008f623058}: sync_studio_tooling780_d8np0jk129u2hsqgg8rkxvx30$_run_closure1BeanInfo> (0x000000008f623058) 
thrown [s\src\hotspot\share\classfile\systemDictionary.cpp, line 312]
Event: 1225.113 Thread 0x000001de66838440 Exception <a 'java/lang/ClassNotFoundException'{0x000000008f62a050}: sync_studio_tooling780_d8np0jk129u2hsqgg8rkxvx30$_run_closure1Customizer> (0x000000008f62a050) 
thrown [s\src\hotspot\share\classfile\systemDictionary.cpp, line 312]
Event: 1225.120 Thread 0x000001de685dd040 Exception <a 'sun/nio/fs/WindowsException'{0x000000008f682730}> (0x000000008f682730) 
thrown [s\src\hotspot\share\prims\jni.cpp, line 535]
Event: 1225.141 Thread 0x000001de685dd040 Exception <a 'sun/nio/fs/WindowsException'{0x000000008f6d1738}> (0x000000008f6d1738) 
thrown [s\src\hotspot\share\prims\jni.cpp, line 535]
Event: 1225.141 Thread 0x000001de685dd040 Exception <a 'sun/nio/fs/WindowsException'{0x000000008f6d1898}> (0x000000008f6d1898) 
thrown [s\src\hotspot\share\prims\jni.cpp, line 535]
Event: 1225.144 Thread 0x000001de66838440 Exception <a 'java/lang/ClassNotFoundException'{0x000000008f527450}: sync_studio_tooling780_d8np0jk129u2hsqgg8rkxvx30BeanInfo> (0x000000008f527450) 
thrown [s\src\hotspot\share\classfile\systemDictionary.cpp, line 312]
Event: 1225.144 Thread 0x000001de66838440 Exception <a 'java/lang/ClassNotFoundException'{0x000000008f52dcf8}: sync_studio_tooling780_d8np0jk129u2hsqgg8rkxvx30Customizer> (0x000000008f52dcf8) 
thrown [s\src\hotspot\share\classfile\systemDictionary.cpp, line 312]
Event: 1225.174 Thread 0x000001de66838440 Exception <a 'sun/nio/fs/WindowsException'{0x000000008f415a08}> (0x000000008f415a08) 
thrown [s\src\hotspot\share\prims\jni.cpp, line 535]
Event: 1225.175 Thread 0x000001de66838440 Exception <a 'sun/nio/fs/WindowsException'{0x000000008f417170}> (0x000000008f417170) 
thrown [s\src\hotspot\share\prims\jni.cpp, line 535]
Event: 1225.175 Thread 0x000001de66838440 Exception <a 'sun/nio/fs/WindowsException'{0x000000008f4188c8}> (0x000000008f4188c8) 
thrown [s\src\hotspot\share\prims\jni.cpp, line 535]
Event: 1225.175 Thread 0x000001de66838440 Exception <a 'sun/nio/fs/WindowsException'{0x000000008f41a020}> (0x000000008f41a020) 
thrown [s\src\hotspot\share\prims\jni.cpp, line 535]
Event: 1225.323 Thread 0x000001de685d8180 Exception <a 'sun/nio/fs/WindowsException'{0x0000000095cdbfc0}> (0x0000000095cdbfc0) 
thrown [s\src\hotspot\share\prims\jni.cpp, line 535]
Event: 1225.371 Thread 0x000001de685d8180 Exception <a 'sun/nio/fs/WindowsException'{0x0000000095cf8c68}> (0x0000000095cf8c68) 
thrown [s\src\hotspot\share\prims\jni.cpp, line 535]
Event: 1225.372 Thread 0x000001de685d8180 Exception <a 'sun/nio/fs/WindowsException'{0x0000000095cf8dd8}> (0x0000000095cf8dd8) 
thrown [s\src\hotspot\share\prims\jni.cpp, line 535]
Event: 1225.487 Thread 0x000001de66838440 Exception <a 'java/lang/NoSuchMethodError'{0x00000000956a27a8}: 'void java.lang.invoke.Invokers$Holder.invokeExact_MT(java.lang.Object, java.lang.Object, java.lang.Object)'> (0x00000000956a27a8) 
thrown [s\src\hotspot\share\interpreter\linkResolver.cpp, line 784]

ZGC Phase Switch (0 events):
No events

VM Operations (20 events):
Event: 1001.145 Executing VM operation: Cleanup done
Event: 1066.712 Executing VM operation: Cleanup
Event: 1066.713 Executing VM operation: Cleanup done
Event: 1071.764 Executing VM operation: Cleanup
Event: 1071.764 Executing VM operation: Cleanup done
Event: 1081.856 Executing VM operation: Cleanup
Event: 1081.856 Executing VM operation: Cleanup done
Event: 1201.700 Executing VM operation: Cleanup
Event: 1201.700 Executing VM operation: Cleanup done
Event: 1225.201 Executing VM operation: G1CollectForAllocation (G1 Evacuation Pause)
Event: 1225.207 Executing VM operation: G1CollectForAllocation (G1 Evacuation Pause) done
Event: 1225.490 Executing VM operation: G1TryInitiateConcMark (G1 Humongous Allocation)
Event: 1225.493 Executing VM operation: G1TryInitiateConcMark (G1 Humongous Allocation) done
Event: 1225.587 Executing VM operation: G1PauseRemark
Event: 1225.621 Executing VM operation: G1PauseRemark done
Event: 1225.701 Executing VM operation: G1PauseCleanup
Event: 1225.701 Executing VM operation: G1PauseCleanup done
Event: 1226.096 Executing VM operation: ICBufferFull
Event: 1226.096 Executing VM operation: ICBufferFull done
Event: 1227.105 Executing VM operation: Cleanup

Memory protections (0 events):
No events

Nmethod flushes (20 events):
Event: 1225.597 Thread 0x000001de5e19aa90 flushing  nmethod 0x000001de4a209f90
Event: 1225.597 Thread 0x000001de5e19aa90 flushing  nmethod 0x000001de4a210c10
Event: 1225.597 Thread 0x000001de5e19aa90 flushing  nmethod 0x000001de4a25d390
Event: 1225.597 Thread 0x000001de5e19aa90 flushing  nmethod 0x000001de4a262d10
Event: 1225.597 Thread 0x000001de5e19aa90 flushing  nmethod 0x000001de4a2d4710
Event: 1225.597 Thread 0x000001de5e19aa90 flushing  nmethod 0x000001de4a2d5b90
Event: 1225.597 Thread 0x000001de5e19aa90 flushing  nmethod 0x000001de4a2db110
Event: 1225.597 Thread 0x000001de5e19aa90 flushing  nmethod 0x000001de4a5bcf90
Event: 1225.597 Thread 0x000001de5e19aa90 flushing  nmethod 0x000001de4a673b10
Event: 1225.597 Thread 0x000001de5e19aa90 flushing  nmethod 0x000001de4aeaa190
Event: 1225.597 Thread 0x000001de5e19aa90 flushing  nmethod 0x000001de4b02d510
Event: 1225.597 Thread 0x000001de5e19aa90 flushing  nmethod 0x000001de4b031790
Event: 1225.597 Thread 0x000001de5e19aa90 flushing  nmethod 0x000001de4b09c290
Event: 1225.597 Thread 0x000001de5e19aa90 flushing  nmethod 0x000001de4b170190
Event: 1225.597 Thread 0x000001de5e19aa90 flushing  nmethod 0x000001de4b247d10
Event: 1225.597 Thread 0x000001de5e19aa90 flushing  nmethod 0x000001de4b2d1d90
Event: 1225.597 Thread 0x000001de5e19aa90 flushing  nmethod 0x000001de4b31dd90
Event: 1225.597 Thread 0x000001de5e19aa90 flushing  nmethod 0x000001de4b5ae790
Event: 1225.597 Thread 0x000001de5e19aa90 flushing  nmethod 0x000001de4b5b0a90
Event: 1225.597 Thread 0x000001de5e19aa90 flushing  nmethod 0x000001de4b5b1890

Events (20 events):
Event: 1225.051 Thread 0x000001de66838440 Thread added: 0x000001de66837db0
Event: 1225.068 Thread 0x000001de66838440 Thread added: 0x000001de6683d300
Event: 1225.075 Thread 0x000001de5e2498b0 Thread added: 0x000001de72f5a020
Event: 1225.092 Thread 0x000001de66838440 Thread added: 0x000001de6683d990
Event: 1225.094 Thread 0x000001de66838440 Thread added: 0x000001de6683b8c0
Event: 1225.096 Thread 0x000001de66838440 Thread added: 0x000001de6683bf50
Event: 1225.211 Thread 0x000001de66838440 Thread added: 0x000001de6683c5e0
Event: 1225.230 Thread 0x000001de66838440 Thread added: 0x000001de6683e020
Event: 1225.291 Thread 0x000001de66838440 Thread added: 0x000001de744cc4c0
Event: 1225.291 Thread 0x000001de66838440 Thread added: 0x000001de744ccb50
Event: 1225.291 Thread 0x000001de66838440 Thread added: 0x000001de744ca3f0
Event: 1225.291 Thread 0x000001de66838440 Thread added: 0x000001de744caa80
Event: 1225.292 Thread 0x000001de66838440 Thread added: 0x000001de744cbe30
Event: 1225.292 Thread 0x000001de66838440 Thread added: 0x000001de744c9d60
Event: 1225.292 Thread 0x000001de66838440 Thread added: 0x000001de744cb110
Event: 1225.292 Thread 0x000001de66838440 Thread added: 0x000001de744cb7a0
Event: 1225.292 Thread 0x000001de66838440 Thread added: 0x000001de744c96d0
Event: 1225.292 Thread 0x000001de66838440 Thread added: 0x000001de744cd870
Event: 1225.292 Thread 0x000001de66838440 Thread added: 0x000001de744d0660
Event: 1225.307 Thread 0x000001de5e248cf0 Thread added: 0x000001de72f5c900


Dynamic libraries:
0x00007ff651540000 - 0x00007ff65154a000 	C:\Program Files\Android\Android Studio1\jbr\bin\java.exe
0x00007ff913620000 - 0x00007ff913888000 	C:\WINDOWS\SYSTEM32\ntdll.dll
0x00007ff911bb0000 - 0x00007ff911c79000 	C:\WINDOWS\System32\KERNEL32.DLL
0x00007ff910fd0000 - 0x00007ff9113bd000 	C:\WINDOWS\System32\KERNELBASE.dll
0x00007ff9108f0000 - 0x00007ff910a3b000 	C:\WINDOWS\System32\ucrtbase.dll
0x00007ff90b660000 - 0x00007ff90b67b000 	C:\Program Files\Android\Android Studio1\jbr\bin\VCRUNTIME140.dll
0x00007ff90b6e0000 - 0x00007ff90b6f8000 	C:\Program Files\Android\Android Studio1\jbr\bin\jli.dll
0x00007ff913410000 - 0x00007ff9135dc000 	C:\WINDOWS\System32\USER32.dll
0x00007ff8f9860000 - 0x00007ff8f9afa000 	C:\WINDOWS\WinSxS\amd64_microsoft.windows.common-controls_6595b64144ccf1df_6.0.26100.4484_none_3e0e6d4ce32ef3b3\COMCTL32.dll
0x00007ff910e70000 - 0x00007ff910e97000 	C:\WINDOWS\System32\win32u.dll
0x00007ff912380000 - 0x00007ff912429000 	C:\WINDOWS\System32\msvcrt.dll
0x00007ff911920000 - 0x00007ff91194b000 	C:\WINDOWS\System32\GDI32.dll
0x00007ff910d30000 - 0x00007ff910e67000 	C:\WINDOWS\System32\gdi32full.dll
0x00007ff910c80000 - 0x00007ff910d23000 	C:\WINDOWS\System32\msvcp_win.dll
0x00007ff911420000 - 0x00007ff91144f000 	C:\WINDOWS\System32\IMM32.DLL
0x00007ff90b680000 - 0x00007ff90b68c000 	C:\Program Files\Android\Android Studio1\jbr\bin\vcruntime140_1.dll
0x00007ff8b8a80000 - 0x00007ff8b8b0d000 	C:\Program Files\Android\Android Studio1\jbr\bin\msvcp140.dll
0x00007ff86d290000 - 0x00007ff86df1b000 	C:\Program Files\Android\Android Studio1\jbr\bin\server\jvm.dll
0x00007ff9122c0000 - 0x00007ff912374000 	C:\WINDOWS\System32\ADVAPI32.dll
0x00007ff9117e0000 - 0x00007ff911886000 	C:\WINDOWS\System32\sechost.dll
0x00007ff9132e0000 - 0x00007ff9133f8000 	C:\WINDOWS\System32\RPCRT4.dll
0x00007ff911950000 - 0x00007ff9119c4000 	C:\WINDOWS\System32\WS2_32.dll
0x00007ff910420000 - 0x00007ff91047e000 	C:\WINDOWS\SYSTEM32\POWRPROF.dll
0x00007ff902fa0000 - 0x00007ff902fd5000 	C:\WINDOWS\SYSTEM32\WINMM.dll
0x00007ff90a850000 - 0x00007ff90a85b000 	C:\WINDOWS\SYSTEM32\VERSION.dll
0x00007ff910400000 - 0x00007ff910414000 	C:\WINDOWS\SYSTEM32\UMPDC.dll
0x00007ff90f510000 - 0x00007ff90f52b000 	C:\WINDOWS\SYSTEM32\kernel.appcore.dll
0x00007ff8f7cd0000 - 0x00007ff8f7cda000 	C:\Program Files\Android\Android Studio1\jbr\bin\jimage.dll
0x00007ff900930000 - 0x00007ff900b71000 	C:\WINDOWS\SYSTEM32\DBGHELP.DLL
0x00007ff912cb0000 - 0x00007ff913036000 	C:\WINDOWS\System32\combase.dll
0x00007ff9131f0000 - 0x00007ff9132d0000 	C:\WINDOWS\System32\OLEAUT32.dll
0x00007ff8ee7a0000 - 0x00007ff8ee7e3000 	C:\WINDOWS\SYSTEM32\dbgcore.DLL
0x00007ff910f30000 - 0x00007ff910fc9000 	C:\WINDOWS\System32\bcryptPrimitives.dll
0x00007ff90b690000 - 0x00007ff90b69e000 	C:\Program Files\Android\Android Studio1\jbr\bin\instrument.dll
0x00007ff8eed50000 - 0x00007ff8eed70000 	C:\Program Files\Android\Android Studio1\jbr\bin\java.dll
0x00007ff8eed30000 - 0x00007ff8eed48000 	C:\Program Files\Android\Android Studio1\jbr\bin\zip.dll
0x00007ff912430000 - 0x00007ff912b7a000 	C:\WINDOWS\System32\SHELL32.dll
0x00007ff910770000 - 0x00007ff9108e4000 	C:\WINDOWS\System32\wintypes.dll
0x00007ff90e3f0000 - 0x00007ff90ec4b000 	C:\WINDOWS\SYSTEM32\windows.storage.dll
0x00007ff911d10000 - 0x00007ff911e05000 	C:\WINDOWS\System32\SHCORE.dll
0x00007ff9119d0000 - 0x00007ff911a3a000 	C:\WINDOWS\System32\shlwapi.dll
0x00007ff910680000 - 0x00007ff9106af000 	C:\WINDOWS\SYSTEM32\profapi.dll
0x00007ff8f7980000 - 0x00007ff8f7990000 	C:\Program Files\Android\Android Studio1\jbr\bin\net.dll
0x00007ff907cc0000 - 0x00007ff907dde000 	C:\WINDOWS\SYSTEM32\WINHTTP.dll
0x00007ff90faa0000 - 0x00007ff90fb0a000 	C:\WINDOWS\system32\mswsock.dll
0x00007ff8ea970000 - 0x00007ff8ea986000 	C:\Program Files\Android\Android Studio1\jbr\bin\nio.dll
0x00007ff8ec5c0000 - 0x00007ff8ec5d0000 	C:\Program Files\Android\Android Studio1\jbr\bin\verify.dll
0x00007ff8ea650000 - 0x00007ff8ea677000 	C:\Users\PC7\.gradle\native\68d5fa5c4cc2d200863cafc0d521ce42e7d3e7ee720ec0a83991735586a16f82\windows-amd64\native-platform.dll
0x00007ff889970000 - 0x00007ff889ab4000 	C:\Users\PC7\.gradle\native\e376f236ea51e6404a007f0833ffe2c6e607c4080706a723a18a27aeea778392\windows-amd64\native-platform-file-events.dll
0x00007ff8eec90000 - 0x00007ff8eec99000 	C:\Program Files\Android\Android Studio1\jbr\bin\management.dll
0x00007ff8ed4a0000 - 0x00007ff8ed4ab000 	C:\Program Files\Android\Android Studio1\jbr\bin\management_ext.dll
0x00007ff913400000 - 0x00007ff913408000 	C:\WINDOWS\System32\PSAPI.DLL
0x00007ff90fd50000 - 0x00007ff90fd6b000 	C:\WINDOWS\SYSTEM32\CRYPTSP.dll
0x00007ff90f470000 - 0x00007ff90f4ab000 	C:\WINDOWS\system32\rsaenh.dll
0x00007ff90fb40000 - 0x00007ff90fb6b000 	C:\WINDOWS\SYSTEM32\USERENV.dll
0x00007ff910650000 - 0x00007ff910676000 	C:\WINDOWS\SYSTEM32\bcrypt.dll
0x00007ff90fd70000 - 0x00007ff90fd7c000 	C:\WINDOWS\SYSTEM32\CRYPTBASE.dll
0x00007ff90ef40000 - 0x00007ff90ef73000 	C:\WINDOWS\SYSTEM32\IPHLPAPI.DLL
0x00007ff911460000 - 0x00007ff91146a000 	C:\WINDOWS\System32\NSI.dll
0x00007ff8f4110000 - 0x00007ff8f4119000 	C:\Program Files\Android\Android Studio1\jbr\bin\extnet.dll
0x00007ff880ef0000 - 0x00007ff880ef8000 	C:\WINDOWS\system32\wshunix.dll
0x00007ff90efd0000 - 0x00007ff90f0f6000 	C:\WINDOWS\SYSTEM32\DNSAPI.dll
0x00007ff8fe790000 - 0x00007ff8fe79b000 	C:\Windows\System32\rasadhlp.dll
0x00007ff902360000 - 0x00007ff9023e6000 	C:\WINDOWS\System32\fwpuclnt.dll

dbghelp: loaded successfully - version: 4.0.5 - missing functions: none
symbol engine: initialized successfully - sym options: 0x614 - pdb path: .;C:\Program Files\Android\Android Studio1\jbr\bin;C:\WINDOWS\SYSTEM32;C:\WINDOWS\WinSxS\amd64_microsoft.windows.common-controls_6595b64144ccf1df_6.0.26100.4484_none_3e0e6d4ce32ef3b3;C:\Program Files\Android\Android Studio1\jbr\bin\server;C:\Users\PC7\.gradle\native\68d5fa5c4cc2d200863cafc0d521ce42e7d3e7ee720ec0a83991735586a16f82\windows-amd64;C:\Users\PC7\.gradle\native\e376f236ea51e6404a007f0833ffe2c6e607c4080706a723a18a27aeea778392\windows-amd64

VM Arguments:
jvm_args: --add-opens=java.base/java.util=ALL-UNNAMED --add-opens=java.base/java.lang=ALL-UNNAMED --add-opens=java.base/java.lang.invoke=ALL-UNNAMED --add-opens=java.prefs/java.util.prefs=ALL-UNNAMED --add-opens=java.base/java.nio.charset=ALL-UNNAMED --add-opens=java.base/java.net=ALL-UNNAMED --add-opens=java.base/java.util.concurrent.atomic=ALL-UNNAMED -Xmx2048m -Dfile.encoding=UTF-8 -Duser.country=JP -Duser.language=ja -Duser.variant -javaagent:C:\Users\PC7\.gradle\wrapper\dists\gradle-8.2-bin\bbg7u40eoinfdyxsxr3z4i7ta\gradle-8.2\lib\agents\gradle-instrumentation-agent-8.2.jar 
java_command: org.gradle.launcher.daemon.bootstrap.GradleDaemon 8.2
java_class_path (initial): C:\Users\PC7\.gradle\wrapper\dists\gradle-8.2-bin\bbg7u40eoinfdyxsxr3z4i7ta\gradle-8.2\lib\gradle-launcher-8.2.jar
Launcher Type: SUN_STANDARD

[Global flags]
     intx CICompilerCount                          = 4                                         {product} {ergonomic}
     uint ConcGCThreads                            = 3                                         {product} {ergonomic}
     uint G1ConcRefinementThreads                  = 10                                        {product} {ergonomic}
   size_t G1HeapRegionSize                         = 1048576                                   {product} {ergonomic}
    uintx GCDrainStackTargetSize                   = 64                                        {product} {ergonomic}
   size_t InitialHeapSize                          = 268435456                                 {product} {ergonomic}
   size_t MarkStackSize                            = 4194304                                   {product} {ergonomic}
   size_t MaxHeapSize                              = 2147483648                                {product} {command line}
   size_t MaxNewSize                               = 1287651328                                {product} {ergonomic}
   size_t MinHeapDeltaBytes                        = 1048576                                   {product} {ergonomic}
   size_t MinHeapSize                              = 8388608                                   {product} {ergonomic}
    uintx NonNMethodCodeHeapSize                   = 5839372                                {pd product} {ergonomic}
    uintx NonProfiledCodeHeapSize                  = 122909434                              {pd product} {ergonomic}
    uintx ProfiledCodeHeapSize                     = 122909434                              {pd product} {ergonomic}
    uintx ReservedCodeCacheSize                    = 251658240                              {pd product} {ergonomic}
     bool SegmentedCodeCache                       = true                                      {product} {ergonomic}
   size_t SoftMaxHeapSize                          = 2147483648                             {manageable} {ergonomic}
     bool UseCompressedOops                        = true                           {product lp64_product} {ergonomic}
     bool UseG1GC                                  = true                                      {product} {ergonomic}
     bool UseLargePagesIndividualAllocation        = false                                  {pd product} {ergonomic}

Logging:
Log output configuration:
 #0: stdout all=warning uptime,level,tags foldmultilines=false
 #1: stderr all=off uptime,level,tags foldmultilines=false

Environment Variables:
PATH=C:\Program Files (x86)\Common Files\Oracle\Java\javapath;C:\Program Files (x86)\Common Files\Intel\Shared Libraries\redist\ia32\compiler;C:\Program Files (x86)\Common Files\Intel\Shared Libraries\redist\intel64\compiler;C:\Program Files (x86)\Intel\iCLS Client\;C:\Program Files\Intel\iCLS Client\;C:\Windows\system32;C:\Windows;C:\Windows\System32\Wbem;C:\Windows\System32\WindowsPowerShell\v1.0\;C:\Program Files (x86)\Intel\Intel(R) Management Engine Components\DAL;C:\Program Files\Intel\Intel(R) Management Engine Components\DAL;C:\Program Files (x86)\Intel\Intel(R) Management Engine Components\IPT;C:\Program Files\Intel\Intel(R) Management Engine Components\IPT;C:\Program Files (x86)\NVIDIA Corporation\PhysX\Common;C:\WINDOWS\system32;C:\WINDOWS;C:\WINDOWS\System32\Wbem;C:\WINDOWS\System32\WindowsPowerShell\v1.0\;C:\WINDOWS\System32\OpenSSH\;C:\Program Files (x86)\QuickTime\QTSystem\;C:\PROGRA~1\JPKI;C:\Program Files\Tesseract-OCR;C:\tools\poppler-24.02.0\Library\bin;C:\Users\PC7\AppData\Local\Programs\Python\Python312\Scripts\;C:\Users\PC7\AppData\Local\Programs\Python\Python312\;C:\Users\PC7\AppData\Local\Programs\Python\Launcher\;C:\Users\PC7\AppData\Local\Microsoft\WindowsApps;C:\Users\PC7\AppData\Local\Android\Sdk\ndk\26.1.10909125;C:\Program Files\platform-tools;C:\Users\PC7\AppData\Local\Programs\Microsoft VS Code\bin;
USERNAME=PC7
OS=Windows_NT
PROCESSOR_IDENTIFIER=Intel64 Family 6 Model 158 Stepping 10, GenuineIntel
TMP=C:\Users\PC7\AppData\Local\Temp
TEMP=C:\Users\PC7\AppData\Local\Temp




Periodic native trim disabled

JNI global refs:
JNI global refs: 33, weak refs: 107

JNI global refs memory usage: 835, weak refs: 2097

Process memory usage:
Resident Set Size: 901544K (5% of 16709904K total physical memory with 4129164K free physical memory)

OOME stack traces (most recent first):
Classloader memory used:
Loader org.gradle.internal.classloader.VisitableURLClassLoader                         : 100533K
Loader bootstrap                                                                       : 35159K
Loader org.gradle.internal.classloader.VisitableURLClassLoader$InstrumentingVisitableURLClassLoader: 28866K
Loader org.gradle.internal.classloader.VisitableURLClassLoader                         : 17150K
Loader org.gradle.initialization.MixInLegacyTypesClassLoader                           : 13294K
Loader jdk.internal.reflect.DelegatingClassLoader                                      : 1016K
Loader jdk.internal.loader.ClassLoaders$PlatformClassLoader                            : 817K
Loader jdk.internal.jrtfs.JrtFileSystemProvider$JrtFsLoader                            : 672K
Loader jdk.internal.loader.ClassLoaders$AppClassLoader                                 : 227K
Loader org.gradle.groovy.scripts.internal.DefaultScriptCompilationHandler$ScriptClassLoader: 200K
Loader org.codehaus.groovy.runtime.callsite.CallSiteClassLoader                        : 56224B
Loader sun.reflect.misc.MethodUtil                                                     : 4352B

Classes loaded by more than one classloader:
Class Program                                                                         : loaded 8 times (x 70B)
Class com.amazon.ion.impl.bin.IonManagedBinaryWriter$UserState$1                      : loaded 4 times (x 81B)
Class org.jetbrains.plugins.gradle.tooling.serialization.internal.IdeaProjectSerializationService$ReadContext: loaded 4 times (x 68B)
Class org.jetbrains.plugins.gradle.model.ExternalSourceSet                            : loaded 4 times (x 66B)
Class org.jetbrains.plugins.gradle.model.ProjectImportModelProvider                   : loaded 4 times (x 66B)
Class com.amazon.ion.IonNull                                                          : loaded 4 times (x 66B)
Class com.intellij.gradle.toolingExtension.impl.model.warmUp.GradleTaskWarmUpRequest  : loaded 4 times (x 66B)
Class com.google.common.base.CharMatcher$ForPredicate                                 : loaded 4 times (x 108B)
Class com.google.common.collect.RegularImmutableMap$KeySet                            : loaded 4 times (x 148B)
Class com.google.common.collect.Iterators$5                                           : loaded 4 times (x 78B)
Class org.jetbrains.plugins.gradle.tooling.serialization.RepositoriesModelSerializationService$WriteContext: loaded 4 times (x 68B)
Class com.amazon.ion.impl._Private_IonBinaryWriterBuilder                             : loaded 4 times (x 111B)
Class com.amazon.ion.BufferConfiguration$DataHandler                                  : loaded 4 times (x 66B)
Class com.amazon.ion.impl.bin.IonRawBinaryWriter$ContainerInfo                        : loaded 4 times (x 70B)
Class com.amazon.ion.impl.bin.IonManagedBinaryWriter$SymbolState$3                    : loaded 4 times (x 76B)
Class org.jetbrains.plugins.gradle.model.VersionCatalogsModel                         : loaded 4 times (x 66B)
Class com.amazon.ion.impl._Private_LocalSymbolTable                                   : loaded 4 times (x 66B)
Class com.amazon.ion.ReadOnlyValueException                                           : loaded 4 times (x 80B)
Class com.amazon.ion.IonSexp                                                          : loaded 4 times (x 66B)
Class com.amazon.ion.UnexpectedEofException                                           : loaded 4 times (x 80B)
Class com.intellij.gradle.toolingExtension.impl.model.dependencyModel.DependencyReadContext: loaded 4 times (x 68B)
Class com.intellij.gradle.toolingExtension.impl.model.sourceSetDependencyModel.GradleSourceSetDependencySerialisationService$SourceSetDependencyModelReadContext: loaded 4 times (x 68B)
Class com.amazon.ion.impl.bin.IonManagedBinaryWriter$UserState$2                      : loaded 4 times (x 81B)
Class com.amazon.ion.impl._Private_IonValue                                           : loaded 4 times (x 66B)
Class [Lcom.amazon.ion.IonType;                                                       : loaded 4 times (x 65B)
Class com.intellij.gradle.toolingExtension.impl.model.sourceSetModel.GradleSourceSetSerialisationService$Companion: loaded 4 times (x 67B)
Class com.google.common.collect.Iterables                                             : loaded 4 times (x 67B)
Class org.jetbrains.plugins.gradle.tooling.serialization.GradleExtensionsSerializationService$ReadContext: loaded 4 times (x 68B)
Class com.amazon.ion.impl.lite.ContainerlessContext                                   : loaded 4 times (x 76B)
Class com.amazon.ion.impl._Private_RecyclingQueue$Recycler                            : loaded 4 times (x 66B)
Class com.google.common.base.CharMatcher$IsEither                                     : loaded 4 times (x 107B)
Class com.amazon.ion.impl.LocalSymbolTableAsStruct$Factory                            : loaded 4 times (x 75B)
Class com.amazon.ion.impl.bin.IonManagedBinaryWriter$SymbolState$1                    : loaded 4 times (x 76B)
Class com.amazon.ion.impl.bin.IonRawBinaryWriter$StreamFlushMode                      : loaded 4 times (x 75B)
Class com.amazon.ion.IonBinaryWriter                                                  : loaded 4 times (x 66B)
Class com.intellij.gradle.toolingExtension.impl.model.sourceSetArtifactIndex.GradleSourceSetArtifactBuildRequest: loaded 4 times (x 66B)
Class com.google.common.base.CharMatcher$AnyOf                                        : loaded 4 times (x 108B)
Class com.google.common.collect.Iterators$4                                           : loaded 4 times (x 78B)
Class com.google.common.collect.ImmutableBiMap                                        : loaded 4 times (x 139B)
Class com.google.common.collect.ImmutableCollection                                   : loaded 4 times (x 121B)
Class com.amazon.ion.impl.bin.IonManagedBinaryWriter$UserState$3                      : loaded 4 times (x 81B)
Class com.amazon.ion.IonException                                                     : loaded 4 times (x 80B)
Class org.jetbrains.plugins.gradle.tooling.util.IntObjectMap$ObjectFactory            : loaded 4 times (x 66B)
Class com.amazon.ion.impl.bin.IonManagedBinaryWriter$SymbolState$4                    : loaded 4 times (x 76B)
Class org.jetbrains.plugins.gradle.tooling.serialization.internal.IdeaProjectSerializationService$WriteContext$1: loaded 4 times (x 79B)
Class org.jetbrains.plugins.gradle.model.ExternalProject                              : loaded 4 times (x 66B)
Class com.google.common.collect.RegularImmutableSet                                   : loaded 4 times (x 145B)
Class com.google.common.collect.Iterators$MergingIterator                             : loaded 4 times (x 77B)
Class com.google.common.collect.Lists                                                 : loaded 4 times (x 67B)
Class com.google.common.collect.ImmutableSet$CachingAsList                            : loaded 4 times (x 144B)
Class com.intellij.gradle.toolingExtension.impl.model.sourceSetModel.GradleSourceSetSerialisationService$SourceSetModelWriteContext: loaded 4 times (x 68B)
Class com.google.common.collect.ImmutableList$1                                       : loaded 4 times (x 93B)
Class com.intellij.util.containers.IntObjectHashMap                                   : loaded 4 times (x 68B)
Class org.jetbrains.plugins.gradle.model.ExternalDependency                           : loaded 4 times (x 66B)
Class com.amazon.ion.impl.bin.utf8.Pool                                               : loaded 4 times (x 70B)
Class com.amazon.ion.impl._Private_SymtabExtendsCache                                 : loaded 4 times (x 68B)
Class org.jetbrains.plugins.gradle.tooling.serialization.internal.IdeaProjectSerializationService$WriteContext$2: loaded 4 times (x 79B)
Class com.google.common.collect.Iterators$9                                           : loaded 4 times (x 77B)
Class com.intellij.gradle.toolingExtension.impl.model.utilTurnOffDefaultTasksModel.TurnOffDefaultTasks: loaded 4 times (x 66B)
Class com.intellij.gradle.toolingExtension.impl.model.sourceSetModel.GradleSourceSetSerialisationService$SourceSetModelReadContext: loaded 4 times (x 68B)
Class org.jetbrains.plugins.gradle.model.UnresolvedExternalDependency                 : loaded 4 times (x 66B)
Class com.amazon.ion.IonCatalog                                                       : loaded 4 times (x 66B)
Class com.amazon.ion.impl.bin.IonManagedBinaryWriter$UserState$4                      : loaded 4 times (x 81B)
Class com.amazon.ion.system.IonBinaryWriterBuilder                                    : loaded 4 times (x 95B)
Class org.jetbrains.plugins.gradle.model.GradleExtensions                             : loaded 4 times (x 66B)
Class org.jetbrains.plugins.gradle.model.AnnotationProcessingModel                    : loaded 4 times (x 66B)
Class com.amazon.ion.system.IonSystemBuilder                                          : loaded 4 times (x 71B)
Class com.amazon.ion.impl._Private_IonWriterBase                                      : loaded 4 times (x 158B)
Class [Lcom.amazon.ion.impl.bin.IonManagedBinaryWriter$SymbolState;                   : loaded 4 times (x 65B)
Class com.google.common.collect.RegularImmutableMap                                   : loaded 4 times (x 117B)
Class com.google.common.collect.ImmutableMap$MapViewOfValuesAsSingletonSets           : loaded 4 times (x 122B)
Class com.google.common.collect.ImmutableAsList                                       : loaded 4 times (x 205B)
Class com.amazon.ion.impl._Private_IonSymbol                                          : loaded 4 times (x 66B)
Class com.amazon.ion.impl.lite.IonValueLite                                           : loaded 4 times (x 143B)
Class com.amazon.ion.IonContainer                                                     : loaded 4 times (x 66B)
Class org.jetbrains.plugins.gradle.model.IntelliJProjectSettings                      : loaded 4 times (x 66B)
Class com.amazon.ion.impl.bin.PooledBlockAllocatorProvider                            : loaded 4 times (x 69B)
Class org.jetbrains.plugins.gradle.tooling.serialization.AnnotationProcessingModelSerializationService$ReadContext: loaded 4 times (x 68B)
Class org.jetbrains.plugins.gradle.tooling.serialization.internal.IdeaProjectSerializationService$WriteContext$3: loaded 4 times (x 79B)
Class com.intellij.util.ThrowableConsumer                                             : loaded 4 times (x 66B)
Class com.google.common.collect.ImmutableList$SubList                                 : loaded 4 times (x 205B)
Class com.google.common.collect.ForwardingObject                                      : loaded 4 times (x 68B)
Class org.jetbrains.kotlin.idea.gradleTooling.AndroidAwareGradleModelProvider         : loaded 4 times (x 75B)
Class org.jetbrains.plugins.gradle.javaModel.JavaGradleManifestModel                  : loaded 4 times (x 66B)
Class com.intellij.gradle.toolingExtension.impl.model.taskModel.GradleTaskSerialisationService$Companion: loaded 4 times (x 67B)
Class com.google.common.collect.SingletonImmutableSet                                 : loaded 4 times (x 142B)
Class com.google.common.collect.ImmutableMap$IteratorBasedImmutableMap                : loaded 4 times (x 122B)
Class org.jetbrains.plugins.gradle.tooling.serialization.GradleExtensionsSerializationService$WriteContext: loaded 4 times (x 68B)
Class com.google.common.collect.UnmodifiableListIterator                              : loaded 4 times (x 91B)
Class com.amazon.ion.SymbolTable                                                      : loaded 4 times (x 66B)
Class org.jetbrains.plugins.gradle.tooling.serialization.internal.IdeaProjectSerializationService$WriteContext$4: loaded 4 times (x 79B)
Class com.intellij.gradle.toolingExtension.impl.model.sourceSetDependencyModel.GradleSourceSetDependencySerialisationService$Companion: loaded 4 times (x 67B)
Class com.amazon.ion.impl.bin.IonManagedBinaryWriter$ImportDescriptor                 : loaded 4 times (x 72B)
Class com.amazon.ion.UnknownSymbolException                                           : loaded 4 times (x 82B)
Class com.google.common.collect.Iterators$1                                           : loaded 4 times (x 77B)
Class com.amazon.ion.BufferConfiguration$Builder                                      : loaded 4 times (x 74B)
Class com.google.common.collect.ImmutableSet$SetBuilderImpl                           : loaded 4 times (x 72B)
Class org.jetbrains.plugins.gradle.tooling.serialization.internal.IdeaProjectSerializationService$WriteContext$5: loaded 4 times (x 79B)
Class org.jetbrains.kotlin.idea.gradleTooling.AndroidAwareGradleModelProvider$Companion: loaded 4 times (x 67B)
Class [Lcom.amazon.ion.impl.bin.IonRawBinaryWriter$StreamCloseMode;                   : loaded 4 times (x 65B)
Class com.amazon.ion.impl.lite.IonSymbolLite                                          : loaded 4 times (x 242B)
Class com.amazon.ion.SubstituteSymbolTableException                                   : loaded 4 times (x 80B)
Class com.amazon.ion.impl.bin.IonManagedBinaryWriter$ImportedSymbolResolverMode$1     : loaded 4 times (x 76B)
Class com.intellij.util.containers.IntObjectHashMap$ArrayProducer                     : loaded 4 times (x 66B)
Class com.amazon.ion.impl.SymbolTokenImpl                                             : loaded 4 times (x 77B)
Class com.amazon.ion.IonText                                                          : loaded 4 times (x 66B)
Class com.amazon.ion.impl.bin.utf8.Pool$Allocator                                     : loaded 4 times (x 66B)
Class com.amazon.ion.impl.bin.utf8.Utf8StringEncoder$Result                           : loaded 4 times (x 70B)
Class com.intellij.gradle.toolingExtension.impl.model.sourceSetDependencyModel.GradleSourceSetDependencySerialisationService$SourceSetDependencyModelWriteContext: loaded 4 times (x 68B)
Class com.amazon.ion.impl.bin.IonRawBinaryWriter$ThrowingRunnable                     : loaded 4 times (x 66B)
Class com.amazon.ion.impl.bin.IonManagedBinaryWriter$LocalSymbolTableView             : loaded 4 times (x 103B)
Class com.amazon.ion.impl._Private_RecyclingStack$Recycler                            : loaded 4 times (x 66B)
Class com.google.common.collect.ImmutableList                                         : loaded 4 times (x 202B)
Class com.amazon.ion.impl.bin.IntList                                                 : loaded 4 times (x 73B)
Class [Lcom.amazon.ion.impl.bin.IonRawBinaryWriter$ContainerType;                     : loaded 4 times (x 65B)
Class com.amazon.ion.impl._Private_RecyclingQueue$ElementIterator                     : loaded 4 times (x 78B)
Class com.amazon.ion.impl.bin.IonManagedBinaryWriter$ImportedSymbolResolverMode$2     : loaded 4 times (x 76B)
Class com.amazon.ion.impl.lite._Private_LiteDomTrampoline                             : loaded 4 times (x 67B)
Class com.amazon.ion.IonType                                                          : loaded 4 times (x 75B)
Class com.amazon.ion.IonBufferConfiguration$Builder                                   : loaded 4 times (x 74B)
Class org.jetbrains.plugins.gradle.tooling.util.IntObjectMap                          : loaded 4 times (x 69B)
Class com.amazon.ion.impl.lite.IonDecimalLite                                         : loaded 4 times (x 184B)
Class com.google.common.base.CharMatcher$IsNot                                        : loaded 4 times (x 107B)
Class org.jetbrains.plugins.gradle.model.GradleExtension                              : loaded 4 times (x 66B)
Class org.jetbrains.kotlin.idea.gradleTooling.KotlinGradleModel                       : loaded 4 times (x 66B)
Class org.jetbrains.plugins.gradle.tooling.serialization.ExternalTestsSerializationService$WriteContext: loaded 4 times (x 68B)
Class com.amazon.ion.impl.bin.IonManagedBinaryWriter$SymbolResolverBuilder            : loaded 4 times (x 66B)
Class com.amazon.ion.system.IonSystemBuilder$Mutable                                  : loaded 4 times (x 71B)
Class com.amazon.ion.impl.lite.ValueFactoryLite                                       : loaded 4 times (x 214B)
Class org.jetbrains.plugins.gradle.tooling.serialization.internal.IdeaProjectSerializationService$WriteContext$7: loaded 4 times (x 79B)
Class com.amazon.ion.impl.bin.IonRawBinaryWriter$PreallocationMode$3                  : loaded 4 times (x 78B)
Class org.jetbrains.plugins.gradle.tooling.serialization.internal.IdeaProjectSerializationService: loaded 4 times (x 73B)
Class [Lcom.google.common.collect.ImmutableMapEntry;                                  : loaded 4 times (x 65B)
Class com.google.common.collect.ImmutableList$ReverseImmutableList                    : loaded 4 times (x 205B)
Class com.google.common.base.CharMatcher$InRange                                      : loaded 4 times (x 107B)
Class com.google.common.collect.ImmutableSet$Builder                                  : loaded 4 times (x 81B)
Class org.jetbrains.plugins.gradle.model.RepositoryModels                             : loaded 4 times (x 66B)
Class com.amazon.ion.impl.bin.WriteBuffer                                             : loaded 4 times (x 74B)
Class org.jetbrains.plugins.gradle.tooling.serialization.KotlinDslScriptsModelSerializationService: loaded 4 times (x 77B)
Class org.jetbrains.kotlin.idea.gradleTooling.PrepareKotlinIdeImportTaskModel         : loaded 4 times (x 66B)
Class com.amazon.ion.impl.bin.IonRawBinaryWriter$PreallocationMode$2                  : loaded 4 times (x 78B)
Class com.amazon.ion.IonInt                                                           : loaded 4 times (x 66B)
Class com.amazon.ion.impl.bin.IonManagedBinaryWriter                                  : loaded 4 times (x 162B)
Class com.amazon.ion.impl.lite.IonSystemLite                                          : loaded 4 times (x 271B)
Class com.amazon.ion.impl.bin.IonRawBinaryWriter$PreallocationMode                    : loaded 4 times (x 78B)
Class com.amazon.ion.impl.bin._Private_IonRawWriter                                   : loaded 4 times (x 66B)
Class com.amazon.ion.IonWriter                                                        : loaded 4 times (x 66B)
Class org.jetbrains.plugins.gradle.tooling.serialization.internal.IdeaProjectSerializationService$WriteContext$8: loaded 4 times (x 79B)
Class com.google.common.collect.ImmutableMapEntrySet$RegularEntrySet                  : loaded 4 times (x 148B)
Class com.intellij.gradle.toolingExtension.impl.model.dependencyDownloadPolicyModel.GradleDependencyDownloadPolicy: loaded 4 times (x 66B)
Class org.jetbrains.kotlin.idea.gradleTooling.KotlinMPPGradleModel                    : loaded 4 times (x 66B)
Class [Lcom.amazon.ion.impl.bin._Private_IonManagedBinaryWriterBuilder$AllocatorMode; : loaded 4 times (x 65B)
Class com.amazon.ion.impl.bin.IonRawBinaryWriter$PreallocationMode$1                  : loaded 4 times (x 78B)
Class com.amazon.ion.impl._Private_ValueFactory                                       : loaded 4 times (x 66B)
Class org.jetbrains.plugins.gradle.model.ExternalProjectDependency                    : loaded 4 times (x 66B)
Class com.google.common.collect.ImmutableMapEntry                                     : loaded 4 times (x 81B)
Class org.gradle.api.UncheckedIOException                                             : loaded 4 times (x 78B)
Class com.amazon.ion.impl.lite.IonClobLite                                            : loaded 4 times (x 216B)
Class com.amazon.ion.impl.lite.IonBlobLite                                            : loaded 4 times (x 215B)
Class com.google.common.collect.SingletonImmutableList                                : loaded 4 times (x 203B)
Class com.amazon.ion.impl.LocalSymbolTable                                            : loaded 4 times (x 117B)
Class org.jetbrains.plugins.gradle.tooling.serialization.SerializationService         : loaded 4 times (x 66B)
Class org.jetbrains.plugins.gradle.model.DependencyAccessorsModel                     : loaded 4 times (x 66B)
Class com.amazon.ion.impl._Private_RecyclingQueue$ElementFactory                      : loaded 4 times (x 66B)
Class com.amazon.ion.impl._Private_IonContainer                                       : loaded 4 times (x 66B)
Class com.intellij.gradle.toolingExtension.impl.model.buildScriptClasspathModel.GradleBuildScriptClasspathSerializationService$ReadContext: loaded 4 times (x 68B)
Class org.gradle.internal.impldep.gnu.trove.TObjectIntHashMap                         : loaded 4 times (x 105B)
Class org.gradle.internal.impldep.gnu.trove.TObjectHash                               : loaded 4 times (x 90B)
Class [Lcom.intellij.openapi.externalSystem.model.project.dependencies.ResolutionState;: loaded 4 times (x 65B)
Class com.google.common.collect.ImmutableMultimap                                     : loaded 4 times (x 143B)
Class com.amazon.ion.impl.lite.IonNullLite                                            : loaded 4 times (x 171B)
Class com.google.common.collect.ImmutableMapEntry$NonTerminalImmutableMapEntry        : loaded 4 times (x 81B)
Class [Lcom.amazon.ion.SymbolToken;                                                   : loaded 4 times (x 65B)
Class com.google.common.base.Joiner$2                                                 : loaded 4 times (x 76B)
Class com.google.common.base.CharMatcher$NamedFastMatcher                             : loaded 4 times (x 108B)
Class org.jetbrains.plugins.gradle.tooling.serialization.internal.IdeaProjectSerializationService$WriteContext$6: loaded 4 times (x 79B)
Class com.google.common.base.CharMatcher$1                                            : loaded 4 times (x 109B)
Class org.jetbrains.plugins.gradle.tooling.serialization.AnnotationProcessingModelSerializationService: loaded 4 times (x 73B)
Class com.amazon.ion.impl._Private_LocalSymbolTableFactory                            : loaded 4 times (x 66B)
Class com.amazon.ion.impl.bin.IonManagedBinaryWriter$ImportedSymbolResolverMode$1$1$1 : loaded 4 times (x 72B)
Class com.amazon.ion.system.IonTextWriterBuilder                                      : loaded 4 times (x 94B)
Class com.google.common.base.Function                                                 : loaded 4 times (x 66B)
Class com.amazon.ion.IonList                                                          : loaded 4 times (x 66B)
Class org.jetbrains.plugins.gradle.tooling.serialization.internal.adapter.Supplier    : loaded 4 times (x 66B)
Class com.amazon.ion.impl._Private_RecyclingStack$$Iterator                           : loaded 4 times (x 95B)
Class com.amazon.ion.impl.SharedSymbolTable                                           : loaded 4 times (x 89B)
Class com.amazon.ion.impl.bin.IonRawBinaryWriter                                      : loaded 4 times (x 165B)
Class com.intellij.gradle.toolingExtension.impl.model.projectModel.GradleExternalProjectSerializationService$WriteContext: loaded 4 times (x 69B)
Class com.amazon.ion.SymbolToken                                                      : loaded 4 times (x 66B)
Class com.google.common.collect.PeekingIterator                                       : loaded 4 times (x 66B)
Class com.google.common.base.Joiner$1                                                 : loaded 4 times (x 77B)
Class com.amazon.ion.impl.bin._Private_IonManagedBinaryWriterBuilder                  : loaded 4 times (x 68B)
Class com.google.common.base.CharMatcher                                              : loaded 4 times (x 107B)
Class org.jetbrains.plugins.gradle.tooling.serialization.ExternalTestsSerializationService: loaded 4 times (x 73B)
Class com.amazon.ion.IonSequence                                                      : loaded 4 times (x 66B)
Class com.amazon.ion.impl._Private_IonWriter                                          : loaded 4 times (x 66B)
Class com.amazon.ion.IonLob                                                           : loaded 4 times (x 66B)
Class org.jetbrains.plugins.gradle.tooling.serialization.internal.adapter.InternalBuildIdentifier: loaded 4 times (x 71B)
Class com.amazon.ion.IonBlob                                                          : loaded 4 times (x 66B)
Class com.amazon.ion.impl.bin.IonRawBinaryWriter$PatchPoint                           : loaded 4 times (x 69B)
Class com.amazon.ion.impl.bin.IonManagedBinaryWriter$UserState                        : loaded 4 times (x 81B)
Class com.google.common.collect.RegularImmutableList                                  : loaded 4 times (x 209B)
Class com.amazon.ion.IonSystem                                                        : loaded 4 times (x 66B)
Class com.amazon.ion.impl.bin.IonManagedBinaryWriter$ImportedSymbolContext            : loaded 4 times (x 68B)
Class com.intellij.gradle.toolingExtension.impl.model.sourceSetModel.GradleSourceSetSerialisationService: loaded 4 times (x 73B)
Class com.google.common.collect.Multimap                                              : loaded 4 times (x 66B)
Class org.jetbrains.plugins.gradle.tooling.serialization.RepositoriesModelSerializationService$ReadContext: loaded 4 times (x 68B)
Class com.google.common.base.Preconditions                                            : loaded 4 times (x 67B)
Class [Lcom.amazon.ion.impl.bin.AbstractIonWriter$WriteValueOptimization;             : loaded 4 times (x 65B)
Class com.amazon.ion.impl.lite.IonBoolLite                                            : loaded 4 times (x 174B)
Class org.gradle.internal.impldep.gnu.trove.TObjectHash$NULL                          : loaded 4 times (x 67B)
Class com.amazon.ion.impl.lite.IonIntLite                                             : loaded 4 times (x 185B)
Class com.amazon.ion.util._Private_FastAppendable                                     : loaded 4 times (x 66B)
Class com.intellij.gradle.toolingExtension.impl.model.projectModel.GradleExternalProjectSerializationService: loaded 4 times (x 73B)
Class com.amazon.ion.impl._Private_IonBinaryWriterBuilder$Mutable                     : loaded 4 times (x 111B)
Class com.amazon.ion.impl.bin.IonRawBinaryWriter$StreamCloseMode                      : loaded 4 times (x 75B)
Class [Lcom.amazon.ion.impl.bin.IonRawBinaryWriter$PreallocationMode;                 : loaded 4 times (x 65B)
Class org.jetbrains.plugins.gradle.tooling.serialization.RepositoriesModelSerializationService: loaded 4 times (x 78B)
Class com.amazon.ion.impl.bin.Symbols                                                 : loaded 4 times (x 67B)
Class com.amazon.ion.IonBufferConfiguration                                           : loaded 4 times (x 69B)
Class com.amazon.ion.impl.lite.IonSexpLite                                            : loaded 4 times (x 486B)
Class com.amazon.ion.impl.lite.IonListLite                                            : loaded 4 times (x 486B)
Class com.google.common.base.CharMatcher$Is                                           : loaded 4 times (x 107B)
Class com.google.common.base.CharMatcher$Negated                                      : loaded 4 times (x 109B)
Class org.jetbrains.plugins.gradle.model.tests.ExternalTestsModel                     : loaded 4 times (x 66B)
Class com.amazon.ion.IonDecimal                                                       : loaded 4 times (x 66B)
Class com.amazon.ion.IonFloat                                                         : loaded 4 times (x 66B)
Class org.gradle.internal.impldep.gnu.trove.PrimeFinder                               : loaded 4 times (x 67B)
Class com.google.common.collect.ImmutableMap$Builder                                  : loaded 4 times (x 78B)
Class org.jetbrains.kotlin.idea.gradleTooling.model.kapt.KaptGradleModel              : loaded 4 times (x 66B)
Class org.jetbrains.kotlin.idea.gradleTooling.KotlinDslScriptAdditionalTask           : loaded 4 times (x 66B)
Class org.jetbrains.plugins.gradle.model.ClasspathEntryModel                          : loaded 4 times (x 66B)
Class [Lcom.google.common.collect.ImmutableEntry;                                     : loaded 4 times (x 65B)
Class com.amazon.ion.BufferConfiguration$OversizedValueHandler                        : loaded 4 times (x 66B)
Class com.amazon.ion.impl._Private_IonSystem                                          : loaded 4 times (x 66B)
Class com.amazon.ion.impl.bin.utf8.Utf8StringEncoderPool                              : loaded 4 times (x 70B)
Class org.jetbrains.plugins.gradle.model.GradleConfiguration                          : loaded 4 times (x 66B)
Class com.amazon.ion.impl.LocalSymbolTable$Factory                                    : loaded 4 times (x 73B)
Class com.amazon.ion.impl.bin.IonManagedBinaryWriter$ImportedSymbolResolverMode       : loaded 4 times (x 76B)
Class com.intellij.gradle.toolingExtension.impl.model.buildScriptClasspathModel.GradleBuildScriptClasspathSerializationService: loaded 4 times (x 73B)
Class com.amazon.ion.impl.LocalSymbolTableAsStruct                                    : loaded 4 times (x 122B)
Class com.amazon.ion.impl.lite.IonTimestampLite                                       : loaded 4 times (x 188B)
Class com.amazon.ion.IonTimestamp                                                     : loaded 4 times (x 66B)
Class com.amazon.ion.impl.bin.PooledBlockAllocatorProvider$PooledBlockAllocator       : loaded 4 times (x 77B)
Class com.google.common.collect.RegularImmutableMap$BucketOverflowException           : loaded 4 times (x 78B)
Class org.jetbrains.plugins.gradle.tooling.serialization.GradleExtensionsSerializationService: loaded 4 times (x 73B)
Class com.intellij.gradle.toolingExtension.impl.model.dependencyModel.DependencyWriteContext: loaded 4 times (x 68B)
Class org.jetbrains.plugins.gradle.model.FileCollectionDependency                     : loaded 4 times (x 66B)
Class com.intellij.gradle.toolingExtension.impl.model.projectModel.GradleExternalProjectSerializationService$ReadContext: loaded 4 times (x 69B)
Class org.gradle.internal.impldep.gnu.trove.TObjectHashingStrategy                    : loaded 4 times (x 66B)
Class com.intellij.gradle.toolingExtension.impl.model.utilDummyModel.DummyModel       : loaded 4 times (x 66B)
Class com.intellij.openapi.externalSystem.model.project.dependencies.ProjectDependencies: loaded 4 times (x 66B)
Class org.gradle.internal.impldep.gnu.trove.TObjectIdentityHashingStrategy            : loaded 4 times (x 74B)
Class org.jetbrains.plugins.gradle.tooling.serialization.ProjectDependenciesSerializationService$ReadContext: loaded 4 times (x 68B)
Class com.amazon.ion.IonString                                                        : loaded 4 times (x 66B)
Class org.jetbrains.plugins.gradle.model.GradleSourceSetDependencyModel               : loaded 4 times (x 66B)
Class com.intellij.openapi.externalSystem.model.project.IExternalSystemSourceType     : loaded 4 times (x 66B)
Class com.amazon.ion.impl._Private_IonReaderBuilder$Mutable                           : loaded 4 times (x 91B)
Class com.google.common.collect.ImmutableMapEntrySet                                  : loaded 4 times (x 148B)
Class org.jetbrains.plugins.gradle.model.GradleTaskModel                              : loaded 4 times (x 66B)
Class com.amazon.ion.IonDatagram                                                      : loaded 4 times (x 66B)
Class com.amazon.ion.impl._Private_RecyclingStack$ElementFactory                      : loaded 4 times (x 66B)
Class com.amazon.ion.impl.bin.IonManagedBinaryWriter$ImportedSymbolResolverMode$1$1   : loaded 4 times (x 74B)
Class com.amazon.ion.impl._Private_ByteTransferSink                                   : loaded 4 times (x 66B)
Class org.jetbrains.plugins.gradle.tooling.util.ObjectCollector                       : loaded 4 times (x 68B)
Class com.intellij.openapi.externalSystem.model.project.dependencies.ResolutionState  : loaded 4 times (x 75B)
Class com.amazon.ion.impl._Private_Utils                                              : loaded 4 times (x 67B)
Class com.amazon.ion.impl.bin._Private_IonManagedBinaryWriterBuilder$AllocatorMode    : loaded 4 times (x 76B)
Class com.amazon.ion.impl._Private_SymbolToken                                        : loaded 4 times (x 66B)
Class com.google.common.collect.ImmutableSet$RegularSetBuilderImpl                    : loaded 4 times (x 73B)
Class org.jetbrains.plugins.gradle.model.GradleProperty                               : loaded 4 times (x 66B)
Class com.amazon.ion.impl.bin.IonManagedBinaryWriter$SymbolResolver                   : loaded 4 times (x 66B)
Class com.amazon.ion.impl._Private_IonReaderBuilder$TwoElementSequenceInputStream     : loaded 4 times (x 88B)
Class com.amazon.ion.IonLoader                                                        : loaded 4 times (x 66B)
Class com.amazon.ion.BufferConfiguration                                              : loaded 4 times (x 69B)
Class com.amazon.ion.system.SimpleCatalog                                             : loaded 4 times (x 87B)
Class com.intellij.gradle.toolingExtension.impl.model.taskModel.GradleTaskSerialisationService: loaded 4 times (x 72B)
Class com.google.common.collect.AbstractIndexedListIterator                           : loaded 4 times (x 92B)
Class org.gradle.internal.IoActions                                                   : loaded 4 times (x 67B)
Class com.google.common.collect.ObjectArrays                                          : loaded 4 times (x 67B)
Class com.amazon.ion.ValueFactory                                                     : loaded 4 times (x 66B)
Class [Lcom.amazon.ion.impl.bin.IonManagedBinaryWriter$ImportedSymbolResolverMode;    : loaded 4 times (x 65B)
Class com.amazon.ion.IonBool                                                          : loaded 4 times (x 66B)
Class org.jetbrains.plugins.gradle.model.ExternalLibraryDependency                    : loaded 4 times (x 66B)
Class com.amazon.ion.impl.bin.utf8.Utf8StringEncoder                                  : loaded 4 times (x 76B)
Class [Lcom.amazon.ion.impl.bin.IonManagedBinaryWriter$UserState;                     : loaded 4 times (x 65B)
Class com.amazon.ion.impl.IonWriterSystemText                                         : loaded 4 times (x 186B)
Class com.amazon.ion.impl.lite.IonContext                                             : loaded 4 times (x 66B)
Class com.amazon.ion.impl.lite.IonLoaderLite                                          : loaded 4 times (x 78B)
Class com.amazon.ion.impl.bin.utf8.Utf8StringEncoderPool$1                            : loaded 4 times (x 72B)
Class org.gradle.internal.impldep.gnu.trove.TObjectIntProcedure                       : loaded 4 times (x 66B)
Class com.amazon.ion.IonNumber                                                        : loaded 4 times (x 66B)
Class com.amazon.ion.impl.lite.IonTextLite                                            : loaded 4 times (x 177B)
Class com.amazon.ion.impl.lite.IonLobLite                                             : loaded 4 times (x 180B)
Class org.jetbrains.plugins.gradle.model.ExternalTask                                 : loaded 4 times (x 66B)
Class org.jetbrains.plugins.gradle.tooling.util.IntObjectMap$1                        : loaded 4 times (x 73B)
Class com.amazon.ion.IonValue                                                         : loaded 4 times (x 66B)
Class org.gradle.internal.impldep.com.google.common.base.Preconditions                : loaded 4 times (x 67B)
Class com.google.common.collect.AbstractIterator                                      : loaded 4 times (x 78B)
Class [Lcom.amazon.ion.impl.bin.IonRawBinaryWriter$StreamFlushMode;                   : loaded 4 times (x 65B)
Class org.jetbrains.plugins.gradle.tooling.ModelBuilderService$Parameter              : loaded 4 times (x 66B)
Class com.amazon.ion.IonClob                                                          : loaded 4 times (x 66B)
Class com.amazon.ion.UnsupportedIonVersionException                                   : loaded 4 times (x 81B)
Class com.google.common.collect.ImmutableCollection$Builder                           : loaded 4 times (x 72B)
Class com.google.common.collect.Iterators$ArrayItr                                    : loaded 4 times (x 93B)
Class com.amazon.ion.impl.bin.Block                                                   : loaded 4 times (x 75B)
Class com.google.common.collect.BiMap                                                 : loaded 4 times (x 66B)
Class com.google.common.collect.ImmutableMap$1                                        : loaded 4 times (x 77B)
Class com.google.common.collect.IndexedImmutableSet                                   : loaded 4 times (x 148B)
Class com.amazon.ion.impl.bin.IonManagedBinaryWriter$SymbolState                      : loaded 4 times (x 76B)
Class com.amazon.ion.IonStruct                                                        : loaded 4 times (x 66B)
Class org.jetbrains.plugins.gradle.model.GradleBuildScriptClasspathModel              : loaded 4 times (x 66B)
Class com.amazon.ion.impl.lite.IonStringLite                                          : loaded 4 times (x 208B)
Class com.amazon.ion.impl.bin.PooledBlockAllocatorProvider$PooledBlockAllocator$1     : loaded 4 times (x 75B)
Class com.google.common.base.CharMatcher$BitSetMatcher                                : loaded 4 times (x 108B)
Class com.google.common.collect.RegularImmutableMap$Values                            : loaded 4 times (x 203B)
Class com.amazon.ion.IonReader                                                        : loaded 4 times (x 66B)
Class com.amazon.ion.impl.bin.IonRawBinaryWriter$ContainerType                        : loaded 4 times (x 75B)
Class com.amazon.ion.impl._Private_IonTextWriterBuilder$Mutable                       : loaded 4 times (x 98B)
Class org.jetbrains.plugins.gradle.model.AnnotationProcessingConfig                   : loaded 4 times (x 66B)
Class com.amazon.ion.system.IonReaderBuilder                                          : loaded 4 times (x 89B)
Class com.google.common.collect.BaseImmutableMultimap                                 : loaded 4 times (x 119B)
Class com.google.common.base.CharMatcher$And                                          : loaded 4 times (x 108B)
Class org.gradle.internal.impldep.gnu.trove.TObjectCanonicalHashingStrategy           : loaded 4 times (x 76B)
Class com.google.common.collect.ImmutableSet                                          : loaded 4 times (x 141B)
Class com.amazon.ion.impl.IonWriterSystemTextMarkup                                   : loaded 4 times (x 188B)
Class com.google.common.base.Joiner                                                   : loaded 4 times (x 76B)
Class com.amazon.ion.impl.bin.BlockAllocator                                          : loaded 4 times (x 76B)
Class com.amazon.ion.impl._Private_RecyclingQueue                                     : loaded 4 times (x 76B)
Class org.gradle.api.GradleException                                                  : loaded 4 times (x 78B)
Class com.amazon.ion.system.IonWriterBuilderBase                                      : loaded 4 times (x 79B)
Class com.google.common.base.CharMatcher$Or                                           : loaded 4 times (x 108B)
Class org.jetbrains.kotlin.idea.gradleTooling.KotlinSourceSetContainer                : loaded 4 times (x 66B)
Class org.jetbrains.plugins.gradle.model.IntelliJSettings                             : loaded 4 times (x 66B)
Class com.intellij.gradle.toolingExtension.impl.model.buildScriptClasspathModel.GradleBuildScriptClasspathSerializationService$WriteContext: loaded 4 times (x 68B)
Class com.google.common.collect.Platform                                              : loaded 4 times (x 67B)
Class com.google.common.collect.ImmutableEntry                                        : loaded 4 times (x 78B)
Class com.amazon.ion.IonMutableCatalog                                                : loaded 4 times (x 66B)
Class [Lcom.google.common.collect.AbstractMapEntry;                                   : loaded 4 times (x 65B)
Class org.jetbrains.plugins.gradle.tooling.util.ObjectCollector$Processor             : loaded 4 times (x 66B)
Class com.amazon.ion.impl.bin.AbstractIonWriter                                       : loaded 4 times (x 157B)
Class com.amazon.ion.impl._Private_IonReaderBuilder                                   : loaded 4 times (x 91B)
Class com.amazon.ion.impl._Private_RecyclingStack                                     : loaded 4 times (x 75B)
Class com.google.common.collect.UnmodifiableIterator                                  : loaded 4 times (x 76B)
Class org.jetbrains.plugins.gradle.ExternalDependencyId                               : loaded 4 times (x 66B)
Class com.google.common.collect.Lists$StringAsImmutableList                           : loaded 4 times (x 203B)
Class org.gradle.internal.impldep.gnu.trove.Equality                                  : loaded 4 times (x 66B)
Class com.amazon.ion.impl.bin._Private_IonManagedBinaryWriterBuilder$AllocatorMode$2  : loaded 4 times (x 76B)
Class com.google.common.base.CharMatcher$NegatedFastMatcher                           : loaded 4 times (x 109B)
Class com.amazon.ion.impl.SymbolTableAsStruct                                         : loaded 4 times (x 66B)
Class com.amazon.ion.impl._Private_Utils$1                                            : loaded 4 times (x 85B)
Class com.amazon.ion.impl.lite.IonSequenceLite                                        : loaded 4 times (x 428B)
Class com.amazon.ion.impl._Private_IonTextWriterBuilder                               : loaded 4 times (x 98B)
Class com.google.common.base.Predicate                                                : loaded 4 times (x 66B)
Class com.amazon.ion.impl.lite.IonFloatLite                                           : loaded 4 times (x 182B)
Class com.google.common.collect.ImmutableMap                                          : loaded 4 times (x 116B)
Class com.google.common.collect.Iterators                                             : loaded 4 times (x 67B)
Class com.amazon.ion.impl.IonWriterSystem                                             : loaded 4 times (x 167B)
Class com.amazon.ion.impl.bin.Symbols$2                                               : loaded 4 times (x 103B)
Class com.amazon.ion.impl.bin._Private_IonManagedWriter                               : loaded 4 times (x 66B)
Class com.intellij.gradle.toolingExtension.util.GradleVersionUtil                     : loaded 4 times (x 67B)
Class com.intellij.compose.ide.plugin.gradleTooling.rt.ComposeResourcesModel          : loaded 4 times (x 66B)
Class org.jetbrains.plugins.gradle.model.GradleSourceSetModel                         : loaded 4 times (x 66B)
Class com.google.common.collect.AbstractMapEntry                                      : loaded 4 times (x 77B)
Class org.jetbrains.plugins.gradle.tooling.serialization.ProjectDependenciesSerializationService: loaded 4 times (x 73B)
Class com.intellij.gradle.toolingExtension.impl.model.sourceSetDependencyModel.GradleSourceSetDependencySerialisationService: loaded 4 times (x 73B)
Class org.jetbrains.plugins.gradle.tooling.serialization.ProjectDependenciesSerializationService$WriteContext: loaded 4 times (x 68B)
Class com.amazon.ion.impl.bin._Private_IonManagedBinaryWriterBuilder$AllocatorMode$1  : loaded 4 times (x 76B)
Class com.amazon.ion.Decimal                                                          : loaded 4 times (x 129B)
Class com.amazon.ion.impl.bin.AbstractSymbolTable                                     : loaded 4 times (x 103B)
Class org.jetbrains.plugins.gradle.tooling.serialization.internal.IdeaProjectSerializationService$WriteContext: loaded 4 times (x 68B)
Class com.amazon.ion.impl.bin.BlockAllocatorProvider                                  : loaded 4 times (x 68B)
Class com.amazon.ion.impl._Private_ReaderWriter                                       : loaded 4 times (x 66B)
Class com.amazon.ion.impl.lite.IonStructLite                                          : loaded 4 times (x 294B)
Class com.amazon.ion.impl.bin.IonRawBinaryWriter$1                                    : loaded 4 times (x 73B)
Class com.amazon.ion.impl.lite.IonContainerLite                                       : loaded 4 times (x 244B)
Class com.amazon.ion.IonBufferConfiguration$OversizedSymbolTableHandler               : loaded 4 times (x 66B)
Class com.amazon.ion.system.IonWriterBuilder                                          : loaded 4 times (x 70B)
Class org.jetbrains.plugins.gradle.tooling.serialization.ToolingStreamApiUtils        : loaded 4 times (x 67B)
Class com.google.common.base.CharMatcher$FastMatcher                                  : loaded 4 times (x 107B)
Class com.amazon.ion.facet.Faceted                                                    : loaded 4 times (x 66B)
Class com.google.common.collect.AbstractMultimap                                      : loaded 4 times (x 119B)
Class com.amazon.ion.impl.bin.AbstractIonWriter$WriteValueOptimization                : loaded 4 times (x 75B)
Class [Lcom.amazon.ion.SymbolTable;                                                   : loaded 4 times (x 65B)
Class com.google.common.collect.ImmutableList$Builder                                 : loaded 4 times (x 73B)
Class com.amazon.ion.impl.bin.IonBinaryWriterAdapter$Factory                          : loaded 4 times (x 66B)
Class com.amazon.ion.impl.BlockedBuffer$BufferedOutputStream                          : loaded 4 times (x 86B)
Class org.gradle.internal.Cast                                                        : loaded 4 times (x 67B)
Class com.amazon.ion.impl.bin.utf8.Poolable                                           : loaded 4 times (x 75B)
Class com.amazon.ion.IonSymbol                                                        : loaded 4 times (x 66B)
Class org.gradle.api.Action                                                           : loaded 4 times (x 66B)
Class org.jetbrains.plugins.gradle.tooling.serialization.AnnotationProcessingModelSerializationService$WriteContext: loaded 4 times (x 68B)
Class org.gradle.internal.impldep.gnu.trove.THash                                     : loaded 4 times (x 77B)
Class com.google.common.collect.RegularImmutableAsList                                : loaded 4 times (x 213B)
Class org.jetbrains.plugins.gradle.tooling.serialization.ExternalTestsSerializationService$ReadContext: loaded 4 times (x 68B)
Class com.amazon.ion.impl.bin.IonManagedBinaryWriter$SymbolState$2                    : loaded 4 times (x 76B)
Class kotlin.jvm.functions.Function0                                                  : loaded 3 times (x 66B)
Class kotlin.io.TerminateException                                                    : loaded 3 times (x 78B)
Class kotlin.io.FilesKt__FilePathComponentsKt                                         : loaded 3 times (x 67B)
Class com.android.builder.model.v2.ide.CodeShrinker                                   : loaded 3 times (x 75B)
Class kotlin.collections.ArraysUtilJVM                                                : loaded 3 times (x 67B)
Class com.google.common.collect.ImmutableRangeSet$1                                   : loaded 3 times (x 206B)
Class kotlin.reflect.KCallable                                                        : loaded 3 times (x 66B)
Class org.gradle.tooling.model.idea.IdeaDependency                                    : loaded 3 times (x 66B)
Class kotlin.collections.CollectionsKt__MutableCollectionsKt                          : loaded 3 times (x 67B)
Class jdk.internal.jimage.decompressor.ZipDecompressor                                : loaded 3 times (x 71B)
Class com.android.builder.model.v2.ide.AaptOptions                                    : loaded 3 times (x 66B)
Class kotlin.collections.AbstractMutableList                                          : loaded 3 times (x 202B)
Class kotlin.jvm.functions.Function1                                                  : loaded 3 times (x 66B)
Class org.gradle.tooling.model.UnsupportedMethodException                             : loaded 3 times (x 78B)
Class org.gradle.tooling.internal.adapter.ProtocolToModelAdapter$SupportedPropertyInvoker: loaded 3 times (x 72B)
Class kotlin.Pair                                                                     : loaded 3 times (x 68B)
Class kotlin.sequences.TransformingSequence$iterator$1                                : loaded 3 times (x 75B)
Class com.android.ide.gradle.model.GradlePropertiesModel                              : loaded 3 times (x 66B)
Class com.android.builder.model.v2.models.ndk.NativeModelBuilderParameter             : loaded 3 times (x 66B)
Class org.gradle.tooling.internal.adapter.ProtocolToModelAdapter$ViewGraphDetails$1   : loaded 3 times (x 73B)
Class kotlin.collections.AbstractIterator                                             : loaded 3 times (x 79B)
Class kotlin.text.CharsKt                                                             : loaded 3 times (x 67B)
Class kotlin.KotlinNothingValueException                                              : loaded 3 times (x 78B)
Class com.google.common.collect.Range                                                 : loaded 3 times (x 83B)
Class kotlin.ranges.RangesKt                                                          : loaded 3 times (x 67B)
Class org.gradle.tooling.model.kotlin.dsl.KotlinDslScriptModel                        : loaded 3 times (x 66B)
Class org.gradle.tooling.internal.adapter.CollectionMapper                            : loaded 3 times (x 69B)
Class [Lcom.android.builder.model.v2.ide.AaptOptions$Namespacing;                     : loaded 3 times (x 65B)
Class kotlin.Unit                                                                     : loaded 3 times (x 67B)
Class org.gradle.tooling.internal.adapter.ProtocolToModelAdapter$DefaultViewBuilder   : loaded 3 times (x 76B)
Class jdk.internal.jimage.ImageLocation                                               : loaded 3 times (x 86B)
Class jdk.internal.jrtfs.JrtDirectoryStream$1                                         : loaded 3 times (x 79B)
Class jdk.internal.jrtfs.JrtFileSystemProvider                                        : loaded 3 times (x 97B)
Class kotlin.jvm.functions.Function2                                                  : loaded 3 times (x 66B)
Class com.google.common.collect.AbstractRangeSet                                      : loaded 3 times (x 110B)
Class kotlin.Result                                                                   : loaded 3 times (x 68B)
Class com.android.ide.gradle.model.ArtifactIdentifierImpl                             : loaded 3 times (x 73B)
Class [Lcom.android.builder.model.v2.ide.LibraryType;                                 : loaded 3 times (x 65B)
Class com.android.builder.model.v2.ide.LibraryType                                    : loaded 3 times (x 75B)
Class kotlin.collections.MapsKt___MapsJvmKt                                           : loaded 3 times (x 67B)
Class com.google.common.collect.ExplicitOrdering                                      : loaded 3 times (x 111B)
Class kotlin.sequences.SequencesKt___SequencesJvmKt                                   : loaded 3 times (x 67B)
Class kotlin.jvm.internal.markers.KMutableIterable                                    : loaded 3 times (x 66B)
Class kotlin.TuplesKt                                                                 : loaded 3 times (x 67B)
Class [Lcom.android.builder.model.v2.ide.ProjectType;                                 : loaded 3 times (x 65B)
Class com.android.ide.gradle.model.dependencies.Coordinates                           : loaded 3 times (x 66B)
Class org.gradle.tooling.internal.adapter.WeakIdentityHashMap$AbsentValueProvider     : loaded 3 times (x 66B)
Class com.android.builder.model.v2.ide.TestInfo$Execution                             : loaded 3 times (x 75B)
Class kotlin.jvm.functions.Function4                                                  : loaded 3 times (x 66B)
Class kotlin.collections.EmptySet                                                     : loaded 3 times (x 118B)
Class kotlin.annotation.Target                                                        : loaded 3 times (x 66B)
Class kotlin.collections.CollectionsKt___CollectionsKt                                : loaded 3 times (x 67B)
Class kotlin.collections.CollectionsKt__IteratorsJVMKt                                : loaded 3 times (x 67B)
Class kotlin.collections.CollectionsKt___CollectionsJvmKt                             : loaded 3 times (x 67B)
Class kotlin.jvm.internal.FunctionReferenceImpl                                       : loaded 3 times (x 118B)
Class org.gradle.tooling.internal.adapter.ProtocolToModelAdapter                      : loaded 3 times (x 76B)
Class org.gradle.internal.exceptions.NonGradleCauseExceptionsHolder                   : loaded 3 times (x 66B)
Class org.gradle.tooling.model.idea.IdeaModuleDependency                              : loaded 3 times (x 66B)
Class jdk.internal.jimage.ImageBufferCache$1                                          : loaded 3 times (x 79B)
Class kotlin.comparisons.ComparisonsKt___ComparisonsJvmKt                             : loaded 3 times (x 67B)
Class org.gradle.tooling.internal.adapter.ViewBuilder                                 : loaded 3 times (x 66B)
Class kotlin.collections.ArraysKt___ArraysKt$asSequence$$inlined$Sequence$1           : loaded 3 times (x 71B)
Class jdk.internal.jimage.ImageStrings                                                : loaded 3 times (x 66B)
Class jdk.internal.jrtfs.SystemImage$2                                                : loaded 3 times (x 72B)
Class com.android.builder.model.v2.ide.AndroidGradlePluginProjectFlags$BooleanFlag    : loaded 3 times (x 75B)
Class kotlin.collections.MapsKt__MapsJVMKt                                            : loaded 3 times (x 67B)
Class kotlin.collections.EmptyList                                                    : loaded 3 times (x 170B)
Class gnu.trove.Equality                                                              : loaded 3 times (x 66B)
Class org.gradle.util.internal.DefaultGradleVersion                                   : loaded 3 times (x 76B)
Class kotlin.Result$Companion                                                         : loaded 3 times (x 67B)
Class org.gradle.internal.time.DefaultTimer                                           : loaded 3 times (x 76B)
Class kotlin.coroutines.jvm.internal.BaseContinuationImpl                             : loaded 3 times (x 83B)
Class com.android.builder.model.v2.ide.SourceProvider                                 : loaded 3 times (x 66B)
Class com.android.builder.model.v2.ide.BundleInfo                                     : loaded 3 times (x 66B)
Class kotlin.comparisons.ComparisonsKt___ComparisonsKt                                : loaded 3 times (x 67B)
Class jdk.internal.jimage.ImageBufferCache$2                                          : loaded 3 times (x 87B)
Class com.android.builder.model.v2.ide.AndroidLibraryData                             : loaded 3 times (x 66B)
Class kotlin.text.StringsKt___StringsJvmKt                                            : loaded 3 times (x 67B)
Class kotlin.comparisons.ComparisonsKt                                                : loaded 3 times (x 67B)
Class kotlin.text.CharsKt__CharJVMKt                                                  : loaded 3 times (x 67B)
Class kotlin.sequences.FilteringSequence                                              : loaded 3 times (x 71B)
Class kotlin.enums.EnumEntriesList                                                    : loaded 3 times (x 219B)
Class com.android.builder.model.v2.ide.ApiVersion                                     : loaded 3 times (x 66B)
Class kotlin.jvm.internal.FunctionBase                                                : loaded 3 times (x 66B)
Class jdk.internal.jimage.decompressor.ZipDecompressorFactory                         : loaded 3 times (x 70B)
Class kotlin.coroutines.Continuation                                                  : loaded 3 times (x 66B)
Class [Lkotlin.coroutines.intrinsics.CoroutineSingletons;                             : loaded 3 times (x 65B)
Class kotlin.reflect.KDeclarationContainer                                            : loaded 3 times (x 66B)
Class kotlin.jvm.internal.FunctionReference                                           : loaded 3 times (x 118B)
Class kotlin.sequences.SequencesKt__SequencesKt                                       : loaded 3 times (x 67B)
Class org.gradle.tooling.internal.adapter.ProtocolToModelAdapter$ViewKey              : loaded 3 times (x 68B)
Class kotlin.collections.SetsKt___SetsKt                                              : loaded 3 times (x 67B)
Class kotlin.ranges.RangesKt__RangesKt                                                : loaded 3 times (x 67B)
Class com.android.builder.model.v2.ide.BasicVariant                                   : loaded 3 times (x 66B)
Class com.android.builder.model.v2.ide.AndroidGradlePluginProjectFlags                : loaded 3 times (x 66B)
Class [Lcom.android.builder.model.v2.ide.AndroidGradlePluginProjectFlags$BooleanFlag; : loaded 3 times (x 65B)
Class com.google.common.collect.ImmutableRangeSet$AsSet                               : loaded 3 times (x 296B)
Class kotlin.comparisons.ComparisonsKt__ComparisonsKt                                 : loaded 3 times (x 67B)
Class kotlin.annotation.Retention                                                     : loaded 3 times (x 66B)
Class kotlin.io.FilesKt                                                               : loaded 3 times (x 67B)
Class com.android.builder.model.v2.CustomSourceDirectory                              : loaded 3 times (x 66B)
Class com.android.builder.model.v2.models.Versions$Version                            : loaded 3 times (x 66B)
Class com.google.common.collect.NullsFirstOrdering                                    : loaded 3 times (x 111B)
Class org.gradle.tooling.model.internal.ImmutableDomainObjectSet                      : loaded 3 times (x 151B)
Class kotlin.ResultKt                                                                 : loaded 3 times (x 67B)
Class kotlin.collections.MapsKt___MapsKt                                              : loaded 3 times (x 67B)
Class org.gradle.tooling.internal.adapter.ProtocolToModelAdapter$PropertyCachingMethodInvoker: loaded 3 times (x 72B)
Class kotlin.collections.ArraysKt___ArraysKt                                          : loaded 3 times (x 67B)
Class kotlin.Triple                                                                   : loaded 3 times (x 68B)
Class kotlin.sequences.SequencesKt__SequenceBuilderKt$sequence$$inlined$Sequence$1    : loaded 3 times (x 71B)
Class jdk.internal.jrtfs.SystemImage$1                                                : loaded 3 times (x 74B)
Class gnu.trove.TObjectHashingStrategy                                                : loaded 3 times (x 66B)
Class kotlin.text.Regex$Companion                                                     : loaded 3 times (x 67B)
Class kotlin.collections.MapsKt__MapWithDefaultKt                                     : loaded 3 times (x 67B)
Class org.gradle.tooling.internal.adapter.ProtocolToModelAdapter$ReflectionMethodInvoker: loaded 3 times (x 72B)
Class kotlin.text.StringsKt___StringsKt                                               : loaded 3 times (x 67B)
Class com.google.common.collect.NullsLastOrdering                                     : loaded 3 times (x 111B)
Class com.android.ide.gradle.model.LegacyV1AgpVersionModel                            : loaded 3 times (x 66B)
Class kotlin.text.Regex                                                               : loaded 3 times (x 68B)
Class kotlin.collections.CollectionsKt__MutableCollectionsJVMKt                       : loaded 3 times (x 67B)
Class kotlin.enums.EnumEntriesKt                                                      : loaded 3 times (x 67B)
Class com.android.builder.model.v2.models.ProjectSyncIssues                           : loaded 3 times (x 66B)
Class kotlin.Result$Failure                                                           : loaded 3 times (x 68B)
Class kotlin.collections.ArraysKt__ArraysKt                                           : loaded 3 times (x 67B)
Class com.google.common.collect.ImmutableRangeSet$Builder                             : loaded 3 times (x 73B)
Class kotlin.text.StringsKt__StringBuilderJVMKt                                       : loaded 3 times (x 67B)
Class org.gradle.internal.time.DefaultCountdownTimer                                  : loaded 3 times (x 84B)
Class com.google.common.collect.Lists$ReverseList$1                                   : loaded 3 times (x 95B)
Class kotlin.collections.CollectionsKt__CollectionsKt                                 : loaded 3 times (x 67B)
Class kotlin.collections.ArraysKt___ArraysJvmKt                                       : loaded 3 times (x 67B)
Class com.google.common.collect.AllEqualOrdering                                      : loaded 3 times (x 110B)
Class kotlin.collections.AbstractCollection                                           : loaded 3 times (x 113B)
Class com.android.builder.model.v2.ide.AbstractArtifact                               : loaded 3 times (x 66B)
Class kotlin.collections.AbstractList                                                 : loaded 3 times (x 193B)
Class kotlin.text.StringsKt__RegexExtensionsJVMKt                                     : loaded 3 times (x 67B)
Class com.google.common.collect.ImmutableRangeSet$ComplementRanges                    : loaded 3 times (x 203B)
Class com.android.builder.model.v2.models.VariantDependencies                         : loaded 3 times (x 66B)
Class kotlin.ranges.IntRange$Companion                                                : loaded 3 times (x 67B)
Class com.android.builder.model.v2.ide.TestedTargetVariant                            : loaded 3 times (x 66B)
Class org.gradle.tooling.model.Element                                                : loaded 3 times (x 66B)
Class kotlin.collections.EmptyMap                                                     : loaded 3 times (x 105B)
Class org.gradle.tooling.internal.adapter.ProtocolToModelAdapter$NoOpDecoration       : loaded 3 times (x 75B)
Class kotlin.collections.SetsKt__SetsJVMKt                                            : loaded 3 times (x 67B)
Class org.gradle.tooling.internal.adapter.ProtocolToModelAdapter$AdaptingMethodInvoker: loaded 3 times (x 72B)
Class org.gradle.tooling.internal.gradle.DefaultBuildIdentifier                       : loaded 3 times (x 75B)
Class kotlin.Function                                                                 : loaded 3 times (x 66B)
Class org.gradle.tooling.internal.adapter.TypeInspector                               : loaded 3 times (x 69B)
Class kotlin.reflect.KAnnotatedElement                                                : loaded 3 times (x 66B)
Class kotlin.jvm.internal.markers.KMutableCollection                                  : loaded 3 times (x 66B)
Class kotlin.coroutines.jvm.internal.RestrictedSuspendLambda                          : loaded 3 times (x 87B)
Class kotlin.sequences.SequencesKt__SequencesJVMKt                                    : loaded 3 times (x 67B)
Class com.google.common.collect.CompoundOrdering                                      : loaded 3 times (x 111B)
Class com.android.builder.model.v2.dsl.ProductFlavor                                  : loaded 3 times (x 66B)
Class kotlin.io.FilePathComponents                                                    : loaded 3 times (x 68B)
Class kotlin.io.FileAlreadyExistsException                                            : loaded 3 times (x 78B)
Class kotlin.internal.ProgressionUtilKt                                               : loaded 3 times (x 67B)
Class [Lcom.android.builder.model.v2.ide.TestInfo$Execution;                          : loaded 3 times (x 65B)
Class kotlin.coroutines.intrinsics.IntrinsicsKt                                       : loaded 3 times (x 67B)
Class org.gradle.tooling.model.Dependency                                             : loaded 3 times (x 66B)
Class Build_gradle$2                                                                  : loaded 3 times (x 74B)
Class jdk.internal.jimage.ImageReader$Directory                                       : loaded 3 times (x 80B)
Class org.gradle.internal.time.Clock                                                  : loaded 3 times (x 66B)
Class kotlin.text.StringsKt__RegexExtensionsKt                                        : loaded 3 times (x 67B)
Class jdk.internal.jimage.ImageHeader                                                 : loaded 3 times (x 67B)
Class org.gradle.internal.exceptions.MultiCauseException                              : loaded 3 times (x 66B)
Class org.gradle.internal.time.CountdownTimer                                         : loaded 3 times (x 66B)
Class kotlin.jvm.internal.Intrinsics                                                  : loaded 3 times (x 67B)
Class kotlin.collections.EmptyIterator                                                : loaded 3 times (x 85B)
Class jdk.internal.jrtfs.JrtFileSystem                                                : loaded 3 times (x 98B)
Class org.gradle.api.JavaVersion                                                      : loaded 3 times (x 75B)
Class com.android.ide.gradle.model.AdditionalClassifierArtifactsModelParameter        : loaded 3 times (x 66B)
Class kotlin.collections.MapsKt                                                       : loaded 3 times (x 67B)
Class kotlin.coroutines.intrinsics.CoroutineSingletons                                : loaded 3 times (x 75B)
Class Build_gradle$1                                                                  : loaded 3 times (x 70B)
Class jdk.internal.jimage.decompressor.ResourceDecompressorRepository                 : loaded 3 times (x 67B)
Class kotlin.jvm.internal.ArrayIterator                                               : loaded 3 times (x 75B)
Class kotlin.collections.CollectionsKt__IterablesKt                                   : loaded 3 times (x 67B)
Class org.gradle.tooling.model.ProjectModel                                           : loaded 3 times (x 66B)
Class jdk.internal.jimage.decompressor.CompressedResourceHeader                       : loaded 3 times (x 67B)
Class kotlin.ranges.OpenEndRange                                                      : loaded 3 times (x 66B)
Class kotlin.sequences.SequenceBuilderIterator                                        : loaded 3 times (x 81B)
Class kotlin.KotlinNullPointerException                                               : loaded 3 times (x 79B)
Class kotlin.ranges.RangesKt___RangesKt                                               : loaded 3 times (x 67B)
Class org.gradle.tooling.model.idea.IdeaLanguageLevel                                 : loaded 3 times (x 66B)
Class jdk.internal.jimage.ImageReader$SharedImageReader$LocationVisitor               : loaded 3 times (x 66B)
Class kotlin.jvm.internal.DefaultConstructorMarker                                    : loaded 3 times (x 67B)
Class org.gradle.internal.time.TimeSource$1                                           : loaded 3 times (x 73B)
Class org.gradle.tooling.internal.adapter.ProtocolToModelAdapter$SafeMethodInvoker    : loaded 3 times (x 72B)
Class org.gradle.tooling.internal.adapter.WeakIdentityHashMap$WeakKey                 : loaded 3 times (x 75B)
Class kotlin.collections.CollectionsKt___CollectionsKt$asSequence$$inlined$Sequence$1 : loaded 3 times (x 71B)
Class com.android.builder.model.v2.dsl.BaseConfig                                     : loaded 3 times (x 66B)
Class com.android.ide.gradle.model.artifacts.AdditionalClassifierArtifactsModel       : loaded 3 times (x 66B)
Class com.android.builder.model.Variant                                               : loaded 3 times (x 66B)
Class org.gradle.internal.exceptions.DefaultMultiCauseException                       : loaded 3 times (x 91B)
Class org.gradle.tooling.internal.gradle.GradleProjectIdentity                        : loaded 3 times (x 66B)
Class com.android.builder.model.v2.ide.ProjectInfo                                    : loaded 3 times (x 66B)
Class kotlin.text.CharsKt__CharKt                                                     : loaded 3 times (x 67B)
Class jdk.internal.jrtfs.SystemImage                                                  : loaded 3 times (x 70B)
Class kotlin.collections.ArrayDeque$Companion                                         : loaded 3 times (x 67B)
Class com.android.builder.model.v2.ide.ProjectType                                    : loaded 3 times (x 75B)
Class kotlin.collections.ArraysKt                                                     : loaded 3 times (x 67B)
Class kotlin.io.FileSystemException                                                   : loaded 3 times (x 78B)
Class com.android.builder.model.v2.ide.ComponentInfo                                  : loaded 3 times (x 66B)
Class org.gradle.tooling.model.HierarchicalElement                                    : loaded 3 times (x 66B)
Class kotlin.ranges.ClosedRange                                                       : loaded 3 times (x 66B)
Class com.android.builder.model.v2.ide.JavaArtifact                                   : loaded 3 times (x 66B)
Class com.android.builder.model.ProjectSyncIssues                                     : loaded 3 times (x 66B)
Class org.gradle.tooling.model.ProjectIdentifier                                      : loaded 3 times (x 66B)
Class org.gradle.tooling.model.idea.IdeaCompilerOutput                                : loaded 3 times (x 66B)
Class kotlin.sequences.Sequence                                                       : loaded 3 times (x 66B)
Class kotlin.sequences.SequenceScope                                                  : loaded 3 times (x 69B)
Class jdk.internal.jrtfs.JrtPath                                                      : loaded 3 times (x 114B)
Class jdk.internal.jimage.ImageBufferCache                                            : loaded 3 times (x 67B)
Class org.gradle.internal.exceptions.ResolutionProvider                               : loaded 3 times (x 66B)
Class org.gradle.tooling.internal.adapter.ProtocolToModelAdapter$MixInMappingAction   : loaded 3 times (x 76B)
Class jdk.internal.jimage.decompressor.ResourceDecompressor                           : loaded 3 times (x 66B)
Class com.android.builder.model.v2.models.BasicAndroidProject                         : loaded 3 times (x 66B)
Class com.android.builder.model.AndroidProject                                        : loaded 3 times (x 66B)
Class com.google.common.collect.NaturalOrdering                                       : loaded 3 times (x 111B)
Class kotlin.text.StringsKt__StringNumberConversionsJVMKt                             : loaded 3 times (x 67B)
Class com.android.builder.model.v2.dsl.DependenciesInfo                               : loaded 3 times (x 66B)
Class com.google.common.collect.ByFunctionOrdering                                    : loaded 3 times (x 111B)
Class com.android.builder.model.v2.ide.JavaCompileOptions                             : loaded 3 times (x 66B)
Class kotlin.collections.SetsKt__SetsKt                                               : loaded 3 times (x 67B)
Class kotlin.coroutines.EmptyCoroutineContext                                         : loaded 3 times (x 73B)
Class kotlin.text.StringsKt__StringsJVMKt                                             : loaded 3 times (x 67B)
Class kotlin.collections.IntIterator                                                  : loaded 3 times (x 78B)
Class com.google.common.collect.NullnessCasts                                         : loaded 3 times (x 67B)
Class kotlin.enums.EnumEntries                                                        : loaded 3 times (x 66B)
Class org.gradle.tooling.internal.gradle.GradleBuildIdentity                          : loaded 3 times (x 66B)
Class org.gradle.internal.time.Time                                                   : loaded 3 times (x 67B)
Class com.android.builder.model.v2.ide.TestInfo                                       : loaded 3 times (x 66B)
Class com.google.common.collect.ComparatorOrdering                                    : loaded 3 times (x 111B)
Class com.google.common.collect.RangeGwtSerializationDependencies                     : loaded 3 times (x 67B)
Class kotlin.collections.ArraysKt__ArraysJVMKt                                        : loaded 3 times (x 67B)
Class kotlin.jvm.internal.ArrayIteratorKt                                             : loaded 3 times (x 67B)
Class kotlin.text.StringsKt__StringBuilderKt                                          : loaded 3 times (x 67B)
Class com.google.common.collect.RangeSet                                              : loaded 3 times (x 66B)
Class kotlin.text.StringsKt__IndentKt                                                 : loaded 3 times (x 67B)
Class com.android.builder.model.v2.dsl.SigningConfig                                  : loaded 3 times (x 66B)
Class kotlin.jvm.internal.CallableReference$NoReceiver                                : loaded 3 times (x 67B)
Class com.android.builder.model.v2.models.AndroidProject                              : loaded 3 times (x 66B)
Class com.android.builder.model.v2.AndroidModel                                       : loaded 3 times (x 66B)
Class org.gradle.tooling.internal.gradle.DefaultProjectIdentifier                     : loaded 3 times (x 82B)
Class kotlin.collections.SetsKt                                                       : loaded 3 times (x 67B)
Class org.gradle.tooling.model.kotlin.dsl.KotlinDslScriptsModel                       : loaded 3 times (x 66B)
Class com.android.builder.model.v2.models.AndroidDsl                                  : loaded 3 times (x 66B)
Class org.gradle.internal.time.TimeSource                                             : loaded 3 times (x 66B)
Class org.gradle.tooling.model.idea.IdeaDependencyScope                               : loaded 3 times (x 66B)
Class kotlin.ranges.IntRange                                                          : loaded 3 times (x 89B)
Class com.google.common.collect.ImmutableRangeSet                                     : loaded 3 times (x 111B)
Class [Lorg.gradle.api.JavaVersion;                                                   : loaded 3 times (x 65B)
Class kotlin.text.StringsKt__AppendableKt                                             : loaded 3 times (x 67B)
Class kotlin.NoWhenBranchMatchedException                                             : loaded 3 times (x 78B)
Class org.gradle.tooling.model.BuildIdentifier                                        : loaded 3 times (x 66B)
Class kotlin.sequences.SequencesKt___SequencesKt$flatMap$2                            : loaded 3 times (x 121B)
Class com.google.common.collect.SetMultimap                                           : loaded 3 times (x 66B)
Class kotlin.jvm.internal.CallableReference                                           : loaded 3 times (x 102B)
Class com.google.common.collect.RegularImmutableSortedSet                             : loaded 3 times (x 296B)
Class com.google.common.collect.Ordering                                              : loaded 3 times (x 110B)
Class com.android.builder.model.v2.ide.VectorDrawablesOptions                         : loaded 3 times (x 66B)
Class kotlin.reflect.KFunction                                                        : loaded 3 times (x 66B)
Class kotlin.collections.ArrayDeque                                                   : loaded 3 times (x 203B)
Class com.android.builder.model.v2.ide.Edge                                           : loaded 3 times (x 66B)
Class com.google.common.collect.ReverseOrdering                                       : loaded 3 times (x 111B)
Class com.android.builder.model.v2.ide.LibraryInfo                                    : loaded 3 times (x 66B)
Class com.android.ide.gradle.model.GradlePluginModel                                  : loaded 3 times (x 66B)
Class org.gradle.tooling.model.build.JavaEnvironment                                  : loaded 3 times (x 66B)
Class kotlin.collections.AbstractList$Companion                                       : loaded 3 times (x 67B)
Class Build_gradle                                                                    : loaded 3 times (x 126B)
Class kotlin.sequences.SequencesKt___SequencesKt                                      : loaded 3 times (x 67B)
Class com.google.common.collect.ReverseNaturalOrdering                                : loaded 3 times (x 110B)
Class org.gradle.tooling.model.gradle.GradleScript                                    : loaded 3 times (x 66B)
Class kotlin.collections.MapsKt__MapsKt                                               : loaded 3 times (x 67B)
Class com.android.builder.model.v2.ide.SourceSetContainer                             : loaded 3 times (x 66B)
Class org.gradle.internal.time.Timer                                                  : loaded 3 times (x 66B)
Class kotlin.jvm.internal.markers.KMappedMarker                                       : loaded 3 times (x 66B)
Class com.android.builder.model.v2.ide.LintOptions                                    : loaded 3 times (x 66B)
Class com.google.common.collect.ImmutableSortedSet                                    : loaded 3 times (x 296B)
Class com.google.common.collect.Lists$ReverseList                                     : loaded 3 times (x 196B)
Class jdk.internal.jimage.ImageStringsReader                                          : loaded 3 times (x 76B)
Class [Lkotlin.sequences.Sequence;                                                    : loaded 3 times (x 65B)
Class org.gradle.tooling.internal.adapter.ProtocolToModelAdapter$ViewGraphDetails     : loaded 3 times (x 68B)
Class org.gradle.tooling.model.idea.IdeaProject                                       : loaded 3 times (x 66B)
Class org.gradle.tooling.model.DomainObjectSet                                        : loaded 3 times (x 66B)
Class jdk.internal.jrtfs.JrtDirectoryStream                                           : loaded 3 times (x 85B)
Class com.android.builder.model.v2.ide.BasicArtifact                                  : loaded 3 times (x 66B)
Class com.android.ide.gradle.model.ArtifactIdentifier                                 : loaded 3 times (x 66B)
Class kotlin.coroutines.jvm.internal.SuspendFunction                                  : loaded 3 times (x 66B)
Class jdk.internal.jrtfs.JrtFileAttributes                                            : loaded 3 times (x 79B)
Class com.android.builder.model.v2.ide.Variant                                        : loaded 3 times (x 66B)
Class org.gradle.internal.operations.MultipleBuildOperationFailures                   : loaded 3 times (x 91B)
Class org.gradle.internal.time.MonotonicClock                                         : loaded 3 times (x 73B)
Class kotlin.jvm.internal.markers.KMutableList                                        : loaded 3 times (x 66B)
Class com.google.common.collect.UsingToStringOrdering                                 : loaded 3 times (x 110B)
Class kotlin.io.FilesKt__FileReadWriteKt                                              : loaded 3 times (x 67B)
Class org.gradle.tooling.model.Model                                                  : loaded 3 times (x 66B)
Class kotlin.text.StringsKt__StringNumberConversionsKt                                : loaded 3 times (x 67B)
Class [Lkotlin.Pair;                                                                  : loaded 3 times (x 65B)
Class org.gradle.util.GradleVersion                                                   : loaded 3 times (x 75B)
Class com.android.builder.model.v2.ide.SyncIssue                                      : loaded 3 times (x 66B)
Class org.gradle.tooling.internal.adapter.MethodInvocation                            : loaded 3 times (x 81B)
Class kotlin.sequences.TransformingSequence                                           : loaded 3 times (x 71B)
Class com.android.utils.FileUtils                                                     : loaded 3 times (x 67B)
Class com.android.builder.model.v2.ide.AaptOptions$Namespacing                        : loaded 3 times (x 75B)
Class kotlin.jvm.internal.Ref$BooleanRef                                              : loaded 3 times (x 67B)
Class jdk.internal.jimage.ImageReader$Resource                                        : loaded 3 times (x 80B)
Class jdk.internal.jimage.decompressor.Decompressor                                   : loaded 3 times (x 68B)
Class com.android.ide.gradle.model.composites.BuildMap                                : loaded 3 times (x 66B)
Class kotlin.Metadata                                                                 : loaded 3 times (x 66B)
Class kotlin.UninitializedPropertyAccessException                                     : loaded 3 times (x 78B)
Class org.gradle.util.internal.DefaultGradleVersion$Stage                             : loaded 3 times (x 71B)
Class kotlin.coroutines.jvm.internal.RestrictedContinuationImpl                       : loaded 3 times (x 83B)
Class jdk.internal.jimage.ImageReader                                                 : loaded 3 times (x 71B)
Class com.android.ide.gradle.model.artifacts.AdditionalClassifierArtifacts            : loaded 3 times (x 66B)
Class jdk.internal.jimage.decompressor.StringSharingDecompressorFactory               : loaded 3 times (x 70B)
Class kotlin.jvm.internal.StringCompanionObject                                       : loaded 3 times (x 67B)
Class org.gradle.tooling.internal.adapter.TargetTypeProvider                          : loaded 3 times (x 66B)
Class kotlin.coroutines.intrinsics.IntrinsicsKt__IntrinsicsJvmKt                      : loaded 3 times (x 67B)
Class kotlin.coroutines.jvm.internal.CoroutineStackFrame                              : loaded 3 times (x 66B)
Class com.android.builder.model.v2.ide.AndroidArtifact                                : loaded 3 times (x 66B)
Class com.android.builder.model.v2.ide.Library                                        : loaded 3 times (x 66B)
Class com.android.builder.model.v2.ide.ArtifactDependenciesAdjacencyList              : loaded 3 times (x 66B)
Class org.gradle.tooling.internal.adapter.ProtocolToModelAdapter$MethodInvocationCache$MethodInvocationKey: loaded 3 times (x 69B)
Class kotlin.ranges.IntProgression$Companion                                          : loaded 3 times (x 67B)
Class com.android.utils.StringHelper                                                  : loaded 3 times (x 67B)
Class com.android.builder.model.v2.models.Versions                                    : loaded 3 times (x 66B)
Class kotlin.text.StringsKt                                                           : loaded 3 times (x 67B)
Class [Lcom.android.builder.model.v2.ide.CodeShrinker;                                : loaded 3 times (x 65B)
Class kotlin.io.NoSuchFileException                                                   : loaded 3 times (x 78B)
Class kotlin.collections.CollectionsKt                                                : loaded 3 times (x 67B)
Class org.gradle.tooling.internal.adapter.ProtocolToModelAdapter$MethodInvocationCache: loaded 3 times (x 69B)
Class org.gradle.tooling.internal.adapter.ProtocolToModelAdapter$InvocationHandlerImpl: loaded 3 times (x 73B)
Class kotlin.collections.CollectionsKt__IteratorsKt                                   : loaded 3 times (x 67B)
Class kotlin.sequences.SequencesKt                                                    : loaded 3 times (x 67B)
Class jdk.internal.jimage.ImageReader$SharedImageReader                               : loaded 3 times (x 91B)
Class org.gradle.tooling.model.build.GradleEnvironment                                : loaded 3 times (x 66B)
Class com.android.builder.model.v2.models.VariantDependenciesAdjacencyList            : loaded 3 times (x 66B)
Class kotlin.ranges.IntProgressionIterator                                            : loaded 3 times (x 78B)
Class com.android.builder.model.v2.dsl.BuildType                                      : loaded 3 times (x 66B)
Class kotlin.coroutines.CoroutineContext                                              : loaded 3 times (x 66B)
Class kotlin.coroutines.jvm.internal.DebugProbesKt                                    : loaded 3 times (x 67B)
Class org.gradle.tooling.internal.adapter.WeakIdentityHashMap                         : loaded 3 times (x 72B)
Class jdk.internal.jimage.BasicImageReader$1                                          : loaded 3 times (x 73B)
Class kotlin.collections.CollectionsKt__CollectionsJVMKt                              : loaded 3 times (x 67B)
Class org.gradle.tooling.GradleConnectionException                                    : loaded 3 times (x 79B)
Class org.gradle.tooling.internal.adapter.ProtocolToModelAdapter$1                    : loaded 3 times (x 71B)
Class com.google.common.collect.Lists$TransformingRandomAccessList                    : loaded 3 times (x 195B)
Class org.gradle.tooling.internal.adapter.ProtocolToModelAdapter$ViewDecoration       : loaded 3 times (x 66B)
Class com.google.common.collect.SortedIterable                                        : loaded 3 times (x 66B)
Class kotlin.io.FilesKt__UtilsKt                                                      : loaded 3 times (x 67B)
Class com.android.builder.model.v2.models.ndk.NativeModule                            : loaded 3 times (x 66B)
Class com.android.builder.model.v2.models.ModelBuilderParameter                       : loaded 3 times (x 66B)
Class kotlin.collections.CollectionsKt__ReversedViewsKt                               : loaded 3 times (x 67B)
Class kotlin.sequences.SequencesKt__SequenceBuilderKt                                 : loaded 3 times (x 67B)
Class kotlin.jvm.internal.CollectionToArray                                           : loaded 3 times (x 67B)
Class kotlin.io.FilesKt__FileTreeWalkKt                                               : loaded 3 times (x 67B)
Class jdk.internal.jimage.decompressor.ResourceDecompressorFactory                    : loaded 3 times (x 70B)
Class kotlin.sequences.FilteringSequence$iterator$1                                   : loaded 3 times (x 75B)
Class jdk.internal.jimage.decompressor.ResourceDecompressor$StringsProvider           : loaded 3 times (x 66B)
Class com.google.common.collect.LexicographicalOrdering                               : loaded 3 times (x 111B)
Class org.gradle.tooling.internal.adapter.MethodInvoker                               : loaded 3 times (x 66B)
Class jdk.internal.jimage.BasicImageReader                                            : loaded 3 times (x 91B)
Class kotlin.NotImplementedError                                                      : loaded 3 times (x 78B)
Class com.android.ide.gradle.model.dependencies.DeclaredDependencies                  : loaded 3 times (x 66B)
Class kotlin.sequences.FlatteningSequence                                             : loaded 3 times (x 71B)
Class com.android.builder.model.v2.ide.PrivacySandboxSdkInfo                          : loaded 3 times (x 66B)
Class com.android.builder.model.v2.ide.ViewBindingOptions                             : loaded 3 times (x 66B)
Class jdk.internal.jimage.ImageReader$Node                                            : loaded 3 times (x 80B)
Class kotlin.coroutines.intrinsics.IntrinsicsKt__IntrinsicsKt                         : loaded 3 times (x 67B)
Class com.google.common.collect.ImmutableSortedAsList                                 : loaded 3 times (x 217B)
Class org.gradle.tooling.internal.adapter.ObjectGraphAdapter                          : loaded 3 times (x 66B)
Class com.android.ide.gradle.model.LegacyAndroidGradlePluginPropertiesModelParameters : loaded 3 times (x 66B)
Class kotlin.text.StringsKt__StringsKt                                                : loaded 3 times (x 67B)
Class com.google.common.collect.Lists$RandomAccessReverseList                         : loaded 3 times (x 196B)
Class kotlin.ranges.IntProgression                                                    : loaded 3 times (x 77B)
Class com.android.ide.gradle.model.LegacyAndroidGradlePluginProperties                : loaded 3 times (x 66B)
Class kotlin.jvm.KotlinReflectionNotSupportedError                                    : loaded 3 times (x 78B)
Class kotlin.sequences.FlatteningSequence$iterator$1                                  : loaded 3 times (x 75B)
Class Build_gradle$1$2$1                                                              : loaded 2 times (x 75B)
Class com.google.common.base.Splitter$SplittingIterator                               : loaded 2 times (x 80B)
Class com.google.common.collect.ImmutableSet$JdkBackedSetBuilderImpl                  : loaded 2 times (x 72B)
Class com.android.tools.idea.gradle.project.sync.FetchedVariantResult                 : loaded 2 times (x 67B)
Class com.google.common.util.concurrent.internal.InternalFutureFailureAccess          : loaded 2 times (x 68B)
Class com.android.builder.model.v2.ide.Installation                                   : loaded 2 times (x 66B)
Class com.android.tools.idea.gradle.project.sync.LibraryIdentity$LibraryIdentityProvider$Companion: loaded 2 times (x 67B)
Class org.gradle.tooling.internal.adapter.ProtocolToModelAdapter$MixInBeanMappingAction: loaded 2 times (x 77B)
Class kotlin.text.RegexKt                                                             : loaded 2 times (x 67B)
Class com.android.tools.idea.gradle.project.sync.AndroidExtraModelProviderKt          : loaded 2 times (x 67B)
Class org.jetbrains.plugins.gradle.tooling.serialization.internal.adapter.Suppliers   : loaded 2 times (x 67B)
Class com.google.common.collect.ImmutableMultimap$Values                              : loaded 2 times (x 122B)
Class com.google.common.util.concurrent.AbstractFuture$UnsafeAtomicHelper             : loaded 2 times (x 74B)
Class com.google.common.cache.LocalCache$LocalManualCache$1                           : loaded 2 times (x 71B)
Class com.android.ide.common.repository.AgpVersion$PreviewKind$Companion              : loaded 2 times (x 67B)
Class com.android.tools.idea.gradle.model.IdeProductFlavor                            : loaded 2 times (x 66B)
Class com.android.tools.idea.gradle.project.sync.AdditionalClassifierArtifactsModelCollectorKt: loaded 2 times (x 67B)
Class org.gradle.api.internal.classpath.ModuleRegistry                                : loaded 2 times (x 66B)
Class org.gradle.internal.installation.GradleInstallation$1                           : loaded 2 times (x 71B)
Class com.google.common.collect.AbstractListMultimap                                  : loaded 2 times (x 168B)
Class com.google.common.cache.CacheLoader                                             : loaded 2 times (x 70B)
Class com.android.tools.idea.gradle.project.sync.NativeVariantAbiResult$V1            : loaded 2 times (x 68B)
Class [Lorg.objectweb.asm.SymbolTable$Entry;                                          : loaded 2 times (x 65B)
Class com.android.tools.idea.gradle.model.impl.ThrowingIdeDependencies                : loaded 2 times (x 73B)
Class com.android.tools.idea.gradle.model.impl.IdeBuildTypeContainerImpl              : loaded 2 times (x 75B)
Class com.android.builder.model.NativeVariantAbi                                      : loaded 2 times (x 66B)
Class com.android.tools.idea.gradle.project.sync.AndroidProjectResult$Companion$RuntimeClasspathBehaviour: loaded 2 times (x 67B)
Class com.google.common.collect.SortedLists$KeyPresentBehavior                        : loaded 2 times (x 76B)
Class com.android.tools.idea.gradle.model.impl.IdeMultiVariantDataImpl                : loaded 2 times (x 73B)
Class com.android.tools.idea.gradle.model.IdeUnresolvedJavaLibrary                    : loaded 2 times (x 66B)
Class org.jetbrains.plugins.gradle.tooling.serialization.internal.adapter.InternalJavaEnvironment: loaded 2 times (x 72B)
Class org.gradle.tooling.internal.consumer.converters.BasicGradleProjectIdentifierMixin: loaded 2 times (x 69B)
Class org.gradle.tooling.model.idea.BasicIdeaProject                                  : loaded 2 times (x 66B)
Class org.gradle.tooling.internal.consumer.versioning.ModelMapping                    : loaded 2 times (x 69B)
Class org.gradle.api.internal.classpath.DefaultModuleRegistry                         : loaded 2 times (x 82B)
Class com.android.tools.idea.gradle.project.sync.NativeVariantAbiResult               : loaded 2 times (x 67B)
Class org.jetbrains.plugins.gradle.model.DefaultExternalLibraryDependency             : loaded 2 times (x 107B)
Class com.android.tools.idea.gradle.model.impl.IdeSyncIssueImpl                       : loaded 2 times (x 75B)
Class com.android.tools.idea.gradle.project.sync.StandaloneDeliverableModel           : loaded 2 times (x 71B)
Class com.intellij.gradle.toolingExtension.impl.model.utilDummyModel.DummyModelBuilder: loaded 2 times (x 82B)
Class org.jetbrains.plugins.gradle.tooling.util.GradleVersionComparator               : loaded 2 times (x 71B)
Class com.android.tools.idea.gradle.project.sync.NativeVariantAbiResult$V2            : loaded 2 times (x 68B)
Class com.android.tools.idea.gradle.model.IdeExtraSourceProvider                      : loaded 2 times (x 66B)
Class com.android.tools.idea.gradle.project.sync.AndroidProjectResult                 : loaded 2 times (x 72B)
Class com.intellij.openapi.externalSystem.model.project.dependencies.AbstractDependencyNode: loaded 2 times (x 83B)
Class org.jetbrains.plugins.gradle.tooling.builder.VersionCatalogsModelBuilder        : loaded 2 times (x 82B)
Class com.android.tools.idea.gradle.project.sync.BuildId                              : loaded 2 times (x 68B)
Class com.google.common.cache.LocalCache$Segment                                      : loaded 2 times (x 150B)
Class com.intellij.gradle.toolingExtension.impl.modelSerialization.ToolingSerializerConverter: loaded 2 times (x 69B)
Class com.google.common.util.concurrent.ListenableFuture                              : loaded 2 times (x 66B)
Class com.google.common.cache.ReferenceEntry                                          : loaded 2 times (x 66B)
Class com.google.common.base.Converter                                                : loaded 2 times (x 86B)
Class com.google.common.base.CharMatcher$Any                                          : loaded 2 times (x 108B)
Class jdk.internal.jimage.BasicImageReader$2                                          : loaded 2 times (x 73B)
Class [Lcom.android.tools.idea.gradle.project.sync.SyncTestMode;                      : loaded 2 times (x 65B)
Class io.opentelemetry.context.Context                                                : loaded 2 times (x 66B)
Class io.opentelemetry.context.ContextExecutorService                                 : loaded 2 times (x 100B)
Class org.jetbrains.kotlin.idea.gradleTooling.model.annotation.AnnotationBasedPluginModelBuilderService: loaded 2 times (x 81B)
Class com.intellij.gradle.toolingExtension.impl.model.taskModel.GradleTaskModelBuilder: loaded 2 times (x 82B)
Class com.android.tools.idea.gradle.project.sync.GradleProject                        : loaded 2 times (x 71B)
Class com.intellij.openapi.util.io.FileTooBigException                                : loaded 2 times (x 78B)
Class com.android.tools.idea.gradle.model.IdeUnresolvedAndroidLibrary                 : loaded 2 times (x 66B)
Class com.android.tools.idea.gradle.project.sync.ModelResult                          : loaded 2 times (x 68B)
Class org.jetbrains.plugins.gradle.tooling.serialization.internal.adapter.InternalBuildEnvironment: loaded 2 times (x 76B)
Class [Lcom.android.tools.idea.gradle.project.sync.MeasurementCheckpoint;             : loaded 2 times (x 65B)
Class com.google.common.collect.SortedLists$KeyAbsentBehavior                         : loaded 2 times (x 76B)
Class [Lcom.google.common.collect.SortedLists$KeyAbsentBehavior;                      : loaded 2 times (x 65B)
Class com.android.tools.idea.gradle.project.sync.DefaultVariantsKt                    : loaded 2 times (x 67B)
Class com.android.tools.idea.gradle.project.sync.ModelFetchersKt                      : loaded 2 times (x 67B)
Class org.gradle.tooling.internal.consumer.converters.BackwardsCompatibleIdeaModuleDependency: loaded 2 times (x 66B)
Class com.android.tools.idea.gradle.project.sync.SelectedVariant                      : loaded 2 times (x 68B)
Class com.google.common.util.concurrent.AbstractFuture                                : loaded 2 times (x 102B)
Class com.google.common.base.FunctionalEquivalence                                    : loaded 2 times (x 79B)
Class com.google.common.collect.AbstractMapBasedMultimap                              : loaded 2 times (x 135B)
Class com.android.tools.idea.gradle.model.IdeJavaArtifactCore                         : loaded 2 times (x 66B)
Class org.jetbrains.kotlin.idea.gradleTooling.model.assignment.AssignmentModelBuilderService: loaded 2 times (x 81B)
Class com.intellij.compose.ide.plugin.gradleTooling.rt.ComposeResourcesModelBuilder   : loaded 2 times (x 74B)
Class org.jetbrains.kotlin.idea.gradleTooling.model.annotation.AnnotationBasedPluginModel: loaded 2 times (x 66B)
Class org.jetbrains.plugins.gradle.tooling.MessageReporter                            : loaded 2 times (x 66B)
Class com.intellij.gradle.toolingExtension.impl.model.dependencyDownloadPolicyModel.GradleDependencyDownloadPolicyCache: loaded 2 times (x 71B)
Class org.gradle.internal.impldep.com.google.common.collect.Multimap                  : loaded 2 times (x 66B)
Class com.android.ide.common.gradle.Module                                            : loaded 2 times (x 68B)
Class com.android.tools.idea.gradle.project.sync.AndroidSyncException                 : loaded 2 times (x 78B)
Class com.google.common.cache.LocalCache$ComputingValueReference                      : loaded 2 times (x 92B)
Class [Lio.opentelemetry.context.Scope;                                               : loaded 2 times (x 65B)
Class com.intellij.gradle.toolingExtension.modelAction.GradleModelFetchPhase          : loaded 2 times (x 75B)
Class org.gradle.tooling.model.GradleProject                                          : loaded 2 times (x 66B)
Class com.google.common.collect.ImmutableMultiset                                     : loaded 2 times (x 159B)
Class org.objectweb.asm.RecordComponentVisitor                                        : loaded 2 times (x 73B)
Class com.google.common.cache.CacheLoader$SupplierToCacheLoader                       : loaded 2 times (x 71B)
Class com.android.tools.idea.gradle.project.sync.AndroidExtraModelProviderWorker      : loaded 2 times (x 68B)
Class kotlin.text.MatchResult$Destructured                                            : loaded 2 times (x 68B)
Class org.jetbrains.plugins.gradle.model.DefaultGradleProperty                        : loaded 2 times (x 74B)
Class com.android.ide.common.repository.AgpVersion$PreviewKind$WhenMappings           : loaded 2 times (x 67B)
Class com.android.tools.idea.gradle.model.impl.IdeTestOptionsImpl                     : loaded 2 times (x 73B)
Class com.android.tools.idea.gradle.model.impl.IdeAndroidLibraryImpl$Companion        : loaded 2 times (x 67B)
Class com.android.tools.idea.gradle.project.sync.VariantDetailsKt                     : loaded 2 times (x 67B)
Class com.android.tools.idea.gradle.model.impl.IdeJavaLibraryImpl                     : loaded 2 times (x 88B)
Class com.google.common.base.Suppliers$SupplierOfInstance                             : loaded 2 times (x 75B)
Class org.objectweb.asm.Edge                                                          : loaded 2 times (x 68B)
Class io.opentelemetry.context.ThreadLocalContextStorage                              : loaded 2 times (x 81B)
Class com.android.tools.idea.gradle.project.sync.ModelCacheV2ImplKt$modelCacheV2Impl$1: loaded 2 times (x 76B)
Class [Lcom.android.tools.idea.gradle.project.upgrade.AndroidGradlePluginCompatibility;: loaded 2 times (x 65B)
Class org.gradle.tooling.model.eclipse.EclipseClasspathEntry                          : loaded 2 times (x 66B)
Class kotlin.text.MatchNamedGroupCollection                                           : loaded 2 times (x 66B)
Class com.android.tools.idea.gradle.model.impl.IdeCompositeBuildMapImpl               : loaded 2 times (x 72B)
Class org.gradle.internal.impldep.com.google.common.base.Optional                     : loaded 2 times (x 76B)
Class org.gradle.tooling.internal.adapter.ProtocolToModelAdapter$MixInTypeMappingAction: loaded 2 times (x 77B)
Class com.android.tools.idea.gradle.project.sync.ActionToRun                          : loaded 2 times (x 68B)
Class com.intellij.gradle.toolingExtension.impl.telemetry.GradleOpenTelemetry         : loaded 2 times (x 68B)
Class com.google.common.collect.Maps$EntryTransformer                                 : loaded 2 times (x 66B)
Class org.gradle.internal.service.ServiceLookupException                              : loaded 2 times (x 78B)
Class com.android.tools.idea.gradle.model.impl.IdeAndroidGradlePluginProjectFlagsImpl : loaded 2 times (x 79B)
Class org.gradle.internal.impldep.com.google.common.base.ExtraObjectsMethodsForWeb    : loaded 2 times (x 67B)
Class [Lcom.intellij.openapi.diagnostic.LogLevel;                                     : loaded 2 times (x 65B)
Class org.gradle.internal.impldep.com.google.common.collect.UnmodifiableListIterator  : loaded 2 times (x 91B)
Class org.jetbrains.kotlin.idea.gradleTooling.model.noarg.NoArgModelBuilderService    : loaded 2 times (x 81B)
Class org.jetbrains.plugins.gradle.tooling.builder.ProjectExtensionsDataBuilderImpl$Companion: loaded 2 times (x 67B)
Class org.jetbrains.plugins.gradle.DefaultExternalDependencyId                        : loaded 2 times (x 76B)
Class com.android.builder.model.v2.models.TestSuiteSourceDependenciesAdjacencyList    : loaded 2 times (x 66B)
Class kotlin.sequences.SequencesKt___SequencesKt$sortedWith$1                         : loaded 2 times (x 71B)
Class com.android.tools.idea.gradle.model.impl.IdeProjectPathImpl                     : loaded 2 times (x 73B)
Class com.google.common.util.concurrent.AbstractFuture$AtomicHelper                   : loaded 2 times (x 74B)
Class com.android.tools.idea.gradle.project.sync.GradleModule                         : loaded 2 times (x 70B)
Class org.objectweb.asm.SymbolTable$Entry                                             : loaded 2 times (x 70B)
Class com.android.tools.idea.gradle.project.sync.BasicNonAndroidIncompleteGradleModule: loaded 2 times (x 69B)
Class io.opentelemetry.context.ContextStorage                                         : loaded 2 times (x 66B)
Class com.intellij.gradle.toolingExtension.impl.model.projectModel.GradleExternalProjectModelProvider: loaded 2 times (x 75B)
Class [Lcom.google.common.cache.LocalCache$EntryFactory;                              : loaded 2 times (x 65B)
Class com.google.common.base.CharMatcher$JavaLetter                                   : loaded 2 times (x 107B)
Class org.gradle.internal.classloader.ClassLoaderFactory                              : loaded 2 times (x 66B)
Class com.intellij.platform.diagnostic.telemetry.rt.context.TelemetryContext          : loaded 2 times (x 130B)
Class [Lio.opentelemetry.context.ContextStorage;                                      : loaded 2 times (x 65B)
Class [Lio.opentelemetry.api.trace.TraceFlags;                                        : loaded 2 times (x 65B)
Class org.jetbrains.plugins.gradle.tooling.serialization.internal.adapter.kotlin.dsl.InternalKotlinDslScriptModel: loaded 2 times (x 80B)
Class com.android.builder.model.v2.ide.TestSuiteVariantTarget                         : loaded 2 times (x 66B)
Class com.android.tools.idea.gradle.model.IdeTestOptions$Execution                    : loaded 2 times (x 75B)
Class com.google.common.collect.ImmutableMap$SerializedForm                           : loaded 2 times (x 69B)
Class com.android.builder.model.v2.ide.UnresolvedDependency                           : loaded 2 times (x 66B)
Class com.android.tools.idea.gradle.model.IdeJavaLibrary                              : loaded 2 times (x 66B)
Class com.android.tools.idea.gradle.model.ClasspathType                               : loaded 2 times (x 75B)
Class com.google.common.base.JdkPattern                                               : loaded 2 times (x 71B)
Class com.android.tools.idea.gradle.project.sync.AndroidVariantResolver               : loaded 2 times (x 66B)
Class com.android.tools.idea.gradle.model.impl.IdeDependenciesInfoImpl                : loaded 2 times (x 71B)
Class org.gradle.tooling.internal.consumer.converters.EclipseProjectHasAutoBuildMixin : loaded 2 times (x 68B)
Class org.gradle.tooling.UnknownModelException                                        : loaded 2 times (x 79B)
Class com.google.common.cache.LocalCache$LocalManualCache                             : loaded 2 times (x 95B)
Class com.google.common.base.CommonPattern                                            : loaded 2 times (x 70B)
Class org.gradle.internal.service.CachingServiceLocator                               : loaded 2 times (x 78B)
Class org.jetbrains.kotlin.tooling.core.InternerImpl$Store                            : loaded 2 times (x 66B)
Class com.android.tools.idea.gradle.project.sync.SwitchVariantRequest                 : loaded 2 times (x 68B)
Class com.android.tools.idea.projectsystem.gradle.sync.PerformanceMeasurementUtilKt   : loaded 2 times (x 67B)
Class com.android.tools.idea.gradle.project.sync.AgpVersionTooNew                     : loaded 2 times (x 78B)
Class com.android.tools.idea.gradle.project.sync.DependencyGraphCompat$AdjacencyList  : loaded 2 times (x 68B)
Class com.android.tools.idea.gradle.model.IdeProjectPath                              : loaded 2 times (x 66B)
Class kotlin.jvm.internal.Intrinsics$Kotlin                                           : loaded 2 times (x 67B)
Class com.android.tools.idea.gradle.model.impl.IdeDependenciesCoreDirect              : loaded 2 times (x 74B)
Class kotlin.collections.AbstractList$SubList                                         : loaded 2 times (x 194B)
Class com.intellij.gradle.toolingExtension.impl.model.sourceSetArtifactIndex.GradleSourceSetArtifactIndexBuilder: loaded 2 times (x 82B)
Class org.gradle.tooling.model.idea.IdeaModule                                        : loaded 2 times (x 66B)
Class com.google.common.collect.AbstractMapBasedMultimap$KeySet                       : loaded 2 times (x 133B)
Class com.google.common.math.IntMath                                                  : loaded 2 times (x 67B)
Class com.intellij.gradle.toolingExtension.impl.model.buildScriptClasspathModel.GradleBuildScriptClasspathSerializationService$1: loaded 2 times (x 72B)
Class org.jetbrains.kotlin.idea.gradleTooling.model.kapt.KaptModelBuilderService      : loaded 2 times (x 82B)
Class com.intellij.openapi.externalSystem.model.project.ExternalSystemSourceType      : loaded 2 times (x 81B)
Class com.intellij.gradle.toolingExtension.impl.javaModel.manifestModel.DefaultJavaGradleManifestModel: loaded 2 times (x 72B)
Class com.intellij.gradle.toolingExtension.impl.modelBuilder.DefaultMessageReporter   : loaded 2 times (x 71B)
Class org.gradle.internal.impldep.com.google.common.collect.UnmodifiableIterator      : loaded 2 times (x 76B)
Class org.gradle.internal.classpath.ClassPath                                         : loaded 2 times (x 66B)
Class Settings_gradle$1                                                               : loaded 2 times (x 70B)
Class com.google.common.cache.CacheBuilder                                            : loaded 2 times (x 68B)
Class io.opentelemetry.api.trace.ImmutableTraceFlags                                  : loaded 2 times (x 73B)
Class org.gradle.tooling.internal.consumer.versioning.ModelMapping$DefaultModelIdentifier: loaded 2 times (x 72B)
Class com.intellij.openapi.util.io.FileUtilRt$RepeatableIOOperation                   : loaded 2 times (x 66B)
Class com.google.common.collect.Iterators$10                                          : loaded 2 times (x 77B)
Class com.google.common.base.CharMatcher$JavaDigit                                    : loaded 2 times (x 107B)
Class com.android.tools.idea.gradle.project.sync.BasicIncompleteGradleModule          : loaded 2 times (x 69B)
Class com.android.tools.idea.gradle.project.sync.ModelCacheV1ImplKt                   : loaded 2 times (x 67B)
Class com.android.tools.idea.gradle.model.ndk.v2.IdeNativeModule                      : loaded 2 times (x 66B)
Class org.jetbrains.plugins.gradle.tooling.ModelBuilderService$ParameterizedModelBuilderService: loaded 2 times (x 66B)
Class org.jetbrains.plugins.gradle.tooling.builder.EarModelBuilderImpl                : loaded 2 times (x 82B)
Class org.jetbrains.plugins.gradle.tooling.ModelBuilderService                        : loaded 2 times (x 66B)
Class com.android.tools.idea.gradle.project.sync.IdeSyncExecutionReport               : loaded 2 times (x 67B)
Class com.android.tools.idea.gradle.project.sync.FetchedVariantResult$Finished        : loaded 2 times (x 68B)
Class com.android.tools.idea.gradle.project.sync.ModelCacheV2ImplKt$WhenMappings      : loaded 2 times (x 67B)
Class org.jetbrains.kotlin.idea.gradleTooling.PrepareKotlinIdeaImportTaskModelBuilder$Companion: loaded 2 times (x 67B)
Class com.google.common.base.ExtraObjectsMethodsForWeb                                : loaded 2 times (x 67B)
Class com.intellij.gradle.toolingExtension.impl.model.warmUp.GradleTaskWarmUpModelProvider: loaded 2 times (x 73B)
Class org.gradle.tooling.model.idea.IdeaSourceDirectory                               : loaded 2 times (x 66B)
Class org.gradle.tooling.model.cpp.CppComponent                                       : loaded 2 times (x 66B)
Class org.gradle.tooling.model.Launchable                                             : loaded 2 times (x 66B)
Class com.google.common.base.Equivalence                                              : loaded 2 times (x 78B)
Class org.gradle.kotlin.dsl.Accessors377twfxlhpj2n65rquy9ybeqsKt                      : loaded 2 times (x 67B)
Class com.android.tools.idea.gradle.model.impl.IdeBasicVariantImpl                    : loaded 2 times (x 75B)
Class org.jetbrains.plugins.gradle.tooling.builder.MavenRepositoriesModelBuilder      : loaded 2 times (x 77B)
Class org.jetbrains.kotlin.idea.gradleTooling.KotlinDslScriptTaskModelBuilder$Companion: loaded 2 times (x 67B)
Class com.intellij.gradle.toolingExtension.impl.javaModel.manifestModel.JavaGradleManifestModelBuilder: loaded 2 times (x 82B)
Class com.android.tools.idea.gradle.model.CodeShrinker                                : loaded 2 times (x 75B)
Class com.android.tools.idea.gradle.project.sync.SyncVariantResultSuccess             : loaded 2 times (x 68B)
Class com.android.tools.idea.gradle.project.sync.FetchedVariant                       : loaded 2 times (x 68B)
Class com.android.tools.idea.gradle.model.impl.IdeSigningConfigImpl                   : loaded 2 times (x 74B)
Class org.jetbrains.plugins.gradle.tooling.builder.EarModelBuilderImplKt              : loaded 2 times (x 67B)
Class com.android.builder.model.v2.models.SourceType                                  : loaded 2 times (x 75B)
Class com.android.tools.idea.gradle.project.sync.SyncProjectActionWorker              : loaded 2 times (x 68B)
Class com.intellij.gradle.toolingExtension.impl.model.dependencyModel.auxiliary.AuxiliaryArtifactResolver: loaded 2 times (x 66B)
Class org.jetbrains.plugins.gradle.model.ExternalFilter                               : loaded 2 times (x 66B)
Class org.gradle.internal.classpath.DefaultClassPath$ImmutableUniqueList              : loaded 2 times (x 195B)
Class org.gradle.api.internal.ClassPathRegistry                                       : loaded 2 times (x 66B)
Class com.android.tools.idea.gradle.project.sync.SingleVariantSyncActionOptions       : loaded 2 times (x 69B)
Class com.google.common.cache.CacheBuilder$OneWeigher                                 : loaded 2 times (x 78B)
Class com.google.common.primitives.IntsMethodsForWeb                                  : loaded 2 times (x 67B)
Class com.google.common.collect.ImmutableMultimap$Keys                                : loaded 2 times (x 162B)
Class org.gradle.kotlin.dsl.TestImplementationConfigurationAccessorsKt                : loaded 2 times (x 67B)
Class org.jetbrains.kotlin.idea.gradleTooling.AndroidAwareGradleModelProvider$Result  : loaded 2 times (x 68B)
Class org.gradle.tooling.internal.consumer.connection.UnparameterizedBuildController  : loaded 2 times (x 97B)
Class io.opentelemetry.api.internal.AutoValue_ImmutableSpanContext                    : loaded 2 times (x 88B)
Class com.android.tools.idea.gradle.model.IdeDependencyCore                           : loaded 2 times (x 66B)
Class com.android.builder.model.v2.models.BaseTestSuiteSourceIdentity                 : loaded 2 times (x 66B)
Class com.android.tools.idea.gradle.project.sync.AndroidModule                        : loaded 2 times (x 70B)
Class kotlin.text.MatchResult$DefaultImpls                                            : loaded 2 times (x 67B)
Class com.intellij.gradle.toolingExtension.impl.modelSerialization.SerializationServiceNotFoundException: loaded 2 times (x 78B)
Class com.android.tools.idea.projectsystem.gradle.sync.Counter$time$1                 : loaded 2 times (x 74B)
Class org.jetbrains.plugins.gradle.model.MavenRepositoryModel                         : loaded 2 times (x 66B)
Class com.android.tools.idea.projectsystem.gradle.sync.Counter                        : loaded 2 times (x 68B)
Class org.jetbrains.kotlin.gradle.idea.tcs.IdeaKotlinDependency                       : loaded 2 times (x 66B)
Class com.google.common.collect.ImmutableBiMapFauxverideShim                          : loaded 2 times (x 116B)
Class org.gradle.internal.classloader.ClasspathUtil                                   : loaded 2 times (x 67B)
Class com.intellij.gradle.toolingExtension.impl.model.buildScriptClasspathModel.DefaultGradleBuildScriptClasspathModel: loaded 2 times (x 79B)
Class com.intellij.gradle.toolingExtension.impl.model.sourceSetDependencyModel.GradleSourceSetDependencyResolver: loaded 2 times (x 68B)
Class org.jetbrains.plugins.gradle.model.DefaultExternalProject                       : loaded 2 times (x 91B)
Class com.android.tools.idea.gradle.project.sync.ArtifactDependenciesCompat$AdjacencyList: loaded 2 times (x 68B)
Class com.intellij.gradle.toolingExtension.impl.model.sourceSetDependencyModel.GradleSourceSetDependencyModelBuilder: loaded 2 times (x 82B)
Class com.android.tools.idea.gradle.project.sync.ModelCacheV2ImplKt$modelCacheV2Impl$createFromDependencies$1$LibrariesByType: loaded 2 times (x 68B)
Class com.android.tools.idea.gradle.model.IdeAndroidGradlePluginProjectFlags          : loaded 2 times (x 66B)
Class org.jetbrains.plugins.gradle.tooling.serialization.internal.IdeaProjectSerializationService$JavaHomePathGetter: loaded 2 times (x 71B)
Class com.intellij.gradle.toolingExtension.impl.model.dependencyDownloadPolicyModel.GradleDependencyDownloadPolicyBuilder: loaded 2 times (x 82B)
Class com.android.tools.idea.gradle.project.sync.AgpCompatibilityKt$WhenMappings      : loaded 2 times (x 67B)
Class com.google.common.collect.ComparisonChain                                       : loaded 2 times (x 76B)
Class com.android.tools.idea.projectsystem.gradle.sync.Counter$time$2                 : loaded 2 times (x 74B)
Class org.gradle.tooling.internal.consumer.converters.GradleProjectIdentifierMixin    : loaded 2 times (x 69B)
Class com.intellij.util.ReflectionUtilRt                                              : loaded 2 times (x 67B)
Class org.jetbrains.kotlin.tooling.core.HasExtras                                     : loaded 2 times (x 66B)
Class org.jetbrains.kotlin.idea.gradleTooling.KotlinMPPGradleModel$Companion          : loaded 2 times (x 67B)
Class org.objectweb.asm.tree.MethodNode                                               : loaded 2 times (x 105B)
Class com.google.common.base.Charsets                                                 : loaded 2 times (x 67B)
Class com.google.common.util.concurrent.Uninterruptibles                              : loaded 2 times (x 67B)
Class com.intellij.gradle.toolingExtension.impl.model.dependencyModel.auxiliary.LegacyAuxiliaryArtifactResolver: loaded 2 times (x 72B)
Class org.gradle.api.internal.DefaultClassPathRegistry                                : loaded 2 times (x 72B)
Class com.google.common.cache.RemovalListener                                         : loaded 2 times (x 66B)
Class com.android.tools.idea.gradle.project.sync.SyncActionRunnerKt                   : loaded 2 times (x 67B)
Class org.jetbrains.plugins.gradle.tooling.AbstractModelBuilderService                : loaded 2 times (x 82B)
Class org.gradle.internal.impldep.com.google.common.collect.ImmutableList             : loaded 2 times (x 202B)
Class kotlin.sequences.DistinctSequence                                               : loaded 2 times (x 71B)
Class com.android.tools.idea.gradle.project.sync.FetchedVariantResult$InProgress      : loaded 2 times (x 67B)
Class com.android.tools.idea.gradle.project.sync.ModelCacheKt                         : loaded 2 times (x 67B)
Class [Lorg.gradle.tooling.internal.adapter.MethodInvoker;                            : loaded 2 times (x 65B)
Class io.opentelemetry.context.propagation.TextMapGetter                              : loaded 2 times (x 66B)
Class com.google.common.base.NullnessCasts                                            : loaded 2 times (x 67B)
Class com.google.common.util.concurrent.AbstractFuture$Cancellation                   : loaded 2 times (x 68B)
Class com.android.tools.idea.gradle.project.sync.SyncActionOptions                    : loaded 2 times (x 68B)
Class com.google.common.collect.Maps                                                  : loaded 2 times (x 67B)
Class com.google.common.base.CharMatcher$JavaUpperCase                                : loaded 2 times (x 107B)
Class org.gradle.api.specs.Spec                                                       : loaded 2 times (x 66B)
Class org.gradle.tooling.internal.adapter.ProtocolToModelAdapter$BeanMixInMethodInvoker: loaded 2 times (x 72B)
Class org.jetbrains.kotlin.tooling.core.InternerImpl                                  : loaded 2 times (x 72B)
Class com.intellij.gradle.toolingExtension.impl.modelAction.GradleModelId             : loaded 2 times (x 68B)
Class com.android.builder.model.v2.ide.JUnitEngineInfo                                : loaded 2 times (x 66B)
Class com.android.tools.idea.gradle.project.sync.AndroidModule$V2                     : loaded 2 times (x 70B)
Class sync_studio_tooling803_1g3uqv76u4u5nqedn2vpx9fgd$_run_closure1                  : loaded 2 times (x 132B)
Class com.google.common.cache.Cache                                                   : loaded 2 times (x 66B)
Class io.opentelemetry.context.ThreadLocalContextStorage$ScopeImpl                    : loaded 2 times (x 75B)
Class com.google.common.cache.LocalCache$Strength                                     : loaded 2 times (x 77B)
Class com.google.common.base.Stopwatch                                                : loaded 2 times (x 68B)
Class io.opentelemetry.api.trace.TraceStateBuilder                                    : loaded 2 times (x 66B)
Class org.jetbrains.plugins.gradle.tooling.builder.WarModelBuilderImpl                : loaded 2 times (x 82B)
Class com.intellij.gradle.toolingExtension.impl.modelBuilder.ExtraModelBuilder        : loaded 2 times (x 81B)
Class org.jetbrains.plugins.gradle.model.GradleLightBuild                             : loaded 2 times (x 66B)
Class com.android.tools.idea.gradle.model.IdeUnresolvedLibrary                        : loaded 2 times (x 66B)
Class com.android.tools.idea.gradle.project.sync.ModelCacheV2ImplKt$modelCacheV2Impl$variantCoreFrom$6: loaded 2 times (x 121B)
Class com.android.tools.idea.gradle.model.impl.BuildFolderPaths                       : loaded 2 times (x 68B)
Class com.intellij.gradle.toolingExtension.impl.modelAction.GradleModelHolderState    : loaded 2 times (x 74B)
Class com.google.common.cache.LocalCache$LoadingValueReference                        : loaded 2 times (x 92B)
Class org.jetbrains.plugins.gradle.model.DefaultGradleLightProject                    : loaded 2 times (x 78B)
Class com.android.tools.idea.gradle.project.sync.AndroidModule$V1                     : loaded 2 times (x 70B)
Class com.intellij.openapi.util.SystemInfoRt                                          : loaded 2 times (x 67B)
Class com.intellij.openapi.diagnostic.Logger                                          : loaded 2 times (x 95B)
Class kotlin.sequences.DistinctIterator                                               : loaded 2 times (x 79B)
Class com.android.tools.idea.gradle.project.sync.DeliverableAndroidModule             : loaded 2 times (x 72B)
Class com.intellij.gradle.toolingExtension.impl.model.buildScriptClasspathModel.GradleBuildScriptClasspathModelBuilder: loaded 2 times (x 82B)
Class org.gradle.internal.impldep.com.google.common.collect.PeekingIterator           : loaded 2 times (x 66B)
Class org.jetbrains.plugins.gradle.tooling.builder.IntelliJSettingsBuilder            : loaded 2 times (x 74B)
Class org.gradle.cache.GlobalCache                                                    : loaded 2 times (x 66B)
Class com.intellij.gradle.toolingExtension.impl.modelSerialization.DefaultSerializationService: loaded 2 times (x 72B)
Class io.opentelemetry.api.trace.SpanBuilder                                          : loaded 2 times (x 66B)
Class io.opentelemetry.api.DefaultOpenTelemetry                                       : loaded 2 times (x 85B)
Class org.gradle.api.internal.classpath.UnknownModuleException                        : loaded 2 times (x 78B)
Class org.gradle.tooling.model.BuildModel                                             : loaded 2 times (x 66B)
Class com.google.common.base.Platform                                                 : loaded 2 times (x 67B)
Class com.google.common.cache.Weigher                                                 : loaded 2 times (x 66B)
Class com.android.tools.idea.gradle.project.sync.AndroidExtraModelProvider            : loaded 2 times (x 75B)
Class org.jetbrains.plugins.gradle.tooling.serialization.RepositoriesModelSerializationService$1: loaded 2 times (x 72B)
Class org.gradle.tooling.internal.consumer.versioning.VersionDetails$R48VersionDetails: loaded 2 times (x 76B)
Class com.android.tools.idea.gradle.project.sync.BuildModelsAndMap                    : loaded 2 times (x 68B)
Class org.gradle.internal.impldep.com.google.common.collect.ImmutableCollection       : loaded 2 times (x 121B)
Class com.android.tools.idea.gradle.model.IdeDependenciesCore                         : loaded 2 times (x 66B)
Class com.android.tools.idea.gradle.model.impl.IdeDependenciesImplKt                  : loaded 2 times (x 67B)
Class com.android.builder.model.v2.models.BasicTestSuite                              : loaded 2 times (x 66B)
Class [Lcom.android.tools.idea.gradle.model.IdeAaptOptions$Namespacing;               : loaded 2 times (x 65B)
Class com.android.tools.idea.gradle.model.impl.IdeDependencyCoreImpl                  : loaded 2 times (x 72B)
Class com.android.tools.idea.gradle.project.sync.AgpVersionIncompatible               : loaded 2 times (x 78B)
Class com.intellij.openapi.util.Comparing                                             : loaded 2 times (x 67B)
Class com.android.tools.idea.gradle.project.sync.ModelVersion                         : loaded 2 times (x 71B)
Class com.intellij.openapi.externalSystem.model.project.dependencies.ArtifactDependencyNodeImpl: loaded 2 times (x 91B)
Class com.intellij.gradle.toolingExtension.impl.util.GradleObjectUtil                 : loaded 2 times (x 67B)
Class io.opentelemetry.context.propagation.TextMapPropagator                          : loaded 2 times (x 66B)
Class org.gradle.api.internal.classpath.Module                                        : loaded 2 times (x 66B)
Class org.gradle.tooling.model.java.InstalledJdk                                      : loaded 2 times (x 66B)
Class com.intellij.openapi.diagnostic.Logger$Factory                                  : loaded 2 times (x 66B)
Class com.intellij.gradle.toolingExtension.impl.model.sourceSetArtifactIndex.GradleSourceSetArtifactModel: loaded 2 times (x 72B)
Class com.google.common.collect.ArrayListMultimapGwtSerializationDependencies         : loaded 2 times (x 168B)
Class [Lorg.objectweb.asm.AnnotationWriter;                                           : loaded 2 times (x 65B)
Class com.google.common.primitives.Ints$IntConverter                                  : loaded 2 times (x 86B)
Class com.google.common.collect.Maps$8                                                : loaded 2 times (x 78B)
Class com.google.common.collect.Multiset                                              : loaded 2 times (x 66B)
Class com.google.common.math.MathPreconditions                                        : loaded 2 times (x 67B)
Class com.intellij.openapi.externalSystem.model.ExternalSystemException               : loaded 2 times (x 82B)
Class com.intellij.openapi.util.io.FileUtilRt$SymlinkResolver                         : loaded 2 times (x 66B)
Class com.android.tools.idea.gradle.model.IdeJavaCompileOptions                       : loaded 2 times (x 66B)
Class com.android.tools.idea.gradle.project.sync.ModelCacheV2ImplKt$modelCacheV2Impl$variantCoreFrom$9: loaded 2 times (x 121B)
Class org.jetbrains.kotlin.idea.projectModel.KotlinTarget                             : loaded 2 times (x 66B)
Class com.android.tools.idea.gradle.model.IdeArtifactName$Companion                   : loaded 2 times (x 67B)
Class io.opentelemetry.api.GlobalOpenTelemetry$ObfuscatedOpenTelemetry                : loaded 2 times (x 88B)
Class io.opentelemetry.api.internal.IncubatingUtil                                    : loaded 2 times (x 67B)
Class com.android.tools.idea.gradle.model.ResolverType                                : loaded 2 times (x 75B)
Class org.jetbrains.kotlin.idea.gradleTooling.MultiplatformModelImportingChecker      : loaded 2 times (x 66B)
Class com.google.common.primitives.Ints                                               : loaded 2 times (x 67B)
Class org.gradle.tooling.internal.consumer.connection.InternalPhasedActionAdapter     : loaded 2 times (x 74B)
Class io.opentelemetry.context.ArrayBasedContext                                      : loaded 2 times (x 96B)
Class org.jetbrains.kotlin.tooling.core.Extras                                        : loaded 2 times (x 66B)
Class com.google.common.collect.Sets$SetView                                          : loaded 2 times (x 134B)
Class com.google.common.cache.LocalCache$StrongValueReference                         : loaded 2 times (x 86B)
Class com.google.common.util.concurrent.AbstractFuture$SynchronizedHelper             : loaded 2 times (x 74B)
Class com.google.common.base.CharMatcher$Invisible                                    : loaded 2 times (x 108B)
Class org.jetbrains.plugins.gradle.model.DefaultUnresolvedExternalDependency          : loaded 2 times (x 107B)
Class io.opentelemetry.context.DefaultContextKey                                      : loaded 2 times (x 68B)
Class com.intellij.gradle.toolingExtension.impl.util.GradleTreeTraverserUtil          : loaded 2 times (x 67B)
Class org.jetbrains.plugins.gradle.tooling.serialization.internal.IdeaProjectSerializationService$1: loaded 2 times (x 72B)
Class org.jetbrains.plugins.gradle.model.GradleConvention                             : loaded 2 times (x 66B)
Class com.android.tools.idea.gradle.project.sync.LibraryIdentity$LibraryIdentityProvider: loaded 2 times (x 68B)
Class org.gradle.tooling.model.SourceDirectory                                        : loaded 2 times (x 66B)
Class com.intellij.openapi.util.io.FileUtilRt                                         : loaded 2 times (x 67B)
Class com.android.ide.common.repository.AgpVersion                                    : loaded 2 times (x 71B)
Class org.gradle.tooling.model.idea.IdeaSingleEntryLibraryDependency                  : loaded 2 times (x 66B)
Class org.gradle.tooling.model.ExternalDependency                                     : loaded 2 times (x 66B)
Class com.android.tools.idea.gradle.project.sync.ModelConsumerVersion                 : loaded 2 times (x 71B)
Class org.objectweb.asm.Type                                                          : loaded 2 times (x 68B)
Class org.gradle.internal.classloader.VisitableURLClassLoader$InstrumentingVisitableURLClassLoader: loaded 2 times (x 119B)
Class org.gradle.kotlin.dsl.AndroidTestImplementationConfigurationAccessorsKt         : loaded 2 times (x 67B)
Class com.android.tools.idea.gradle.model.IdeCustomSourceDirectory                    : loaded 2 times (x 66B)
Class org.gradle.internal.impldep.com.google.common.collect.Iterators$ArrayItr        : loaded 2 times (x 93B)
Class org.jetbrains.plugins.gradle.tooling.serialization.internal.IdeaProjectSerializationService$2: loaded 2 times (x 73B)
Class com.android.tools.idea.gradle.project.sync.AllVariantsSyncActionOptions         : loaded 2 times (x 69B)
Class com.android.tools.idea.gradle.model.impl.IdeProductFlavorImpl                   : loaded 2 times (x 95B)
Class org.jetbrains.kotlin.idea.gradleTooling.model.lombok.LombokModel                : loaded 2 times (x 66B)
Class org.jetbrains.plugins.gradle.tooling.internal.DefaultRepositoryModels           : loaded 2 times (x 72B)
Class org.gradle.api.internal.classpath.DefaultModuleRegistry$DefaultModule           : loaded 2 times (x 82B)
Class org.objectweb.asm.FieldVisitor                                                  : loaded 2 times (x 72B)
Class com.google.common.base.Objects                                                  : loaded 2 times (x 67B)
Class io.opentelemetry.context.ImplicitContextKeyed                                   : loaded 2 times (x 66B)
Class com.android.tools.idea.gradle.project.sync.ModuleId                             : loaded 2 times (x 68B)
Class com.android.tools.idea.gradle.model.IdeBuildType                                : loaded 2 times (x 66B)
Class io.opentelemetry.api.trace.SpanId                                               : loaded 2 times (x 67B)
Class com.intellij.gradle.toolingExtension.impl.model.taskModel.GradleTaskModelProvider: loaded 2 times (x 74B)
Class org.objectweb.asm.ByteVector                                                    : loaded 2 times (x 74B)
Class [Lcom.google.common.cache.CacheBuilder$NullListener;                            : loaded 2 times (x 65B)
Class com.google.common.math.IntMath$1                                                : loaded 2 times (x 67B)
Class org.gradle.internal.classloader.VisitableURLClassLoader$Spec                    : loaded 2 times (x 70B)
Class org.gradle.internal.classpath.DefaultClassPath                                  : loaded 2 times (x 86B)
Class com.android.tools.idea.gradle.project.sync.ArtifactRef                          : loaded 2 times (x 67B)
Class sync_studio_tooling780_d8np0jk129u2hsqgg8rkxvx30$_run_closure1                  : loaded 2 times (x 132B)
Class org.jetbrains.plugins.gradle.tooling.util.BooleanBiFunction                     : loaded 2 times (x 66B)
Class com.android.tools.idea.gradle.project.sync.VariantSelectionChange               : loaded 2 times (x 68B)
Class com.android.tools.idea.gradle.project.sync.GradleModulesKt                      : loaded 2 times (x 67B)
Class com.intellij.gradle.toolingExtension.impl.model.sourceSetArtifactIndex.GradleSourceSetArtifactIndex: loaded 2 times (x 74B)
Class org.jetbrains.kotlin.idea.gradleTooling.KotlinMPPGradleModelBinary              : loaded 2 times (x 66B)
Class com.android.tools.idea.gradle.project.sync.InternedModels$nameLibraries$IdeModelAndReferenceAndIdentity: loaded 2 times (x 71B)
Class com.intellij.openapi.externalSystem.model.project.dependencies.ArtifactDependencyNode: loaded 2 times (x 66B)
Class org.gradle.internal.impldep.com.google.common.collect.Iterators$MergingIterator : loaded 2 times (x 77B)
Class org.jetbrains.plugins.gradle.tooling.serialization.internal.IdeaProjectSerializationService$3: loaded 2 times (x 73B)
Class com.android.tools.idea.gradle.model.IdeAndroidLibrary                           : loaded 2 times (x 66B)
Class org.jetbrains.plugins.gradle.tooling.serialization.internal.IdeaProjectSerializationService$WriteContext$FilePathComparator: loaded 2 times (x 87B)
Class [Lcom.android.tools.idea.gradle.project.sync.AndroidModule$NativeModelVersion;  : loaded 2 times (x 65B)
Class com.android.tools.idea.gradle.model.impl.IdeAaptOptionsImpl                     : loaded 2 times (x 71B)
Class com.intellij.gradle.toolingExtension.impl.model.projectModel.GradleExternalProjectModelBuilder: loaded 2 times (x 82B)
Class org.jetbrains.kotlin.idea.gradleTooling.KotlinMPPGradleModelBuilder$Companion   : loaded 2 times (x 67B)
Class org.gradle.internal.classloader.ClasspathUtil$1                                 : loaded 2 times (x 72B)
Class com.google.common.cache.CacheLoader$UnsupportedLoadingOperationException        : loaded 2 times (x 78B)
Class org.objectweb.asm.ClassWriter                                                   : loaded 2 times (x 100B)
Class com.google.common.collect.AbstractMapBasedMultimap$KeySet$1                     : loaded 2 times (x 78B)
Class io.opentelemetry.context.ThreadLocalContextStorage$NoopScope                    : loaded 2 times (x 81B)
Class [Lio.opentelemetry.context.ThreadLocalContextStorage$NoopScope;                 : loaded 2 times (x 65B)
Class org.gradle.tooling.internal.consumer.versioning.VersionDetails$R26VersionDetails: loaded 2 times (x 76B)
Class org.objectweb.asm.Symbol                                                        : loaded 2 times (x 69B)
Class com.google.common.base.AbstractIterator                                         : loaded 2 times (x 76B)
Class org.jetbrains.kotlin.idea.gradleTooling.KotlinDslScriptTaskModelBuilder         : loaded 2 times (x 82B)
Class org.gradle.internal.impldep.com.google.common.collect.Lists                     : loaded 2 times (x 67B)
Class com.android.tools.idea.gradle.project.sync.MeasurementCheckpoint                : loaded 2 times (x 75B)
Class com.android.builder.model.v2.models.ndk.NativeBuildSystem                       : loaded 2 times (x 75B)
Class com.android.ide.common.gradle.Separator                                         : loaded 2 times (x 75B)
Class org.jetbrains.plugins.gradle.model.DefaultDependencyAccessorsModel              : loaded 2 times (x 72B)
Class com.android.tools.idea.gradle.model.IdeCompositeBuildMap                        : loaded 2 times (x 66B)
Class org.gradle.tooling.model.cpp.CppBinary                                          : loaded 2 times (x 66B)
Class [Lio.opentelemetry.context.ThreadLocalContextStorage;                           : loaded 2 times (x 65B)
Class com.google.common.base.CharMatcher$Ascii                                        : loaded 2 times (x 108B)
Class org.gradle.internal.classloader.ClassLoaderSpec                                 : loaded 2 times (x 67B)
Class org.jetbrains.plugins.gradle.model.DefaultExternalProjectDependency             : loaded 2 times (x 116B)
Class org.jetbrains.kotlin.tooling.core.InternerKt                                    : loaded 2 times (x 67B)
Class org.gradle.internal.InternalTransformer                                         : loaded 2 times (x 66B)
Class com.google.common.base.CharMatcher$JavaLetterOrDigit                            : loaded 2 times (x 107B)
Class org.jetbrains.plugins.gradle.tooling.builder.IntelliJProjectSettingsBuilder     : loaded 2 times (x 74B)
Class org.gradle.internal.impldep.com.google.common.collect.Iterators$SingletonIterator: loaded 2 times (x 77B)
Class com.android.tools.idea.gradle.model.IdeSyncIssue                                : loaded 2 times (x 66B)
Class com.android.tools.idea.gradle.model.LibraryReference                            : loaded 2 times (x 68B)
Class com.android.tools.idea.gradle.model.IdeAaptOptions                              : loaded 2 times (x 66B)
Class com.android.builder.model.v2.ide.TestSuite                                      : loaded 2 times (x 66B)
Class com.google.common.collect.SortedLists$KeyAbsentBehavior$1                       : loaded 2 times (x 76B)
Class org.jetbrains.plugins.gradle.model.DefaultGradleLightBuild                      : loaded 2 times (x 78B)
Class com.android.tools.idea.gradle.project.sync.Modules                              : loaded 2 times (x 67B)
Class org.jetbrains.kotlin.idea.gradleTooling.IdeaKpmProjectProvider                  : loaded 2 times (x 74B)
Class org.objectweb.asm.AnnotationWriter                                              : loaded 2 times (x 74B)
Class com.google.common.cache.CacheStats                                              : loaded 2 times (x 67B)
Class com.android.builder.model.v2.ide.BasicTestSuiteArtifact                         : loaded 2 times (x 66B)
Class com.intellij.gradle.toolingExtension.impl.model.resourceFilterModel.GradleResourceFilterModelBuilder: loaded 2 times (x 67B)
Class com.android.builder.model.v2.ide.TestSuiteTestInfo                              : loaded 2 times (x 66B)
Class org.jetbrains.kotlin.idea.gradleTooling.KotlinGradleModelBuilder                : loaded 2 times (x 82B)
Class org.jetbrains.plugins.gradle.tooling.serialization.internal.IdeaProjectSerializationService$6: loaded 2 times (x 72B)
Class com.android.tools.idea.gradle.model.impl.IdeUnresolvedLibraryTableImpl          : loaded 2 times (x 71B)
Class [Lcom.android.tools.idea.gradle.model.ClasspathType;                            : loaded 2 times (x 65B)
Class [Lcom.android.builder.model.v2.models.ndk.NativeBuildSystem;                    : loaded 2 times (x 65B)
Class com.google.common.util.concurrent.UncheckedExecutionException                   : loaded 2 times (x 78B)
Class [Lcom.android.tools.idea.gradle.model.IdeArtifactName;                          : loaded 2 times (x 65B)
Class com.google.common.collect.SortedLists$KeyAbsentBehavior$2                       : loaded 2 times (x 76B)
Class com.google.common.collect.Cut$AboveAll                                          : loaded 2 times (x 84B)
Class io.opentelemetry.api.trace.DefaultTracerProvider                                : loaded 2 times (x 75B)
Class org.gradle.tooling.internal.consumer.converters.FixedBuildIdentifierProvider    : loaded 2 times (x 71B)
Class io.opentelemetry.context.ForwardingExecutorService                              : loaded 2 times (x 100B)
Class com.android.tools.idea.gradle.project.sync.SyncCounters                         : loaded 2 times (x 68B)
Class org.jetbrains.plugins.gradle.model.DefaultBuildController                       : loaded 2 times (x 94B)
Class com.google.common.base.CharMatcher$RangesMatcher                                : loaded 2 times (x 108B)
Class io.opentelemetry.api.trace.Tracer                                               : loaded 2 times (x 66B)
Class com.google.common.util.concurrent.AbstractFuture$Trusted                        : loaded 2 times (x 66B)
Class com.intellij.gradle.toolingExtension.modelProvider.GradleClassBuildModelProvider: loaded 2 times (x 76B)
Class com.google.common.collect.ImmutableMultisetGwtSerializationDependencies         : loaded 2 times (x 121B)
Class org.objectweb.asm.RecordComponentWriter                                         : loaded 2 times (x 74B)
Class com.google.common.util.concurrent.AbstractFuture$Listener                       : loaded 2 times (x 68B)
Class Settings_gradle$1$1                                                             : loaded 2 times (x 70B)
Class com.intellij.gradle.toolingExtension.impl.model.warmUp.GradleTaskWarmUpService  : loaded 2 times (x 82B)
Class com.intellij.gradle.toolingExtension.impl.modelBuilder.DefaultModelBuilderContext: loaded 2 times (x 73B)
Class org.jetbrains.plugins.gradle.tooling.serialization.internal.IdeaProjectSerializationService$7: loaded 2 times (x 72B)
Class com.android.tools.idea.gradle.project.sync.DeliverableJavaModule                : loaded 2 times (x 72B)
Class com.intellij.openapi.util.io.FileUtil                                           : loaded 2 times (x 67B)
Class com.android.ide.common.gradle.Version$Companion$ParseState                      : loaded 2 times (x 66B)
Class org.jetbrains.kotlin.idea.gradleTooling.KotlinGradlePluginVersion               : loaded 2 times (x 66B)
Class com.android.builder.model.v2.ide.TestSuiteArtifact                              : loaded 2 times (x 66B)
Class com.google.common.collect.SortedLists$KeyAbsentBehavior$3                       : loaded 2 times (x 76B)
Class com.android.tools.idea.gradle.model.impl.IdeBuildImpl                           : loaded 2 times (x 72B)
Class com.intellij.gradle.toolingExtension.impl.modelAction.GradleDaemonModelHolder$1 : loaded 2 times (x 74B)
Class org.jetbrains.plugins.gradle.tooling.builder.ProjectExtensionsDataBuilderImpl   : loaded 2 times (x 74B)
Class io.opentelemetry.api.trace.ArrayBasedTraceState                                 : loaded 2 times (x 82B)
Class io.opentelemetry.context.ContextKey                                             : loaded 2 times (x 66B)
Class io.opentelemetry.context.propagation.TextMapSetter                              : loaded 2 times (x 66B)
Class com.android.tools.idea.gradle.project.sync.AndroidExtraModelProviderImpl        : loaded 2 times (x 68B)
Class [Lorg.objectweb.asm.Label;                                                      : loaded 2 times (x 65B)
Class org.objectweb.asm.Attribute                                                     : loaded 2 times (x 73B)
Class com.google.common.base.Supplier                                                 : loaded 2 times (x 66B)
Class org.gradle.internal.classloader.VisitableURLClassLoader                         : loaded 2 times (x 113B)
Class com.intellij.gradle.toolingExtension.impl.util.collectionUtil.GradleCollections : loaded 2 times (x 67B)
Class com.google.common.util.concurrent.AbstractFuture$UnsafeAtomicHelper$1           : loaded 2 times (x 72B)
Class io.opentelemetry.api.trace.DefaultTracer$NoopSpanBuilder                        : loaded 2 times (x 87B)
Class io.opentelemetry.api.trace.SpanContext                                          : loaded 2 times (x 66B)
Class com.android.tools.idea.gradle.model.IdeBasicVariant                             : loaded 2 times (x 66B)
Class org.jetbrains.kotlin.idea.gradleTooling.model.allopen.AllOpenModelBuilderService: loaded 2 times (x 81B)
Class com.google.common.collect.ImmutableList$SerializedForm                          : loaded 2 times (x 69B)
Class org.jetbrains.plugins.gradle.tooling.serialization.internal.IdeaProjectSerializationService$8: loaded 2 times (x 72B)
Class com.intellij.openapi.util.io.FileUtil$1                                         : loaded 2 times (x 73B)
Class com.android.ide.common.repository.AgpVersion$Companion                          : loaded 2 times (x 67B)
Class com.android.tools.idea.gradle.model.impl.IdeJavaCompileOptionsImpl              : loaded 2 times (x 74B)
Class com.android.ide.common.gradle.Component                                         : loaded 2 times (x 68B)
Class org.jetbrains.plugins.gradle.tooling.serialization.internal.IdeaProjectSerializationService$TestResourceDirectoriesGetter: loaded 2 times (x 71B)
Class com.intellij.gradle.toolingExtension.impl.modelSerialization.ToolingSerializer  : loaded 2 times (x 68B)
Class com.intellij.gradle.toolingExtension.impl.util.javaPluginUtil.JavaPluginAccessor: loaded 2 times (x 66B)
Class com.google.common.cache.LocalCache$2                                            : loaded 2 times (x 138B)
Class org.gradle.tooling.model.eclipse.EclipseProject                                 : loaded 2 times (x 66B)
Class com.google.common.collect.Sets$ImprovedAbstractSet                              : loaded 2 times (x 131B)
Class com.google.common.util.concurrent.AbstractFuture$Waiter                         : loaded 2 times (x 68B)
Class Settings_gradle                                                                 : loaded 2 times (x 124B)
Class com.android.builder.model.v2.ide.BytecodeTransformation                         : loaded 2 times (x 75B)
Class com.intellij.gradle.toolingExtension.impl.model.dependencyModel.GradleDependencyResolver$1: loaded 2 times (x 73B)
Class com.android.tools.idea.gradle.model.IdeModuleWellKnownSourceSet$Companion       : loaded 2 times (x 67B)
Class org.jetbrains.kotlin.idea.gradleTooling.PrepareKotlinIdeaImportTaskModelBuilder : loaded 2 times (x 82B)
Class org.gradle.internal.impldep.com.google.common.collect.Lists$StringAsImmutableList: loaded 2 times (x 203B)
Class org.jetbrains.kotlin.gradle.idea.kpm.IdeaKpmProjectContainer                    : loaded 2 times (x 66B)
Class com.android.tools.idea.gradle.project.sync.IndexedModels                        : loaded 2 times (x 68B)
Class com.intellij.gradle.toolingExtension.impl.util.javaPluginUtil.JavaPluginUtil    : loaded 2 times (x 67B)
Class com.intellij.openapi.util.io.FileUtil$2                                         : loaded 2 times (x 78B)
Class com.android.tools.idea.gradle.model.IdeUnresolvedUnknownLibrary                 : loaded 2 times (x 66B)
Class com.android.ide.common.gradle.Version$Companion                                 : loaded 2 times (x 67B)
Class com.android.tools.idea.gradle.model.IdeAndroidProject                           : loaded 2 times (x 66B)
Class [Lcom.android.builder.model.v2.ide.BytecodeTransformation;                      : loaded 2 times (x 65B)
Class com.intellij.compose.ide.plugin.gradleTooling.rt.ComposeResourcesExtension      : loaded 2 times (x 68B)
Class com.google.common.cache.LocalCache$1                                            : loaded 2 times (x 85B)
Class org.jetbrains.plugins.gradle.tooling.serialization.internal.adapter.Suppliers$SupplierOfInstance: loaded 2 times (x 72B)
Class com.google.common.collect.SingletonImmutableBiMap                               : loaded 2 times (x 139B)
Class com.google.common.collect.Sets                                                  : loaded 2 times (x 67B)
Class org.objectweb.asm.Handler                                                       : loaded 2 times (x 68B)
Class com.google.common.base.Strings                                                  : loaded 2 times (x 67B)
Class com.google.common.base.Ticker                                                   : loaded 2 times (x 68B)
Class org.gradle.internal.agents.InstrumentingClassLoader                             : loaded 2 times (x 66B)
Class org.jetbrains.plugins.gradle.model.DefaultExternalTask                          : loaded 2 times (x 79B)
Class com.google.common.base.Ascii                                                    : loaded 2 times (x 67B)
Class com.intellij.gradle.toolingExtension.impl.util.GradleExecutorServiceUtil        : loaded 2 times (x 67B)
Class com.google.common.collect.Iterators$SingletonIterator                           : loaded 2 times (x 77B)
Class org.jetbrains.plugins.gradle.tooling.builder.WarModelBuilderImplKt              : loaded 2 times (x 67B)
Class com.android.tools.idea.gradle.project.sync.VariantDependenciesCompat$AdjacencyList: loaded 2 times (x 68B)
Class org.gradle.internal.impldep.com.google.common.collect.Iterators                 : loaded 2 times (x 67B)
Class org.jetbrains.kotlin.tooling.core.InternerImpl$Store$Strong                     : loaded 2 times (x 72B)
Class com.android.tools.idea.gradle.model.impl.IdeSourceProviderContainerImpl         : loaded 2 times (x 72B)
Class com.android.tools.idea.gradle.model.impl.IdeCustomSourceDirectoryImpl           : loaded 2 times (x 72B)
Class org.jetbrains.plugins.gradle.tooling.serialization.ExternalTestsSerializationService$1: loaded 2 times (x 72B)
Class com.android.tools.idea.gradle.project.sync.BasicModulesKt                       : loaded 2 times (x 67B)
Class com.android.tools.idea.gradle.project.upgrade.AndroidGradlePluginCompatibility  : loaded 2 times (x 75B)
Class com.google.common.collect.Cut$AboveValue                                        : loaded 2 times (x 84B)
Class jdk.internal.jrtfs.JrtFileSystem$1                                              : loaded 2 times (x 103B)
Class com.android.tools.idea.gradle.project.sync.ModelVersions                        : loaded 2 times (x 68B)
Class org.gradle.internal.service.ServiceLocator                                      : loaded 2 times (x 66B)
Class io.opentelemetry.api.trace.ArrayBasedTraceStateBuilder                          : loaded 2 times (x 73B)
Class com.android.tools.idea.gradle.project.sync.SyncProjectActionOptions             : loaded 2 times (x 69B)
Class org.gradle.tooling.BuildController                                              : loaded 2 times (x 66B)
Class [Lcom.google.common.cache.LocalCache$Segment;                                   : loaded 2 times (x 65B)
Class [Lcom.google.common.cache.LocalCache$Strength;                                  : loaded 2 times (x 65B)
Class com.google.common.cache.CacheBuilder$1                                          : loaded 2 times (x 81B)
Class sync_studio_tooling7_7wqdrh9mqsxorl5wbh1375yp0$_run_closure1                    : loaded 2 times (x 132B)
Class org.gradle.internal.classpath.DefaultClassPath$ImmutableUniqueList$Builder      : loaded 2 times (x 71B)
Class org.jetbrains.plugins.gradle.tooling.internal.ClasspathEntryModelImpl           : loaded 2 times (x 76B)
Class [Lorg.objectweb.asm.Type;                                                       : loaded 2 times (x 65B)
Class [Lorg.objectweb.asm.Attribute;                                                  : loaded 2 times (x 65B)
Class org.gradle.tooling.internal.consumer.connection.ParameterAwareBuildControllerAdapter: loaded 2 times (x 97B)
Class com.android.tools.idea.gradle.model.ndk.v1.IdeNativeVariantAbi                  : loaded 2 times (x 66B)
Class io.opentelemetry.context.propagation.DefaultContextPropagators                  : loaded 2 times (x 71B)
Class com.android.tools.idea.gradle.project.sync.ModelCacheV2ImplKt$modelCacheV2Impl$createFromDependencies$1$LibraryWithDependencies: loaded 2 times (x 68B)
Class com.android.tools.idea.gradle.model.impl.IdeViewBindingOptionsImpl              : loaded 2 times (x 70B)
Class io.opentelemetry.context.ContextStorageWrappers                                 : loaded 2 times (x 67B)
Class com.android.tools.idea.gradle.project.sync.ModelConverter                       : loaded 2 times (x 67B)
Class com.android.tools.idea.gradle.project.sync.SyncActionRunnerKt$toMeasuringController$1: loaded 2 times (x 82B)
Class io.opentelemetry.api.trace.TracerProvider                                       : loaded 2 times (x 66B)
Class com.google.common.collect.TreeRangeSet$AsRanges                                 : loaded 2 times (x 145B)
Class org.gradle.tooling.internal.protocol.InternalStreamedValueRelay                 : loaded 2 times (x 66B)
Class com.google.common.cache.LocalCache                                              : loaded 2 times (x 183B)
Class com.google.common.cache.CacheBuilder$2                                          : loaded 2 times (x 75B)
Class com.intellij.gradle.toolingExtension.impl.model.buildScriptClasspathModel.GradleBuildScriptClasspathCache: loaded 2 times (x 71B)
Class com.intellij.openapi.externalSystem.model.project.dependencies.ProjectDependenciesImpl: loaded 2 times (x 73B)
Class com.android.tools.idea.gradle.project.sync.AndroidModule$NativeModelVersion     : loaded 2 times (x 75B)
Class com.android.tools.idea.gradle.project.sync.IdeModelWithPostProcessor            : loaded 2 times (x 68B)
Class org.jetbrains.kotlin.idea.gradleTooling.model.samWithReceiver.SamWithReceiverModel: loaded 2 times (x 66B)
Class com.android.ide.common.gradle.Version$Companion$ParseState$NONNUMERIC           : loaded 2 times (x 70B)
Class com.android.tools.idea.gradle.project.sync.VariantSelectionKt                   : loaded 2 times (x 67B)
Class com.android.tools.idea.gradle.project.sync.NativeVariantAbiResult$None          : loaded 2 times (x 67B)
Class com.android.tools.idea.gradle.project.sync.AndroidProjectResult$V2Project       : loaded 2 times (x 73B)
Class com.android.tools.idea.gradle.project.sync.VariantSelectionChange$Companion     : loaded 2 times (x 67B)
Class org.gradle.internal.impldep.com.google.common.collect.AbstractIterator          : loaded 2 times (x 78B)
Class com.android.tools.idea.gradle.project.sync.LibraryIdentity$LibraryIdentityProvider$special$$inlined$thenBy$1: loaded 2 times (x 86B)
Class com.google.common.base.MoreObjects                                              : loaded 2 times (x 67B)
Class com.google.common.collect.EmptyImmutableListMultimap                            : loaded 2 times (x 172B)
Class io.opentelemetry.api.trace.AutoValue_ArrayBasedTraceState                       : loaded 2 times (x 83B)
Class org.gradle.tooling.internal.consumer.converters.IdeaProjectJavaLanguageSettingsMixin: loaded 2 times (x 69B)
Class com.android.tools.idea.gradle.project.sync.BuildInfo                            : loaded 2 times (x 68B)
Class com.android.tools.idea.gradle.project.sync.ModelCacheV2ImplKt                   : loaded 2 times (x 67B)
Class com.android.tools.idea.gradle.model.IdeSigningConfig                            : loaded 2 times (x 66B)
Class com.google.common.cache.CacheBuilder$3                                          : loaded 2 times (x 68B)
Class com.google.common.collect.ArrayListMultimap                                     : loaded 2 times (x 168B)
Class com.google.common.base.AbstractIterator$1                                       : loaded 2 times (x 67B)
Class com.google.common.base.CharMatcher$Digit                                        : loaded 2 times (x 108B)
Class com.android.tools.idea.gradle.model.IdeLibrary                                  : loaded 2 times (x 66B)
Class org.jetbrains.plugins.gradle.tooling.util.BiFunction                            : loaded 2 times (x 66B)
Class org.jetbrains.plugins.gradle.model.AbstractExternalDependency                   : loaded 2 times (x 102B)
Class org.jetbrains.kotlin.idea.gradleTooling.model.kapt.KaptGradleModelImpl          : loaded 2 times (x 73B)
Class com.intellij.gradle.toolingExtension.impl.model.sourceSetModel.GradleSourceSetModelBuilder: loaded 2 times (x 82B)
Class org.jetbrains.kotlin.idea.gradleTooling.PrepareKotlinIdeaImportTaskModelBuilder$Messages: loaded 2 times (x 67B)
Class org.jetbrains.kotlin.idea.gradleTooling.model.samWithReceiver.SamWithReceiverModelBuilderService: loaded 2 times (x 81B)
Class org.jetbrains.kotlin.idea.gradleTooling.ModelBuilderUtilsKt                     : loaded 2 times (x 67B)
Class com.intellij.gradle.toolingExtension.impl.model.dependencyGraphModel.GradleDependencyReportGenerator: loaded 2 times (x 69B)
Class com.google.common.cache.CacheLoader$FunctionToCacheLoader                       : loaded 2 times (x 71B)
Class com.android.ide.common.gradle.NonNumeric                                        : loaded 2 times (x 73B)
Class com.android.ide.common.gradle.Version                                           : loaded 2 times (x 71B)
Class com.android.tools.idea.gradle.model.impl.IdeAndroidLibraryImpl                  : loaded 2 times (x 102B)
Class com.google.common.collect.ImmutableListMultimap                                 : loaded 2 times (x 172B)
Class com.android.tools.idea.gradle.model.IdeAaptOptions$Namespacing                  : loaded 2 times (x 75B)
Class com.android.tools.idea.gradle.project.sync.SelectedVariants                     : loaded 2 times (x 68B)
Class com.android.tools.idea.gradle.model.IdeApiVersion                               : loaded 2 times (x 66B)
Class com.intellij.gradle.toolingExtension.impl.modelSerialization.ToolingSerializer$1: loaded 2 times (x 72B)
Class com.android.tools.idea.gradle.model.IdeBuild                                    : loaded 2 times (x 66B)
Class com.android.tools.idea.gradle.project.sync.ModelCache                           : loaded 2 times (x 66B)
Class org.gradle.tooling.model.eclipse.EclipseExternalDependency                      : loaded 2 times (x 66B)
Class org.gradle.tooling.internal.adapter.ProtocolToModelAdapter$TypeSpecificMappingAction: loaded 2 times (x 77B)
Class io.opentelemetry.api.trace.TraceState                                           : loaded 2 times (x 66B)
Class org.gradle.tooling.model.eclipse.HierarchicalEclipseProject                     : loaded 2 times (x 66B)
Class org.gradle.tooling.internal.consumer.versioning.VersionDetails$R35VersionDetails: loaded 2 times (x 76B)
Class com.google.common.collect.ForwardingMap                                         : loaded 2 times (x 128B)
Class com.google.common.collect.CollectPreconditions                                  : loaded 2 times (x 67B)
Class com.google.common.base.CharMatcher$JavaIsoControl                               : loaded 2 times (x 108B)
Class org.jetbrains.plugins.gradle.model.ModelFactory                                 : loaded 2 times (x 67B)
Class org.jetbrains.plugins.gradle.tooling.serialization.ToolingStreamApiUtilsKt      : loaded 2 times (x 67B)
Class com.android.tools.idea.gradle.model.impl.IdeDependenciesCoreImpl                : loaded 2 times (x 66B)
Class org.jetbrains.plugins.gradle.tooling.ModelBuilderContext$DataProvider           : loaded 2 times (x 66B)
Class org.gradle.internal.impldep.com.google.common.collect.AbstractIndexedListIterator: loaded 2 times (x 92B)
Class com.android.tools.idea.gradle.project.sync.AndroidProjectPathResolver           : loaded 2 times (x 66B)
Class com.android.tools.idea.gradle.project.sync.IdeModelFactoryV2Kt                  : loaded 2 times (x 67B)
Class com.android.tools.idea.gradle.project.sync.VariantDiscovery$prepareRequestedOrDefaultModuleConfigurations$$inlined$sortedBy$1: loaded 2 times (x 85B)
Class com.android.tools.idea.gradle.model.IdeArtifactName$Companion$WhenMappings      : loaded 2 times (x 67B)
Class org.gradle.internal.impldep.com.google.common.collect.Iterators$9               : loaded 2 times (x 77B)
Class org.jetbrains.plugins.gradle.tooling.serialization.GradleExtensionsSerializationService$3: loaded 2 times (x 72B)
Class io.opentelemetry.context.LazyStorage                                            : loaded 2 times (x 67B)
Class com.google.common.collect.SortedMapDifference                                   : loaded 2 times (x 66B)
Class com.google.common.base.CharMatcher$JavaLowerCase                                : loaded 2 times (x 107B)
Class Build_gradle$1$1                                                                : loaded 2 times (x 74B)
Class org.gradle.internal.classpath.TransformedClassPath                              : loaded 2 times (x 92B)
Class com.google.common.cache.CacheBuilder$NullListener                               : loaded 2 times (x 78B)
Class org.objectweb.asm.FieldWriter                                                   : loaded 2 times (x 73B)
Class [Lcom.intellij.openapi.externalSystem.model.project.IExternalSystemSourceType;  : loaded 2 times (x 65B)
Class kotlin.coroutines.jvm.internal.CoroutineDumpState                               : loaded 2 times (x 67B)
Class com.android.tools.idea.gradle.project.sync.IdeAndroidModels                     : loaded 2 times (x 68B)
Class com.android.tools.idea.gradle.project.sync.SyncProjectActionWorker$populateAndroidModels$3$1: loaded 2 times (x 121B)
Class org.gradle.tooling.model.idea.IdeaContentRoot                                   : loaded 2 times (x 66B)
Class com.android.tools.idea.gradle.model.IdeUnresolvedArtifactLibrary                : loaded 2 times (x 66B)
Class com.android.tools.idea.gradle.model.IdeBuildTasksAndOutputInformation           : loaded 2 times (x 66B)
Class [Lcom.android.tools.idea.gradle.model.IdeAndroidProjectType;                    : loaded 2 times (x 65B)
Class com.android.tools.idea.gradle.model.IdeArtifactName                             : loaded 2 times (x 75B)
Class org.jetbrains.plugins.gradle.tooling.serialization.internal.IdeaProjectSerializationService$JdkGetter: loaded 2 times (x 71B)
Class org.jetbrains.kotlin.idea.gradleTooling.KotlinDslScriptModelProvider            : loaded 2 times (x 75B)
Class com.google.common.cache.LocalCache$EntryFactory                                 : loaded 2 times (x 79B)
Class Build_gradle$1$2                                                                : loaded 2 times (x 75B)
Class org.jetbrains.plugins.gradle.tooling.serialization.internal.IdeaProjectSerializationService$ResourceDirectoriesGetter: loaded 2 times (x 71B)
Class org.jetbrains.plugins.gradle.tooling.serialization.GradleExtensionsSerializationService$2: loaded 2 times (x 72B)
Class jdk.internal.jimage.ImageReader$LinkNode                                        : loaded 2 times (x 80B)
Class org.jetbrains.kotlin.idea.gradleTooling.model.assignment.AssignmentModel        : loaded 2 times (x 66B)
Class com.intellij.openapi.externalSystem.model.project.dependencies.ComponentDependencies: loaded 2 times (x 66B)
Class org.jetbrains.plugins.gradle.tooling.ModelBuilderService$Ex                     : loaded 2 times (x 66B)
Class [Lcom.android.ide.common.gradle.Separator;                                      : loaded 2 times (x 65B)
Class com.google.common.base.Splitter$1                                               : loaded 2 times (x 73B)
Class com.google.common.collect.MapDifference                                         : loaded 2 times (x 66B)
Class org.gradle.tooling.model.Task                                                   : loaded 2 times (x 66B)
Class com.google.common.cache.LocalCache$Strength$3                                   : loaded 2 times (x 77B)
Class com.google.common.io.ByteStreams                                                : loaded 2 times (x 67B)
Class com.intellij.openapi.util.Pair                                                  : loaded 2 times (x 68B)
Class org.jetbrains.kotlin.tooling.core.HasMutableExtras                              : loaded 2 times (x 66B)
Class org.jetbrains.kotlin.idea.projectModel.ExtraFeatures                            : loaded 2 times (x 66B)
Class com.google.common.cache.LocalCache$AbstractReferenceEntry                       : loaded 2 times (x 103B)
Class com.google.common.base.Splitter$1$1                                             : loaded 2 times (x 82B)
Class com.google.common.base.CharMatcher$Whitespace                                   : loaded 2 times (x 108B)
Class Build_gradle$1$3                                                                : loaded 2 times (x 74B)
Class com.google.common.collect.ComparisonChain$1                                     : loaded 2 times (x 77B)
Class com.android.tools.idea.gradle.model.IdeAndroidProjectType                       : loaded 2 times (x 75B)
Class org.jetbrains.plugins.gradle.model.web.WebConfiguration                         : loaded 2 times (x 66B)
Class gnu.trove.TObjectCanonicalHashingStrategy                                       : loaded 2 times (x 74B)
Class com.android.tools.idea.gradle.model.impl.IdeBuildTasksAndOutputInformationImpl  : loaded 2 times (x 76B)
Class com.android.tools.idea.gradle.model.IdeMultiVariantData                         : loaded 2 times (x 66B)
Class com.android.tools.idea.gradle.project.sync.BuildTypeDef                         : loaded 2 times (x 68B)
Class com.android.tools.idea.gradle.project.sync.IdeModelFactoryV2                    : loaded 2 times (x 68B)
Class com.android.tools.idea.gradle.project.sync.ModelCacheV2ImplKt$modelCacheV2Impl$variantCoreFrom$15: loaded 2 times (x 121B)
Class com.android.tools.idea.gradle.project.sync.ModelResult$Context                  : loaded 2 times (x 66B)
Class com.android.tools.idea.gradle.project.sync.DeliverableGradleModule$ModelConsumer: loaded 2 times (x 68B)
Class com.android.tools.idea.gradle.project.sync.SyncActionRunner$Companion           : loaded 2 times (x 67B)
Class com.android.tools.idea.gradle.project.sync.SyncActionRunner                     : loaded 2 times (x 72B)
Class io.opentelemetry.context.propagation.NoopTextMapPropagator                      : loaded 2 times (x 72B)
Class com.android.tools.idea.gradle.project.sync.GradleSyncStudioFlags                : loaded 2 times (x 68B)
Class org.objectweb.asm.SymbolTable                                                   : loaded 2 times (x 68B)
Class com.google.common.cache.CacheLoader$InvalidCacheLoadException                   : loaded 2 times (x 78B)
Class com.google.common.base.CharMatcher$SingleWidth                                  : loaded 2 times (x 108B)
Class org.gradle.internal.classloader.SystemClassLoaderSpec                           : loaded 2 times (x 67B)
Class org.jetbrains.plugins.gradle.tooling.internal.VersionCatalogsModelImpl          : loaded 2 times (x 72B)
Class JetGradlePlugin$getJetModelBuilderOrRegisterIfAbsent                            : loaded 2 times (x 142B)
Class com.intellij.gradle.toolingExtension.impl.model.taskModel.DefaultGradleTaskModel: loaded 2 times (x 71B)
Class JetGradlePlugin$findJetModelBuilder$0                                           : loaded 2 times (x 142B)
Class com.android.tools.idea.gradle.project.sync.AndroidArtifactRef                   : loaded 2 times (x 68B)
Class com.intellij.gradle.toolingExtension.impl.util.GradleProjectUtil                : loaded 2 times (x 67B)
Class org.jetbrains.plugins.gradle.tooling.serialization.GradleExtensionsSerializationService$1: loaded 2 times (x 72B)
Class kotlin.text.MatcherMatchResult$groups$1                                         : loaded 2 times (x 147B)
Class jdk.internal.jrtfs.JrtFileStore                                                 : loaded 2 times (x 79B)
Class com.google.common.cache.LocalCache$Strength$2                                   : loaded 2 times (x 77B)
Class com.google.common.util.concurrent.SettableFuture                                : loaded 2 times (x 110B)
Class org.jetbrains.kotlin.idea.gradleTooling.IdeaKotlinDependenciesContainer         : loaded 2 times (x 66B)
Class com.intellij.gradle.toolingExtension.impl.util.GradleExecutorServiceUtil$SimpleThreadFactory: loaded 2 times (x 71B)
Class com.intellij.platform.diagnostic.telemetry.rt.context.TelemetryContextGetter    : loaded 2 times (x 71B)
Class org.jetbrains.plugins.gradle.model.ProjectImportModelProvider$GradleModelConsumer$1: loaded 2 times (x 73B)
Class com.google.common.cache.LocalCache$StrongEntry                                  : loaded 2 times (x 104B)
Class com.google.common.util.concurrent.AbstractFuture$TrustedFuture                  : loaded 2 times (x 110B)
Class com.google.common.cache.LoadingCache                                            : loaded 2 times (x 66B)
Class com.android.tools.idea.gradle.project.sync.AndroidExtraModelProviderKt$flattenDag$2: loaded 2 times (x 91B)
Class org.gradle.kotlin.dsl.ImplementationConfigurationAccessorsKt                    : loaded 2 times (x 67B)
Class com.intellij.gradle.toolingExtension.impl.model.sourceSetModel.GradleSourceSetModelBuilder$1: loaded 2 times (x 79B)
Class com.android.tools.idea.gradle.model.IdeVariantBuildInformation                  : loaded 2 times (x 66B)
Class org.jetbrains.plugins.gradle.tooling.builder.DependencyAccessorsModelBuilder    : loaded 2 times (x 77B)
Class org.jetbrains.kotlin.idea.gradleTooling.model.parcelize.ParcelizeGradleModel    : loaded 2 times (x 66B)
Class org.jetbrains.plugins.gradle.tooling.builder.AnnotationProcessingModelBuilder   : loaded 2 times (x 82B)
Class com.intellij.openapi.diagnostic.Logger$DefaultFactory                           : loaded 2 times (x 70B)
Class com.android.tools.idea.gradle.project.sync.LibraryIdentity$Companion            : loaded 2 times (x 67B)
Class com.intellij.gradle.toolingExtension.impl.util.GradleIdeaPluginUtil             : loaded 2 times (x 67B)
Class com.android.tools.idea.gradle.project.sync.InternedModels                       : loaded 2 times (x 68B)
Class com.android.tools.idea.gradle.project.sync.BasicV2AndroidModuleGradleProject    : loaded 2 times (x 69B)
Class com.google.common.cache.LocalCache$Strength$1                                   : loaded 2 times (x 77B)
Class org.objectweb.asm.ModuleVisitor                                                 : loaded 2 times (x 76B)
Class com.google.common.collect.Sets$4                                                : loaded 2 times (x 135B)
Class com.google.common.io.ByteArrayDataInput                                         : loaded 2 times (x 66B)
Class org.gradle.tooling.internal.consumer.connection.NestedActionAwareBuildControllerAdapter: loaded 2 times (x 97B)
Class org.gradle.tooling.internal.consumer.versioning.VersionDetails$R51VersionDetails: loaded 2 times (x 76B)
Class org.gradle.tooling.model.gradle.GradleBuild                                     : loaded 2 times (x 66B)
Class io.opentelemetry.api.trace.Span                                                 : loaded 2 times (x 66B)
Class org.gradle.tooling.internal.consumer.versioning.VersionDetails                  : loaded 2 times (x 76B)
Class com.google.common.io.ByteStreams$LimitedInputStream                             : loaded 2 times (x 88B)
Class org.objectweb.asm.MethodWriter                                                  : loaded 2 times (x 101B)
Class [Lcom.google.common.cache.Weigher;                                              : loaded 2 times (x 65B)
Class org.jetbrains.plugins.gradle.tooling.serialization.internal.adapter.InternalGradleEnvironment: loaded 2 times (x 72B)
Class com.android.tools.idea.gradle.model.impl.IdeSourceProviderImpl                  : loaded 2 times (x 84B)
Class com.android.tools.idea.gradle.model.IdeVariantHeader                            : loaded 2 times (x 66B)
Class [Lcom.android.tools.idea.gradle.model.IdeModuleWellKnownSourceSet;              : loaded 2 times (x 65B)
Class org.gradle.internal.impldep.com.google.common.collect.Iterators$5               : loaded 2 times (x 78B)
Class com.intellij.gradle.toolingExtension.impl.model.sourceSetModel.GradleSourceSetModelBuilder$2: loaded 2 times (x 79B)
Class org.jetbrains.plugins.gradle.tooling.MessageReportBuilder                       : loaded 2 times (x 66B)
Class com.android.tools.idea.gradle.project.sync.DeliverableGradleModule              : loaded 2 times (x 72B)
Class com.intellij.openapi.diagnostic.LogLevel                                        : loaded 2 times (x 75B)
Class com.android.ide.common.gradle.Version$Companion$ParseState$EMPTY                : loaded 2 times (x 70B)
Class com.android.tools.idea.gradle.project.sync.VariantDiscoveryKt                   : loaded 2 times (x 67B)
Class com.intellij.openapi.externalSystem.model.project.dependencies.UnknownDependencyNode: loaded 2 times (x 83B)
Class com.google.common.collect.Cut                                                   : loaded 2 times (x 84B)
Class com.intellij.gradle.toolingExtension.impl.model.sourceSetModel.GradleSourceSetResolutionContext: loaded 2 times (x 69B)
Class com.intellij.compose.ide.plugin.gradleTooling.rt.ComposeResourcesExtension$Companion: loaded 2 times (x 67B)
Class com.google.common.collect.ImmutableMultimap$1                                   : loaded 2 times (x 78B)
Class org.gradle.internal.service.UnknownServiceException                             : loaded 2 times (x 79B)
Class com.intellij.gradle.toolingExtension.impl.model.sourceSetModel.GradleSourceSetModelBuilder$3: loaded 2 times (x 79B)
Class com.google.common.base.AbstractIterator$State                                   : loaded 2 times (x 75B)
Class com.google.common.cache.LocalCache$LocalLoadingCache                            : loaded 2 times (x 130B)
Class com.google.common.util.concurrent.AbstractFuture$SafeAtomicHelper               : loaded 2 times (x 75B)
Class com.google.common.collect.Range$RangeLexOrdering                                : loaded 2 times (x 111B)
Class com.android.ide.common.repository.AgpVersion$Companion$WhenMappings             : loaded 2 times (x 67B)
Class com.google.common.collect.Sets$3                                                : loaded 2 times (x 135B)
Class [Lorg.objectweb.asm.AnnotationVisitor;                                          : loaded 2 times (x 65B)
Class com.android.tools.idea.gradle.project.sync.SyncTestMode                         : loaded 2 times (x 75B)
Class org.jetbrains.plugins.gradle.model.ExternalSourceDirectorySet                   : loaded 2 times (x 66B)
Class io.opentelemetry.api.OpenTelemetry                                              : loaded 2 times (x 66B)
Class com.android.tools.idea.gradle.project.sync.ModelCacheV2ImplKt$modelCacheV2Impl$variantCoreFrom$12: loaded 2 times (x 121B)
Class com.android.tools.idea.gradle.project.sync.VariantDetails                       : loaded 2 times (x 68B)
Class com.google.common.collect.ImmutableMultimap$2                                   : loaded 2 times (x 77B)
Class com.google.common.collect.RegularImmutableBiMap                                 : loaded 2 times (x 144B)
Class com.google.common.cache.LocalCache$ValueReference                               : loaded 2 times (x 66B)
Class com.android.tools.idea.gradle.project.sync.ModelResult$Companion                : loaded 2 times (x 67B)
Class com.android.tools.idea.gradle.project.sync.AndroidProjectResultKt               : loaded 2 times (x 67B)
Class com.android.tools.idea.gradle.project.sync.ModuleConfiguration                  : loaded 2 times (x 68B)
Class org.jetbrains.plugins.gradle.model.tests.ExternalTestSourceMapping              : loaded 2 times (x 66B)
Class [Lcom.android.tools.idea.gradle.model.IdeModuleSourceSet;                       : loaded 2 times (x 65B)
Class com.android.tools.idea.gradle.project.sync.VariantDependenciesCompat            : loaded 2 times (x 68B)
Class com.android.tools.idea.gradle.model.IdePrivacySandboxSdkInfo                    : loaded 2 times (x 66B)
Class com.android.tools.idea.gradle.model.IdeDependenciesInfo                         : loaded 2 times (x 66B)
Class org.gradle.internal.impldep.com.google.common.collect.Iterators$4               : loaded 2 times (x 78B)
Class org.gradle.api.internal.ClassPathProvider                                       : loaded 2 times (x 66B)
Class [Lorg.gradle.api.internal.ClassPathProvider;                                    : loaded 2 times (x 65B)
Class com.google.common.collect.Sets$2                                                : loaded 2 times (x 135B)
Class io.opentelemetry.api.trace.PropagatedSpan                                       : loaded 2 times (x 108B)
Class org.gradle.tooling.ToolingModelContract                                         : loaded 2 times (x 66B)
Class com.google.common.util.concurrent.AbstractFuture$Failure                        : loaded 2 times (x 68B)
Class com.google.common.base.PatternCompiler                                          : loaded 2 times (x 66B)
Class com.google.common.base.Equivalence$Equals                                       : loaded 2 times (x 78B)
Class com.google.common.collect.Hashing                                               : loaded 2 times (x 67B)
Class com.intellij.gradle.toolingExtension.impl.model.dependencyModel.auxiliary.AuxiliaryConfigurationArtifacts: loaded 2 times (x 70B)
Class org.jetbrains.plugins.gradle.model.DefaultGradleConfiguration                   : loaded 2 times (x 75B)
Class kotlin.text.MatchResult                                                         : loaded 2 times (x 66B)
Class com.google.common.collect.TreeRangeSet                                          : loaded 2 times (x 111B)
Class com.android.tools.idea.gradle.project.sync.DefaultVariantsKt$getDefaultVariant$$inlined$thenBy$2: loaded 2 times (x 86B)
Class com.android.tools.idea.gradle.model.impl.IdeAndroidProjectImpl                  : loaded 2 times (x 102B)
Class com.android.tools.idea.gradle.project.sync.VariantDiscovery                     : loaded 2 times (x 68B)
Class com.google.common.collect.ImmutableSetMultimap                                  : loaded 2 times (x 176B)
Class com.android.tools.idea.gradle.project.sync.DependencyGraphCompat                : loaded 2 times (x 67B)
Class [Lcom.android.tools.idea.gradle.model.ResolverType;                             : loaded 2 times (x 65B)
Class com.android.tools.idea.gradle.project.sync.LibraryIdentity                      : loaded 2 times (x 68B)
Class com.android.tools.idea.gradle.model.IdeVariantCore                              : loaded 2 times (x 66B)
Class com.android.tools.idea.gradle.project.sync.IdeAndroidSyncIssuesAndExceptions    : loaded 2 times (x 68B)
Class com.intellij.gradle.toolingExtension.impl.model.utilTurnOffDefaultTasksModel.TurnOffDefaultTasksModelBuilder: loaded 2 times (x 82B)
Class com.android.tools.idea.gradle.project.upgrade.AndroidGradlePluginCompatibilityKt: loaded 2 times (x 67B)
Class com.android.tools.idea.gradle.project.sync.BasicIncompleteAndroidModule         : loaded 2 times (x 69B)
Class org.jetbrains.kotlin.idea.gradleTooling.KotlinMPPGradleModelBuilder             : loaded 2 times (x 82B)
Class org.jetbrains.plugins.gradle.tooling.serialization.internal.adapter.InternalProjectIdentifier: loaded 2 times (x 72B)
Class com.android.tools.idea.gradle.project.sync.ActionToRun$toSafeController$1       : loaded 2 times (x 82B)
Class org.gradle.tooling.model.GradleTask                                             : loaded 2 times (x 66B)
Class com.intellij.gradle.toolingExtension.impl.model.dependencyModel.GradleDependencyTraverser$Itr: loaded 2 times (x 79B)
Class sync_studio_tooling1220_5eobv2140i1nu9necc4ctl1aw                               : loaded 2 times (x 175B)
Class io.opentelemetry.api.trace.TraceFlags                                           : loaded 2 times (x 66B)
Class org.gradle.api.internal.DefaultClassPathProvider                                : loaded 2 times (x 72B)
Class org.objectweb.asm.Label                                                         : loaded 2 times (x 69B)
Class org.objectweb.asm.CurrentFrame                                                  : loaded 2 times (x 69B)
Class org.objectweb.asm.ClassTooLargeException                                        : loaded 2 times (x 79B)
Class org.jetbrains.plugins.gradle.model.tests.DefaultExternalTestsModel              : loaded 2 times (x 73B)
Class com.google.common.base.Splitter                                                 : loaded 2 times (x 68B)
Class org.objectweb.asm.AnnotationVisitor                                             : loaded 2 times (x 73B)
Class com.google.common.collect.Sets$1                                                : loaded 2 times (x 135B)
Class org.gradle.tooling.internal.consumer.converters.ConsumerTargetTypeProvider      : loaded 2 times (x 72B)
Class org.jetbrains.kotlin.idea.gradleTooling.model.parcelize.ParcelizeModelBuilderService: loaded 2 times (x 77B)
Class JetGradlePlugin                                                                 : loaded 2 times (x 92B)
Class com.google.common.collect.Cut$BelowValue                                        : loaded 2 times (x 84B)
Class com.google.common.collect.Iterators$PeekingImpl                                 : loaded 2 times (x 85B)
Class com.android.ide.common.gradle.Version$Companion$ParseState$NUMERIC              : loaded 2 times (x 70B)
Class com.android.tools.idea.gradle.project.sync.VariantNameResolutionKt$buildVariantNameResolver$1: loaded 2 times (x 71B)
Class com.android.tools.idea.gradle.model.impl.IdeVariantBuildInformationImpl         : loaded 2 times (x 72B)
Class com.android.tools.idea.gradle.project.sync.JavaModule                           : loaded 2 times (x 70B)
Class com.android.tools.idea.gradle.project.sync.DefaultVariantsKt$getDefaultVariant$$inlined$thenBy$1: loaded 2 times (x 86B)
Class com.android.ide.common.repository.AgpVersion$PreviewKind                        : loaded 2 times (x 75B)
Class com.android.builder.model.v2.models.ProjectGraph                                : loaded 2 times (x 66B)
Class com.android.builder.model.v2.models.TestSuiteDependenciesAdjacencyList          : loaded 2 times (x 66B)
Class com.intellij.gradle.toolingExtension.impl.util.GradleModelProviderUtil          : loaded 2 times (x 67B)
Class org.objectweb.asm.Frame                                                         : loaded 2 times (x 69B)
Class org.objectweb.asm.MethodVisitor                                                 : loaded 2 times (x 100B)
Class com.google.common.cache.LocalCache$EntryFactory$1                               : loaded 2 times (x 79B)
Class [Lcom.google.common.cache.RemovalListener;                                      : loaded 2 times (x 65B)
Class com.android.ide.common.gradle.Numeric                                           : loaded 2 times (x 73B)
Class com.google.common.collect.ImmutableSet$SerializedForm                           : loaded 2 times (x 69B)
Class org.jetbrains.kotlin.idea.gradleTooling.model.allopen.AllOpenModel              : loaded 2 times (x 66B)
Class com.google.common.collect.ListMultimap                                          : loaded 2 times (x 66B)
Class org.jetbrains.kotlin.idea.gradleTooling.OrphanSourceSetImportingChecker         : loaded 2 times (x 70B)
Class com.android.tools.idea.gradle.project.sync.SyncVariantResult                    : loaded 2 times (x 68B)
Class com.google.common.collect.ImmutableEnumMap                                      : loaded 2 times (x 121B)
Class com.android.tools.idea.gradle.model.impl.IdeVectorDrawablesOptionsImpl          : loaded 2 times (x 71B)
Class org.jetbrains.kotlin.idea.gradleTooling.model.kapt.KaptSourceSetModel           : loaded 2 times (x 66B)
Class org.objectweb.asm.tree.ClassNode                                                : loaded 2 times (x 86B)
Class org.jetbrains.kotlin.idea.projectModel.KotlinTarget$Companion                   : loaded 2 times (x 67B)
Class org.gradle.tooling.internal.consumer.versioning.VersionDetails$R28VersionDetails: loaded 2 times (x 76B)
Class com.google.common.cache.LocalCache$EntryFactory$2                               : loaded 2 times (x 79B)
Class org.gradle.internal.impldep.com.google.common.base.Objects                      : loaded 2 times (x 67B)
Class org.gradle.tooling.internal.adapter.ProtocolToModelAdapter$ClassMixInMethodInvoker: loaded 2 times (x 72B)
Class com.android.tools.idea.gradle.model.IdeBaseArtifactCore                         : loaded 2 times (x 66B)
Class com.android.tools.idea.gradle.model.IdeViewBindingOptions                       : loaded 2 times (x 66B)
Class com.android.tools.idea.gradle.project.sync.SyncProjectActionWorker$populateAndroidModels$2$variantDiscovery$1: loaded 2 times (x 74B)
Class com.android.tools.idea.gradle.model.IdeModuleWellKnownSourceSet                 : loaded 2 times (x 80B)
Class org.jetbrains.kotlin.idea.gradleTooling.model.lombok.LombokModelBuilderService  : loaded 2 times (x 83B)
Class com.android.tools.idea.gradle.model.impl.IdeUnresolvedLibraryTable              : loaded 2 times (x 66B)
Class com.android.ide.common.gradle.Component$Companion                               : loaded 2 times (x 67B)
Class com.android.tools.idea.gradle.model.IdeLintOptions                              : loaded 2 times (x 66B)
Class org.gradle.internal.impldep.com.google.common.collect.Iterators$1               : loaded 2 times (x 77B)
Class com.android.tools.idea.gradle.project.sync.DefaultVariantsKt$getDefaultVariant$$inlined$compareBy$1: loaded 2 times (x 86B)
Class com.android.builder.model.v2.dsl.ClassField                                     : loaded 2 times (x 66B)
Class com.google.common.collect.Cut$BelowAll                                          : loaded 2 times (x 84B)
Class com.android.tools.idea.gradle.project.sync.AndroidExtraModelProviderWorkerKt    : loaded 2 times (x 67B)
Class com.intellij.openapi.externalSystem.model.project.dependencies.DependencyNode   : loaded 2 times (x 66B)
Class org.jetbrains.plugins.gradle.tooling.util.ClassMap                              : loaded 2 times (x 68B)
Class org.gradle.api.internal.classpath.EffectiveClassPath                            : loaded 2 times (x 86B)
Class io.opentelemetry.context.propagation.ContextPropagators                         : loaded 2 times (x 66B)
Class org.objectweb.asm.ModuleWriter                                                  : loaded 2 times (x 77B)
Class com.google.common.cache.LocalCache$EntryFactory$3                               : loaded 2 times (x 79B)
Class com.google.common.base.Ticker$1                                                 : loaded 2 times (x 68B)
Class com.google.common.collect.Maps$BiMapConverter                                   : loaded 2 times (x 86B)
Class ijInit5_9qayq24qv1aq2masw0p78xxn2                                               : loaded 2 times (x 175B)
Class org.jetbrains.kotlin.gradle.idea.tcs.IdeaKotlinDependencyCoordinates            : loaded 2 times (x 66B)
Class com.intellij.gradle.toolingExtension.impl.model.sourceSetDependencyModel.GradleSourceSetDependencyModelProvider: loaded 2 times (x 75B)
Class [Lcom.android.ide.common.repository.AgpVersion$PreviewKind;                     : loaded 2 times (x 65B)
Class com.android.builder.model.v2.models.TestSuiteSource                             : loaded 2 times (x 66B)
Class com.android.tools.idea.gradle.model.IdeBuildTypeContainer                       : loaded 2 times (x 66B)
Class com.android.tools.idea.gradle.model.IdeAndroidArtifactCore                      : loaded 2 times (x 66B)
Class com.android.tools.idea.gradle.model.impl.IdeApiVersionImpl                      : loaded 2 times (x 73B)
Class com.android.tools.idea.gradle.project.sync.AndroidProjectResult$Companion       : loaded 2 times (x 67B)
Class com.android.tools.idea.gradle.model.impl.IdeJavaArtifactCoreImpl                : loaded 2 times (x 87B)
Class com.google.common.collect.SortedLists$KeyPresentBehavior$1                      : loaded 2 times (x 76B)
Class org.gradle.tooling.model.kotlin.dsl.EditorReportSeverity                        : loaded 2 times (x 75B)
Class com.intellij.gradle.toolingExtension.impl.modelAction.GradleDaemonModelHolder$ConvertedModel: loaded 2 times (x 68B)
Class org.gradle.tooling.internal.consumer.converters.EclipseExternalDependencyUnresolvedMixin: loaded 2 times (x 69B)
Class org.gradle.tooling.model.BuildableElement                                       : loaded 2 times (x 66B)
Class org.gradle.tooling.model.HasGradleProject                                       : loaded 2 times (x 66B)
Class org.gradle.tooling.internal.consumer.versioning.VersionDetails$R44VersionDetails: loaded 2 times (x 76B)
Class org.jetbrains.kotlin.idea.projectModel.KotlinPlatform                           : loaded 2 times (x 75B)
Class [Lcom.intellij.gradle.toolingExtension.modelAction.GradleModelFetchPhase;       : loaded 2 times (x 65B)
Class com.google.common.cache.LocalCache$EntryFactory$4                               : loaded 2 times (x 79B)
Class sync_studio_tooling1220_5eobv2140i1nu9necc4ctl1aw$_run_closure1                 : loaded 2 times (x 132B)
Class com.intellij.gradle.toolingExtension.impl.model.dependencyModel.GradleDependencyTraverser: loaded 2 times (x 76B)
Class com.intellij.gradle.toolingExtension.impl.model.sourceSetDependencyModel.DefaultGradleSourceSetDependencyModel: loaded 2 times (x 73B)
Class org.jetbrains.kotlin.tooling.core.Interner                                      : loaded 2 times (x 66B)
Class org.jetbrains.kotlin.idea.gradleTooling.AbstractKotlinGradleModelBuilder$Companion: loaded 2 times (x 67B)
Class ijInit6_3bht3mb6zrduo6rvzbxzzuitv                                               : loaded 2 times (x 175B)
Class com.android.tools.idea.gradle.model.IdeArtifactLibrary                          : loaded 2 times (x 66B)
Class com.intellij.gradle.toolingExtension.impl.model.dependencyModel.DefaultModuleIdentifier: loaded 2 times (x 74B)
Class com.android.tools.idea.gradle.model.impl.IdeLintOptionsImpl                     : loaded 2 times (x 99B)
Class com.android.tools.idea.gradle.model.IdeSourceProviderContainer                  : loaded 2 times (x 66B)
Class com.google.common.collect.SortedLists$KeyPresentBehavior$2                      : loaded 2 times (x 76B)
Class jdk.internal.jrtfs.ExplodedImage                                                : loaded 2 times (x 73B)
Class com.android.builder.model.v2.models.VariantDependenciesFlatList                 : loaded 2 times (x 66B)
Class org.gradle.tooling.internal.consumer.connection.NestedActionAwareBuildControllerAdapter$1: loaded 2 times (x 72B)
Class org.gradle.internal.classloader.ClassLoaderVisitor                              : loaded 2 times (x 72B)
Class com.google.common.base.CharMatcher$None                                         : loaded 2 times (x 108B)
Class com.intellij.gradle.toolingExtension.impl.model.sourceSetModel.GradleSourceSetModelProvider: loaded 2 times (x 75B)
Class org.gradle.tooling.model.build.BuildEnvironment                                 : loaded 2 times (x 66B)
Class com.google.common.io.ByteStreams$1                                              : loaded 2 times (x 81B)
Class com.google.common.cache.LocalCache$EntryFactory$5                               : loaded 2 times (x 79B)
Class io.opentelemetry.context.Scope                                                  : loaded 2 times (x 66B)
Class org.gradle.tooling.model.kotlin.dsl.EditorPosition                              : loaded 2 times (x 66B)
Class kotlin.text.MatcherMatchResult$groupValues$1                                    : loaded 2 times (x 194B)
Class com.android.tools.idea.gradle.model.IdePreResolvedModuleLibrary                 : loaded 2 times (x 66B)
Class org.jetbrains.plugins.gradle.tooling.serialization.internal.IdeaProjectSerializationService$TargetBytecodeVersionGetter: loaded 2 times (x 71B)
Class [Lcom.android.tools.idea.gradle.model.IdeTestOptions$Execution;                 : loaded 2 times (x 65B)
Class sync_studio_tooling803_1g3uqv76u4u5nqedn2vpx9fgd                                : loaded 2 times (x 175B)
Class com.google.common.collect.SortedLists$KeyPresentBehavior$3                      : loaded 2 times (x 76B)
Class org.gradle.internal.impldep.com.google.common.base.Present                      : loaded 2 times (x 77B)
Class org.gradle.tooling.internal.consumer.connection.HasCompatibilityMapping         : loaded 2 times (x 69B)
Class org.jetbrains.plugins.gradle.tooling.builder.ExternalTestsModelBuilderImpl      : loaded 2 times (x 74B)
Class org.gradle.internal.classloader.DefaultClassLoaderFactory                       : loaded 2 times (x 78B)
Class org.gradle.tooling.internal.consumer.connection.InternalBuildActionAdapter      : loaded 2 times (x 76B)
Class com.google.common.cache.LocalCache$EntryFactory$6                               : loaded 2 times (x 79B)
Class org.gradle.internal.installation.CurrentGradleInstallationLocator               : loaded 2 times (x 67B)
Class com.google.common.base.Suppliers                                                : loaded 2 times (x 67B)
Class com.android.tools.idea.gradle.model.impl.IdePrivacySandboxSdkInfoImpl           : loaded 2 times (x 76B)
Class com.android.tools.idea.gradle.project.sync.AllKotlinModels                      : loaded 2 times (x 68B)
Class com.android.tools.idea.gradle.model.IdeModuleSourceSet                          : loaded 2 times (x 66B)
Class [Lcom.google.common.cache.CacheBuilder$OneWeigher;                              : loaded 2 times (x 65B)
Class com.google.common.collect.SortedLists                                           : loaded 2 times (x 67B)
Class [Lcom.google.common.collect.SortedLists$KeyPresentBehavior;                     : loaded 2 times (x 65B)
Class com.google.common.collect.SortedLists$KeyPresentBehavior$4                      : loaded 2 times (x 76B)
Class com.google.common.base.Platform$JdkPatternCompiler                              : loaded 2 times (x 71B)
Class com.android.builder.model.NativeAndroidProject                                  : loaded 2 times (x 66B)
Class org.gradle.tooling.model.idea.IdeaJavaLanguageSettings                          : loaded 2 times (x 66B)
Class org.jetbrains.plugins.gradle.tooling.serialization.internal.adapter.kotlin.dsl.InternalKotlinDslScriptsModel: loaded 2 times (x 72B)
Class org.gradle.tooling.internal.adapter.ProtocolToModelAdapter$ChainedMethodInvoker : loaded 2 times (x 72B)
Class org.objectweb.asm.MethodTooLargeException                                       : loaded 2 times (x 79B)
Class com.intellij.gradle.toolingExtension.impl.modelAction.GradleDaemonModelHolder   : loaded 2 times (x 72B)
Class io.opentelemetry.api.GlobalOpenTelemetry                                        : loaded 2 times (x 67B)
Class com.google.common.collect.ImmutableMultimap$Builder                             : loaded 2 times (x 79B)
Class org.objectweb.asm.ClassReader                                                   : loaded 2 times (x 88B)
Class com.google.common.collect.Maps$KeySet                                           : loaded 2 times (x 133B)
Class com.google.common.cache.LocalCache$EntryFactory$7                               : loaded 2 times (x 79B)
Class com.google.common.collect.ImmutableSet$EmptySetBuilderImpl                      : loaded 2 times (x 72B)
Class org.gradle.internal.service.DefaultServiceLocator                               : loaded 2 times (x 79B)
Class org.gradle.tooling.model.kotlin.dsl.EditorReport                                : loaded 2 times (x 66B)
Class com.android.tools.idea.gradle.model.IdeBaseConfig                               : loaded 2 times (x 66B)
Class com.android.tools.idea.gradle.project.sync.GradleModelCollection                : loaded 2 times (x 66B)
Class org.jetbrains.kotlin.idea.gradleTooling.KotlinMPPGradleModelBinaryBuilder       : loaded 2 times (x 82B)
Class org.jetbrains.kotlin.idea.gradleTooling.model.noarg.NoArgModel                  : loaded 2 times (x 66B)
Class [Lcom.intellij.openapi.externalSystem.model.project.ExternalSystemSourceType;   : loaded 2 times (x 65B)
Class org.jetbrains.plugins.gradle.tooling.builder.ScalaModelBuilderImpl              : loaded 2 times (x 77B)
Class org.jetbrains.plugins.gradle.tooling.ModelBuilderContext                        : loaded 2 times (x 66B)
Class com.android.tools.idea.gradle.project.sync.VariantNameResolutionKt              : loaded 2 times (x 67B)
Class sync_studio_tooling7_7wqdrh9mqsxorl5wbh1375yp0                                  : loaded 2 times (x 175B)
Class com.google.common.collect.SortedLists$KeyPresentBehavior$5                      : loaded 2 times (x 76B)
Class com.google.common.collect.ComparisonChain$InactiveComparisonChain               : loaded 2 times (x 76B)
Class org.objectweb.asm.ClassVisitor                                                  : loaded 2 times (x 83B)
Class [Lorg.objectweb.asm.Symbol;                                                     : loaded 2 times (x 65B)
Class org.jetbrains.plugins.gradle.model.FilePatternSet                               : loaded 2 times (x 66B)
Class org.jetbrains.plugins.gradle.model.GradleLightProject                           : loaded 2 times (x 66B)
Class io.opentelemetry.api.trace.SpanContextKey                                       : loaded 2 times (x 67B)
Class com.android.tools.idea.gradle.project.sync.AdditionalClassifierArtifactsActionOptions: loaded 2 times (x 68B)
Class io.opentelemetry.api.internal.OtelEncodingUtils                                 : loaded 2 times (x 67B)
Class com.google.common.collect.ImmutableMultimap$EntryCollection                     : loaded 2 times (x 123B)
Class com.google.common.cache.LocalCache$EntryFactory$8                               : loaded 2 times (x 79B)
Class org.gradle.internal.installation.CurrentGradleInstallation                      : loaded 2 times (x 69B)
Class org.gradle.tooling.internal.consumer.converters.IdeaModuleDependencyTargetNameMixin: loaded 2 times (x 69B)
Class com.android.tools.idea.gradle.project.sync.AgpVersionsMismatch                  : loaded 2 times (x 78B)
Class [Lcom.android.tools.idea.gradle.project.sync.ModelFeature;                      : loaded 2 times (x 65B)
Class com.android.tools.idea.gradle.project.sync.ModelCache$V2                        : loaded 2 times (x 66B)
Class kotlin.jvm.internal.FunctionAdapter                                             : loaded 2 times (x 66B)
Class org.jetbrains.plugins.gradle.model.scala.ScalaModel                             : loaded 2 times (x 66B)
Class com.intellij.openapi.externalSystem.model.project.dependencies.ProjectDependencyNodeImpl: loaded 2 times (x 89B)
Class com.android.tools.idea.gradle.model.IdeUnknownLibrary                           : loaded 2 times (x 66B)
Class com.android.ide.common.gradle.Module$Companion                                  : loaded 2 times (x 67B)
Class com.android.tools.idea.gradle.project.sync.LibraryIdentity$LibraryIdentityProvider$special$$inlined$compareBy$1: loaded 2 times (x 86B)
Class com.android.tools.idea.gradle.model.impl.IdePreResolvedModuleLibraryImpl        : loaded 2 times (x 77B)
Class org.jetbrains.plugins.gradle.model.ear.EarConfiguration                         : loaded 2 times (x 66B)
Class com.google.common.io.ByteArrayDataOutput                                        : loaded 2 times (x 66B)
Class com.android.tools.idea.gradle.project.sync.GradleInjectedSyncActionRunner       : loaded 2 times (x 66B)
Class io.opentelemetry.context.ContextStorageProvider                                 : loaded 2 times (x 66B)
Class org.gradle.tooling.internal.consumer.connection.ToolingParameterProxy           : loaded 2 times (x 72B)
Class com.android.tools.idea.gradle.project.sync.VariantDef                           : loaded 2 times (x 68B)
Class org.gradle.tooling.model.gradle.ProjectPublications                             : loaded 2 times (x 66B)
Class org.jetbrains.kotlin.idea.projectModel.KotlinTargetJar                          : loaded 2 times (x 66B)
Class com.google.common.cache.CacheLoader$1                                           : loaded 2 times (x 71B)
Class org.gradle.util.internal.GUtil                                                  : loaded 2 times (x 67B)
Class org.jetbrains.plugins.gradle.model.DefaultGradleExtensions                      : loaded 2 times (x 84B)
Class com.android.tools.idea.gradle.project.sync.ClasspathIdentifier                  : loaded 2 times (x 68B)
Class com.android.tools.idea.gradle.project.sync.VariantDiscovery$toTraverseAction$1$1$moduleDependencies$1: loaded 2 times (x 121B)
Class com.intellij.openapi.externalSystem.model.project.dependencies.ProjectDependencyNode: loaded 2 times (x 66B)
Class com.intellij.gradle.toolingExtension.impl.model.dependencyDownloadPolicyModel.DefaultGradleDependencyDownloadPolicy: loaded 2 times (x 73B)
Class com.intellij.gradle.toolingExtension.impl.model.dependencyModel.GradleDependencyResolver: loaded 2 times (x 68B)
Class org.gradle.api.internal.classpath.ManifestUtil                                  : loaded 2 times (x 67B)
Class com.google.common.util.concurrent.ExecutionError                                : loaded 2 times (x 78B)
Class com.google.common.collect.ImmutableEnumSet                                      : loaded 2 times (x 142B)
Class com.android.tools.idea.gradle.project.sync.AndroidSdkBootClasspathUtilKt        : loaded 2 times (x 67B)
Class com.android.tools.idea.gradle.model.impl.IdeVariantCoreImpl                     : loaded 2 times (x 101B)
Class com.android.tools.idea.gradle.model.impl.IdeExtraSourceProviderImpl             : loaded 2 times (x 72B)
Class com.intellij.gradle.toolingExtension.modelProvider.GradleClassProjectModelProvider: loaded 2 times (x 76B)
Class com.android.tools.idea.gradle.project.sync.AgpVersionTooOld                     : loaded 2 times (x 78B)
Class [Lio.opentelemetry.api.trace.ImmutableTraceFlags;                               : loaded 2 times (x 65B)
Class io.opentelemetry.api.trace.TraceId                                              : loaded 2 times (x 67B)
Class com.google.common.util.concurrent.AbstractFuture$SetFuture                      : loaded 2 times (x 71B)
Class com.google.common.cache.AbstractCache$StatsCounter                              : loaded 2 times (x 66B)
Class com.intellij.gradle.toolingExtension.impl.model.sourceSetModel.DefaultGradleSourceSetModel: loaded 2 times (x 76B)
Class com.android.tools.idea.gradle.model.IdeVectorDrawablesOptions                   : loaded 2 times (x 66B)
Class com.android.tools.idea.gradle.model.impl.IdeSourceProviderImplKt                : loaded 2 times (x 67B)
Class com.android.tools.idea.gradle.model.IdeSourceProvider                           : loaded 2 times (x 66B)
Class com.android.tools.idea.gradle.model.IdeTestOptions                              : loaded 2 times (x 66B)
Class com.android.builder.model.v2.ide.TestSuiteTarget                                : loaded 2 times (x 66B)
Class com.intellij.openapi.diagnostic.DefaultLogger                                   : loaded 2 times (x 96B)
Class com.intellij.openapi.diagnostic.Attachment                                      : loaded 2 times (x 68B)
Class [Lcom.android.tools.idea.gradle.model.impl.IdeDependenciesCoreImpl;             : loaded 2 times (x 65B)
Class com.android.tools.idea.gradle.project.sync.GradleProject$ModelConsumer          : loaded 2 times (x 68B)
Class org.gradle.tooling.internal.consumer.converters.IncludedBuildsMixin             : loaded 2 times (x 70B)
Class io.opentelemetry.api.internal.ImmutableSpanContext                              : loaded 2 times (x 87B)
Class com.intellij.gradle.toolingExtension.impl.model.utilDummyModel.DefaultDummyModel: loaded 2 times (x 69B)
Class org.gradle.internal.classloader.ClassLoaderHierarchy                            : loaded 2 times (x 66B)
Class [Lcom.google.common.base.AbstractIterator$State;                                : loaded 2 times (x 65B)
Class org.gradle.tooling.model.gradle.BasicGradleProject                              : loaded 2 times (x 66B)
Class org.objectweb.asm.Context                                                       : loaded 2 times (x 68B)
Class org.gradle.internal.installation.GradleInstallation                             : loaded 2 times (x 71B)
Class com.android.tools.idea.gradle.model.impl.IdeUnknownLibraryImpl                  : loaded 2 times (x 79B)
Class org.jetbrains.plugins.gradle.model.DefaultFileCollectionDependency              : loaded 2 times (x 106B)
Class org.jetbrains.plugins.gradle.tooling.serialization.internal.IdeaProjectSerializationService$11: loaded 2 times (x 72B)
Class com.android.tools.idea.gradle.model.ndk.v1.IdeNativeAndroidProject              : loaded 2 times (x 66B)
Class com.intellij.gradle.toolingExtension.impl.util.javaPluginUtil.ExtensionJavaPluginAccessor: loaded 2 times (x 78B)
Class com.intellij.gradle.toolingExtension.impl.util.collectionUtil.GradleCollectionVisitor: loaded 2 times (x 66B)
Class com.android.tools.idea.gradle.project.sync.StandaloneDeliverableModel$Companion : loaded 2 times (x 67B)
Class [Lcom.android.tools.idea.gradle.model.IdeDependenciesCore;                      : loaded 2 times (x 65B)
Class com.intellij.gradle.toolingExtension.impl.model.dependencyGraphModel.GradleDependencyGraphModelBuilder: loaded 2 times (x 78B)
Class com.android.tools.idea.gradle.project.sync.AgpCompatibilityKt                   : loaded 2 times (x 67B)
Class com.google.common.collect.ForwardingCollection                                  : loaded 2 times (x 126B)
Class com.intellij.gradle.toolingExtension.impl.model.utilTurnOffDefaultTasksModel.DefaultTurnOffDefaultTasks: loaded 2 times (x 67B)
Class io.opentelemetry.api.trace.DefaultTracer                                        : loaded 2 times (x 70B)
Class org.gradle.tooling.internal.adapter.ProtocolToModelAdapter$2                    : loaded 2 times (x 74B)
Class sync_studio_tooling780_d8np0jk129u2hsqgg8rkxvx30                                : loaded 2 times (x 175B)
Class com.google.common.base.Splitter$Strategy                                        : loaded 2 times (x 66B)
Class org.jetbrains.plugins.gradle.tooling.util.GradleContainerUtil                   : loaded 2 times (x 67B)
Class org.jetbrains.plugins.gradle.model.DefaultGradleExtension                       : loaded 2 times (x 76B)
Class org.gradle.internal.classloader.FilteringClassLoader                            : loaded 2 times (x 101B)
Class com.google.common.base.Equivalence$Identity                                     : loaded 2 times (x 78B)
Class com.google.common.base.PairwiseEquivalence                                      : loaded 2 times (x 79B)
Class org.jetbrains.plugins.gradle.model.ProjectImportModelProvider$GradleModelConsumer: loaded 2 times (x 66B)
Class kotlin.text.MatcherMatchResult                                                  : loaded 2 times (x 76B)
Class kotlin.text.MatchGroupCollection                                                : loaded 2 times (x 66B)
Class com.android.tools.idea.gradle.project.sync.ModelFeature                         : loaded 2 times (x 75B)
Class org.jetbrains.kotlin.idea.gradleTooling.AbstractKotlinGradleModelBuilder        : loaded 2 times (x 77B)
Class com.android.ide.common.gradle.Part                                              : loaded 2 times (x 73B)
Class com.android.tools.idea.gradle.model.impl.IdeBuildTypeImpl                       : loaded 2 times (x 88B)
Class com.android.tools.idea.gradle.model.impl.IdeAndroidArtifactCoreImpl             : loaded 2 times (x 98B)
Class com.android.tools.idea.gradle.project.sync.ArtifactDependenciesCompat           : loaded 2 times (x 68B)
Class org.jetbrains.plugins.gradle.tooling.serialization.internal.IdeaProjectSerializationService$10: loaded 2 times (x 72B)
Class com.intellij.gradle.toolingExtension.impl.model.dependencyModel.DefaultModuleComponentIdentifier: loaded 2 times (x 82B)
Class org.gradle.tooling.model.internal.Exceptions                                    : loaded 2 times (x 67B)
Class org.gradle.tooling.UnsupportedVersionException                                  : loaded 2 times (x 79B)
Class com.intellij.gradle.toolingExtension.impl.model.buildScriptClasspathModel.GradleBuildScriptClasspathModelProvider: loaded 2 times (x 75B)
Class com.intellij.gradle.toolingExtension.impl.modelAction.GradleModelFetchAction    : loaded 2 times (x 82B)
Class org.gradle.tooling.BuildAction                                                  : loaded 2 times (x 66B)

---------------  S Y S T E M  ---------------

OS:
 Windows 11 , 64 bit Build 26100 (10.0.26100.4484)
OS uptime: 1 days 10:10 hours

CPU: total 12 (initial active 12) (6 cores per cpu, 2 threads per core) family 6 model 158 stepping 10 microcode 0xde, cx8, cmov, fxsr, ht, mmx, 3dnowpref, sse, sse2, sse3, ssse3, sse4.1, sse4.2, popcnt, lzcnt, tsc, tscinvbit, avx, avx2, aes, erms, clmul, bmi1, bmi2, rtm, adx, fma, vzeroupper, clflush, clflushopt, rdtscp, f16c
Processor Information for the first 12 processors :
  Max Mhz: 3696, Current Mhz: 3696, Mhz Limit: 3696

Memory: 4k page, system-wide physical 16318M (4062M free)
TotalPageFile size 17342M (AvailPageFile size 57M)
current process WorkingSet (physical memory assigned to process): 881M, peak: 892M
current process commit charge ("private bytes"): 919M, peak: 941M

vm_info: OpenJDK 64-Bit Server VM (21.0.6+-13391695-b895.109) for windows-amd64 JRE (21.0.6+-13391695-b895.109), built on 2025-04-22T21:19:17Z by "builder" with MS VC++ 16.10 / 16.11 (VS2019)

END.
