#
# There is insufficient memory for the Java Runtime Environment to continue.
# Native memory allocation (malloc) failed to allocate 1868256 bytes. Error detail: Chunk::new
# Possible reasons:
#   The system is out of physical RAM or swap space
#   This process is running with CompressedOops enabled, and the Java Heap may be blocking the growth of the native heap
# Possible solutions:
#   Reduce memory load on the system
#   Increase physical memory or swap space
#   Check if swap backing store is full
#   Decrease Java heap size (-Xmx/-Xms)
#   Decrease number of Java threads
#   Decrease Java thread stack sizes (-Xss)
#   Set larger code cache with -XX:ReservedCodeCacheSize=
#   JVM is running with Unscaled Compressed Oops mode in which the Java heap is
#     placed in the first 4GB address space. The Java Heap base address is the
#     maximum limit for the native heap growth. Please use -XX:HeapBaseMinAddress
#     to set the Java Heap base and to place the Java Heap above 4GB virtual address.
# This output file may be truncated or incomplete.
#
#  Out of Memory Error (arena.cpp:168), pid=9840, tid=22592
#
# JRE version: OpenJDK Runtime Environment (21.0.6) (build 21.0.6+-13391695-b895.109)
# Java VM: OpenJDK 64-Bit Server VM (21.0.6+-13391695-b895.109, mixed mode, tiered, compressed oops, compressed class ptrs, g1 gc, windows-amd64)
# No core dump will be written. Minidumps are not enabled by default on client versions of Windows
#

---------------  S U M M A R Y ------------

Command Line: --add-opens=java.base/java.lang=ALL-UNNAMED --add-opens=java.base/java.lang.invoke=ALL-UNNAMED --add-opens=java.base/java.util=ALL-UNNAMED --add-opens=java.prefs/java.util.prefs=ALL-UNNAMED --add-exports=jdk.compiler/com.sun.tools.javac.api=ALL-UNNAMED --add-exports=jdk.compiler/com.sun.tools.javac.util=ALL-UNNAMED --add-opens=java.base/java.util=ALL-UNNAMED --add-opens=java.prefs/java.util.prefs=ALL-UNNAMED --add-opens=java.base/java.nio.charset=ALL-UNNAMED --add-opens=java.base/java.net=ALL-UNNAMED --add-opens=java.base/java.util.concurrent.atomic=ALL-UNNAMED --add-opens=java.xml/javax.xml.namespace=ALL-UNNAMED -Xmx2048m -Dfile.encoding=UTF-8 -Duser.country=JP -Duser.language=ja -Duser.variant -javaagent:C:\Users\PC7\.gradle\wrapper\dists\gradle-8.13-bin\5xuhj0ry160q40clulazy9h7d\gradle-8.13\lib\agents\gradle-instrumentation-agent-8.13.jar org.gradle.launcher.daemon.bootstrap.GradleDaemon 8.13

Host: Intel(R) Core(TM) i7-8700K CPU @ 3.70GHz, 12 cores, 15G,  Windows 11 , 64 bit Build 26100 (10.0.26100.4484)
Time: Mon Aug  4 22:06:39 2025  Windows 11 , 64 bit Build 26100 (10.0.26100.4484) elapsed time: 46.147815 seconds (0d 0h 0m 46s)

---------------  T H R E A D  ---------------

Current thread (0x000001bb3eaa4170):  JavaThread "C2 CompilerThread0" daemon [_thread_in_native, id=22592, stack(0x000000723bd00000,0x000000723be00000) (1024K)]


Current CompileTask:
C2:46148 15813   !   4       sun.reflect.annotation.AnnotationParser::parseAnnotations (37 bytes)

Stack: [0x000000723bd00000,0x000000723be00000]
Native frames: (J=compiled Java code, j=interpreted, Vv=VM code, C=native code)
V  [jvm.dll+0x6d0639]
V  [jvm.dll+0x85eb03]
V  [jvm.dll+0x86105e]
V  [jvm.dll+0x861743]
V  [jvm.dll+0x27e6e6]
V  [jvm.dll+0xbff6d]
V  [jvm.dll+0xc04a3]
V  [jvm.dll+0x3b61ab]
V  [jvm.dll+0x3820c7]
V  [jvm.dll+0x38153a]
V  [jvm.dll+0x247c82]
V  [jvm.dll+0x247251]
V  [jvm.dll+0x1c5f04]
V  [jvm.dll+0x2569ac]
V  [jvm.dll+0x254ef6]
V  [jvm.dll+0x3f0e96]
V  [jvm.dll+0x806ed8]
V  [jvm.dll+0x6cef0d]
C  [ucrtbase.dll+0x37b0]
C  [KERNEL32.DLL+0x2e8d7]
C  [ntdll.dll+0x3c34c]


---------------  P R O C E S S  ---------------

Threads class SMR info:
_java_thread_list=0x000001bb43f6df20, length=68, elements={
0x000001bb26e5f270, 0x000001bb3eabde20, 0x000001bb3eabf3e0, 0x000001bb3eac0310,
0x000001bb3eac0d60, 0x000001bb3ea9f2b0, 0x000001bb3eaa0870, 0x000001bb3eaa4170,
0x000001bb3eaa93f0, 0x000001bb3ebeba30, 0x000001bb4307db40, 0x000001bb443bc940,
0x000001bb44d8e720, 0x000001bb44c4c0c0, 0x000001bb44d9c3f0, 0x000001bb44e9a930,
0x000001bb44d92f80, 0x000001bb44d54200, 0x000001bb44d2a540, 0x000001bb44d27de0,
0x000001bb44d29190, 0x000001bb44d270c0, 0x000001bb44d28b00, 0x000001bb44d28470,
0x000001bb44d27750, 0x000001bb44d29820, 0x000001bb44d29eb0, 0x000001bb45e62e50,
0x000001bb45e60d80, 0x000001bb45e64890, 0x000001bb45e61410, 0x000001bb45e64f20,
0x000001bb45e64200, 0x000001bb45e634e0, 0x000001bb45e63b70, 0x000001bb45e61aa0,
0x000001bb45e655b0, 0x000001bb45e62130, 0x000001bb45e627c0, 0x000001bb45e683a0,
0x000001bb45e66960, 0x000001bb45e66ff0, 0x000001bb48f91410, 0x000001bb48f90d80,
0x000001bb48f93b70, 0x000001bb48f906f0, 0x000001bb48f955b0, 0x000001bb48f94890,
0x000001bb48f91aa0, 0x000001bb48f934e0, 0x000001bb48f92e50, 0x000001bb48f90060,
0x000001bb48f962d0, 0x000001bb48f97680, 0x000001bb48f96ff0, 0x000001bb48f94200,
0x000001bb45e67680, 0x000001bb48f96960, 0x000001bb48f94f20, 0x000001bb48f95c40,
0x000001bb49004d90, 0x000001bb49005ab0, 0x000001bb49006e60, 0x000001bb490067d0,
0x000001bb490039e0, 0x000001bb48e08870, 0x000001bb470da800, 0x000001bb470dca10
}

Java Threads: ( => current thread )
  0x000001bb26e5f270 JavaThread "main"                              [_thread_blocked, id=20264, stack(0x000000723af00000,0x000000723b000000) (1024K)]
  0x000001bb3eabde20 JavaThread "Reference Handler"          daemon [_thread_blocked, id=6340, stack(0x000000723b700000,0x000000723b800000) (1024K)]
  0x000001bb3eabf3e0 JavaThread "Finalizer"                  daemon [_thread_blocked, id=2308, stack(0x000000723b800000,0x000000723b900000) (1024K)]
  0x000001bb3eac0310 JavaThread "Signal Dispatcher"          daemon [_thread_blocked, id=18856, stack(0x000000723b900000,0x000000723ba00000) (1024K)]
  0x000001bb3eac0d60 JavaThread "Attach Listener"            daemon [_thread_blocked, id=20220, stack(0x000000723ba00000,0x000000723bb00000) (1024K)]
  0x000001bb3ea9f2b0 JavaThread "Service Thread"             daemon [_thread_blocked, id=9744, stack(0x000000723bb00000,0x000000723bc00000) (1024K)]
  0x000001bb3eaa0870 JavaThread "Monitor Deflation Thread"   daemon [_thread_blocked, id=19396, stack(0x000000723bc00000,0x000000723bd00000) (1024K)]
=>0x000001bb3eaa4170 JavaThread "C2 CompilerThread0"         daemon [_thread_in_native, id=22592, stack(0x000000723bd00000,0x000000723be00000) (1024K)]
  0x000001bb3eaa93f0 JavaThread "C1 CompilerThread0"         daemon [_thread_blocked, id=18600, stack(0x000000723be00000,0x000000723bf00000) (1024K)]
  0x000001bb3ebeba30 JavaThread "Common-Cleaner"             daemon [_thread_blocked, id=21112, stack(0x000000723bf00000,0x000000723c000000) (1024K)]
  0x000001bb4307db40 JavaThread "Notification Thread"        daemon [_thread_blocked, id=26872, stack(0x000000723c000000,0x000000723c100000) (1024K)]
  0x000001bb443bc940 JavaThread "Daemon health stats"               [_thread_blocked, id=13176, stack(0x000000723c200000,0x000000723c300000) (1024K)]
  0x000001bb44d8e720 JavaThread "Incoming local TCP Connector on port 57131"        [_thread_in_native, id=8560, stack(0x000000723cb00000,0x000000723cc00000) (1024K)]
  0x000001bb44c4c0c0 JavaThread "Daemon periodic checks"            [_thread_blocked, id=21092, stack(0x000000723cc00000,0x000000723cd00000) (1024K)]
  0x000001bb44d9c3f0 JavaThread "Daemon"                            [_thread_blocked, id=18112, stack(0x000000723cd00000,0x000000723ce00000) (1024K)]
  0x000001bb44e9a930 JavaThread "Handler for socket connection from /127.0.0.1:57131 to /127.0.0.1:57132"        [_thread_in_native, id=2188, stack(0x000000723ce00000,0x000000723cf00000) (1024K)]
  0x000001bb44d92f80 JavaThread "Cancel handler"                    [_thread_blocked, id=21380, stack(0x000000723cf00000,0x000000723d000000) (1024K)]
  0x000001bb44d54200 JavaThread "Daemon worker"                     [_thread_blocked, id=8420, stack(0x000000723d000000,0x000000723d100000) (1024K)]
  0x000001bb44d2a540 JavaThread "Asynchronous log dispatcher for DefaultDaemonConnection: socket connection from /127.0.0.1:57131 to /127.0.0.1:57132"        [_thread_blocked, id=26204, stack(0x000000723d100000,0x000000723d200000) (1024K)]
  0x000001bb44d27de0 JavaThread "Stdin handler"                     [_thread_blocked, id=24608, stack(0x000000723d200000,0x000000723d300000) (1024K)]
  0x000001bb44d29190 JavaThread "Daemon client event forwarder"        [_thread_blocked, id=18508, stack(0x000000723d300000,0x000000723d400000) (1024K)]
  0x000001bb44d270c0 JavaThread "Cache worker for journal cache (C:\Users\PC7\.gradle\caches\journal-1)"        [_thread_blocked, id=8028, stack(0x000000723d700000,0x000000723d800000) (1024K)]
  0x000001bb44d28b00 JavaThread "File lock request listener"        [_thread_in_native, id=7740, stack(0x000000723d800000,0x000000723d900000) (1024K)]
  0x000001bb44d28470 JavaThread "Cache worker for file hash cache (C:\Users\PC7\.gradle\caches\8.13\fileHashes)"        [_thread_blocked, id=4740, stack(0x000000723d900000,0x000000723da00000) (1024K)]
  0x000001bb44d27750 JavaThread "Cache worker for file hash cache (C:\Users\PC7\AndroidStudioProjects\MyApplication4\.gradle\8.13\fileHashes)"        [_thread_blocked, id=1824, stack(0x000000723db00000,0x000000723dc00000) (1024K)]
  0x000001bb44d29820 JavaThread "Cache worker for Build Output Cleanup Cache (C:\Users\PC7\AndroidStudioProjects\MyApplication4\.gradle\buildOutputCleanup)"        [_thread_blocked, id=2412, stack(0x000000723dc00000,0x000000723dd00000) (1024K)]
  0x000001bb44d29eb0 JavaThread "File watcher server"        daemon [_thread_in_native, id=7284, stack(0x000000723dd00000,0x000000723de00000) (1024K)]
  0x000001bb45e62e50 JavaThread "File watcher consumer"      daemon [_thread_blocked, id=21392, stack(0x000000723de00000,0x000000723df00000) (1024K)]
  0x000001bb45e60d80 JavaThread "jar transforms"                    [_thread_blocked, id=7520, stack(0x000000723c100000,0x000000723c200000) (1024K)]
  0x000001bb45e64890 JavaThread "jar transforms Thread 2"           [_thread_blocked, id=11764, stack(0x000000723da00000,0x000000723db00000) (1024K)]
  0x000001bb45e61410 JavaThread "jar transforms Thread 3"           [_thread_blocked, id=22024, stack(0x000000723df00000,0x000000723e000000) (1024K)]
  0x000001bb45e64f20 JavaThread "jar transforms Thread 4"           [_thread_blocked, id=23312, stack(0x000000723e000000,0x000000723e100000) (1024K)]
  0x000001bb45e64200 JavaThread "jar transforms Thread 5"           [_thread_blocked, id=23004, stack(0x000000723e100000,0x000000723e200000) (1024K)]
  0x000001bb45e634e0 JavaThread "jar transforms Thread 6"           [_thread_blocked, id=8136, stack(0x000000723e200000,0x000000723e300000) (1024K)]
  0x000001bb45e63b70 JavaThread "jar transforms Thread 7"           [_thread_blocked, id=23680, stack(0x000000723e300000,0x000000723e400000) (1024K)]
  0x000001bb45e61aa0 JavaThread "jar transforms Thread 8"           [_thread_blocked, id=24496, stack(0x000000723e400000,0x000000723e500000) (1024K)]
  0x000001bb45e655b0 JavaThread "jar transforms Thread 9"           [_thread_blocked, id=9324, stack(0x000000723e500000,0x000000723e600000) (1024K)]
  0x000001bb45e62130 JavaThread "jar transforms Thread 10"          [_thread_blocked, id=23176, stack(0x000000723e600000,0x000000723e700000) (1024K)]
  0x000001bb45e627c0 JavaThread "jar transforms Thread 11"          [_thread_blocked, id=24392, stack(0x000000723e700000,0x000000723e800000) (1024K)]
  0x000001bb45e683a0 JavaThread "jar transforms Thread 12"          [_thread_blocked, id=18764, stack(0x000000723e800000,0x000000723e900000) (1024K)]
  0x000001bb45e66960 JavaThread "Cache worker for checksums cache (C:\Users\PC7\AndroidStudioProjects\MyApplication4\.gradle\8.13\checksums)"        [_thread_blocked, id=2092, stack(0x000000723eb00000,0x000000723ec00000) (1024K)]
  0x000001bb45e66ff0 JavaThread "Cache worker for file content cache (C:\Users\PC7\.gradle\caches\8.13\fileContent)"        [_thread_blocked, id=20536, stack(0x000000723ec00000,0x000000723ed00000) (1024K)]
  0x000001bb48f91410 JavaThread "Cache worker for cache directory md-supplier (C:\Users\PC7\.gradle\caches\8.13\md-supplier)"        [_thread_blocked, id=8676, stack(0x000000723ed00000,0x000000723ee00000) (1024K)]
  0x000001bb48f90d80 JavaThread "Cache worker for cache directory md-rule (C:\Users\PC7\.gradle\caches\8.13\md-rule)"        [_thread_blocked, id=4876, stack(0x000000723ee00000,0x000000723ef00000) (1024K)]
  0x000001bb48f93b70 JavaThread "Unconstrained build operations"        [_thread_blocked, id=23260, stack(0x000000723ef00000,0x000000723f000000) (1024K)]
  0x000001bb48f906f0 JavaThread "Unconstrained build operations Thread 2"        [_thread_blocked, id=25904, stack(0x000000723f000000,0x000000723f100000) (1024K)]
  0x000001bb48f955b0 JavaThread "Unconstrained build operations Thread 3"        [_thread_blocked, id=8944, stack(0x000000723f100000,0x000000723f200000) (1024K)]
  0x000001bb48f94890 JavaThread "Unconstrained build operations Thread 4"        [_thread_blocked, id=2076, stack(0x000000723f200000,0x000000723f300000) (1024K)]
  0x000001bb48f91aa0 JavaThread "Unconstrained build operations Thread 5"        [_thread_blocked, id=7484, stack(0x000000723f300000,0x000000723f400000) (1024K)]
  0x000001bb48f934e0 JavaThread "Unconstrained build operations Thread 6"        [_thread_blocked, id=22876, stack(0x000000723f400000,0x000000723f500000) (1024K)]
  0x000001bb48f92e50 JavaThread "Unconstrained build operations Thread 7"        [_thread_blocked, id=26780, stack(0x000000723f500000,0x000000723f600000) (1024K)]
  0x000001bb48f90060 JavaThread "Unconstrained build operations Thread 8"        [_thread_blocked, id=16132, stack(0x000000723f600000,0x000000723f700000) (1024K)]
  0x000001bb48f962d0 JavaThread "Unconstrained build operations Thread 9"        [_thread_blocked, id=26744, stack(0x000000723f700000,0x000000723f800000) (1024K)]
  0x000001bb48f97680 JavaThread "Unconstrained build operations Thread 10"        [_thread_blocked, id=18440, stack(0x000000723f800000,0x000000723f900000) (1024K)]
  0x000001bb48f96ff0 JavaThread "Unconstrained build operations Thread 11"        [_thread_blocked, id=25044, stack(0x000000723f900000,0x000000723fa00000) (1024K)]
  0x000001bb48f94200 JavaThread "Unconstrained build operations Thread 12"        [_thread_blocked, id=7968, stack(0x000000723fa00000,0x000000723fb00000) (1024K)]
  0x000001bb45e67680 JavaThread "Unconstrained build operations Thread 13"        [_thread_blocked, id=22680, stack(0x000000723e900000,0x000000723ea00000) (1024K)]
  0x000001bb48f96960 JavaThread "Unconstrained build operations Thread 14"        [_thread_blocked, id=26880, stack(0x000000723ea00000,0x000000723eb00000) (1024K)]
  0x000001bb48f94f20 JavaThread "Unconstrained build operations Thread 15"        [_thread_blocked, id=10852, stack(0x000000723fb00000,0x000000723fc00000) (1024K)]
  0x000001bb48f95c40 JavaThread "Unconstrained build operations Thread 16"        [_thread_blocked, id=19164, stack(0x000000723fc00000,0x000000723fd00000) (1024K)]
  0x000001bb49004d90 JavaThread "Unconstrained build operations Thread 17"        [_thread_blocked, id=26784, stack(0x000000723fd00000,0x000000723fe00000) (1024K)]
  0x000001bb49005ab0 JavaThread "Unconstrained build operations Thread 18"        [_thread_blocked, id=13752, stack(0x000000723fe00000,0x000000723ff00000) (1024K)]
  0x000001bb49006e60 JavaThread "Unconstrained build operations Thread 19"        [_thread_blocked, id=15580, stack(0x000000723ff00000,0x0000007240000000) (1024K)]
  0x000001bb490067d0 JavaThread "Unconstrained build operations Thread 20"        [_thread_blocked, id=24996, stack(0x0000007240000000,0x0000007240100000) (1024K)]
  0x000001bb490039e0 JavaThread "Unconstrained build operations Thread 21"        [_thread_blocked, id=25164, stack(0x0000007240100000,0x0000007240200000) (1024K)]
  0x000001bb48e08870 JavaThread "Kotlin DSL Writer"                 [_thread_blocked, id=14264, stack(0x000000723ac00000,0x000000723ad00000) (1024K)]
  0x000001bb470da800 JavaThread "C2 CompilerThread1"         daemon [_thread_blocked, id=2100, stack(0x0000007240200000,0x0000007240300000) (1024K)]
  0x000001bb470dca10 JavaThread "C2 CompilerThread2"         daemon [_thread_blocked, id=26172, stack(0x0000007240300000,0x0000007240400000) (1024K)]
Total: 68

Other Threads:
  0x000001bb3e989ce0 VMThread "VM Thread"                           [id=17704, stack(0x000000723b600000,0x000000723b700000) (1024K)] _threads_hazard_ptr=0x000001bb43f6df20
  0x000001bb3e9282f0 WatcherThread "VM Periodic Task Thread"        [id=25180, stack(0x000000723b500000,0x000000723b600000) (1024K)]
  0x000001bb24c7e440 WorkerThread "GC Thread#0"                     [id=10344, stack(0x000000723b000000,0x000000723b100000) (1024K)]
  0x000001bb43225af0 WorkerThread "GC Thread#1"                     [id=18876, stack(0x000000723c300000,0x000000723c400000) (1024K)]
  0x000001bb4353f3e0 WorkerThread "GC Thread#2"                     [id=22428, stack(0x000000723c400000,0x000000723c500000) (1024K)]
  0x000001bb4314f6f0 WorkerThread "GC Thread#3"                     [id=11136, stack(0x000000723c500000,0x000000723c600000) (1024K)]
  0x000001bb4314fa90 WorkerThread "GC Thread#4"                     [id=7624, stack(0x000000723c600000,0x000000723c700000) (1024K)]
  0x000001bb432b9970 WorkerThread "GC Thread#5"                     [id=4624, stack(0x000000723c700000,0x000000723c800000) (1024K)]
  0x000001bb44aa0210 WorkerThread "GC Thread#6"                     [id=23464, stack(0x000000723c800000,0x000000723c900000) (1024K)]
  0x000001bb43d9c840 WorkerThread "GC Thread#7"                     [id=7020, stack(0x000000723c900000,0x000000723ca00000) (1024K)]
  0x000001bb43d9cbe0 WorkerThread "GC Thread#8"                     [id=26704, stack(0x000000723ca00000,0x000000723cb00000) (1024K)]
  0x000001bb44d318b0 WorkerThread "GC Thread#9"                     [id=13476, stack(0x000000723d400000,0x000000723d500000) (1024K)]
  0x000001bb26ec8b90 ConcurrentGCThread "G1 Main Marker"            [id=9644, stack(0x000000723b100000,0x000000723b200000) (1024K)]
  0x000001bb26ec9590 WorkerThread "G1 Conc#0"                       [id=24068, stack(0x000000723b200000,0x000000723b300000) (1024K)]
  0x000001bb44e5ecc0 WorkerThread "G1 Conc#1"                       [id=6572, stack(0x000000723d500000,0x000000723d600000) (1024K)]
  0x000001bb44e32650 WorkerThread "G1 Conc#2"                       [id=19304, stack(0x000000723d600000,0x000000723d700000) (1024K)]
  0x000001bb3e87aaf0 ConcurrentGCThread "G1 Refine#0"               [id=7932, stack(0x000000723b300000,0x000000723b400000) (1024K)]
  0x000001bb3e87b560 ConcurrentGCThread "G1 Service"                [id=14256, stack(0x000000723b400000,0x000000723b500000) (1024K)]
Total: 18

Threads with active compile tasks:
C2 CompilerThread0  47197 15813   !   4       sun.reflect.annotation.AnnotationParser::parseAnnotations (37 bytes)
C1 CompilerThread0  47197 15895   !   3       org.jetbrains.kotlin.metadata.ProtoBuf$StringTable::<init> (321 bytes)
C2 CompilerThread1  47197 15862       4       org.jetbrains.org.objectweb.asm.ClassReader::readModuleAttributes (551 bytes)
C2 CompilerThread2  47197 15863       4       java.util.TimSort::countRunAndMakeAscending (128 bytes)
Total: 4

VM state: synchronizing (normal execution)

VM Mutex/Monitor currently owned by a thread:  ([mutex/lock_event])
[0x00007ff8895fe3a0] Threads_lock - owner thread: 0x000001bb3e989ce0
[0x00007ff8895fe4a0] Heap_lock - owner thread: 0x000001bb44d29190

Heap address: 0x0000000080000000, size: 2048 MB, Compressed Oops mode: 32-bit

CDS archive(s) not mapped
Compressed class space mapped at: 0x0000000100000000-0x0000000140000000, reserved size: 1073741824
Narrow klass base: 0x0000000000000000, Narrow klass shift: 3, Narrow klass range: 0x140000000

GC Precious Log:
 CardTable entry size: 512
 Card Set container configuration: InlinePtr #cards 5 size 8 Array Of Cards #cards 12 size 40 Howl #buckets 4 coarsen threshold 1843 Howl Bitmap #cards 512 size 80 coarsen threshold 460 Card regions per heap region 1 cards per card region 2048
 CPUs: 12 total, 12 available
 Memory: 16318M
 Large Page Support: Disabled
 NUMA Support: Disabled
 Compressed Oops: Enabled (32-bit)
 Heap Region Size: 1M
 Heap Min Capacity: 8M
 Heap Initial Capacity: 256M
 Heap Max Capacity: 2G
 Pre-touch: Disabled
 Parallel Workers: 10
 Concurrent Workers: 3
 Concurrent Refinement Workers: 10
 Periodic GC: Disabled

Heap:
 garbage-first heap   total 531456K, used 499268K [0x0000000080000000, 0x0000000100000000)
  region size 1024K, 273 young (279552K), 5 survivors (5120K)
 Metaspace       used 142892K, committed 145216K, reserved 1179648K
  class space    used 18183K, committed 19328K, reserved 1048576K

Heap Regions: E=young(eden), S=young(survivor), O=old, HS=humongous(starts), HC=humongous(continues), CS=collection set, F=free, TAMS=top-at-mark-start, PB=parsable bottom
|   0|0x0000000080000000, 0x0000000080100000, 0x0000000080100000|100%|HS|  |TAMS 0x0000000080000000| PB 0x0000000080000000| Complete 
|   1|0x0000000080100000, 0x0000000080200000, 0x0000000080200000|100%|HC|  |TAMS 0x0000000080100000| PB 0x0000000080100000| Complete 
|   2|0x0000000080200000, 0x0000000080300000, 0x0000000080300000|100%|HC|  |TAMS 0x0000000080200000| PB 0x0000000080200000| Complete 
|   3|0x0000000080300000, 0x0000000080400000, 0x0000000080400000|100%| O|  |TAMS 0x0000000080300000| PB 0x0000000080300000| Untracked 
|   4|0x0000000080400000, 0x0000000080500000, 0x0000000080500000|100%| O|  |TAMS 0x0000000080400000| PB 0x0000000080400000| Untracked 
|   5|0x0000000080500000, 0x0000000080600000, 0x0000000080600000|100%| O|  |TAMS 0x0000000080500000| PB 0x0000000080500000| Untracked 
|   6|0x0000000080600000, 0x0000000080700000, 0x0000000080700000|100%|HS|  |TAMS 0x0000000080600000| PB 0x0000000080600000| Complete 
|   7|0x0000000080700000, 0x0000000080800000, 0x0000000080800000|100%| O|  |TAMS 0x0000000080700000| PB 0x0000000080700000| Untracked 
|   8|0x0000000080800000, 0x0000000080900000, 0x0000000080900000|100%| O|  |TAMS 0x0000000080800000| PB 0x0000000080800000| Untracked 
|   9|0x0000000080900000, 0x0000000080a00000, 0x0000000080a00000|100%| O|  |TAMS 0x0000000080900000| PB 0x0000000080900000| Untracked 
|  10|0x0000000080a00000, 0x0000000080b00000, 0x0000000080b00000|100%| O|  |TAMS 0x0000000080a00000| PB 0x0000000080a00000| Untracked 
|  11|0x0000000080b00000, 0x0000000080c00000, 0x0000000080c00000|100%| O|  |TAMS 0x0000000080b00000| PB 0x0000000080b00000| Untracked 
|  12|0x0000000080c00000, 0x0000000080d00000, 0x0000000080d00000|100%| O|  |TAMS 0x0000000080c00000| PB 0x0000000080c00000| Untracked 
|  13|0x0000000080d00000, 0x0000000080e00000, 0x0000000080e00000|100%| O|  |TAMS 0x0000000080d00000| PB 0x0000000080d00000| Untracked 
|  14|0x0000000080e00000, 0x0000000080f00000, 0x0000000080f00000|100%| O|  |TAMS 0x0000000080e00000| PB 0x0000000080e00000| Untracked 
|  15|0x0000000080f00000, 0x0000000081000000, 0x0000000081000000|100%| O|  |TAMS 0x0000000080f00000| PB 0x0000000080f00000| Untracked 
|  16|0x0000000081000000, 0x0000000081100000, 0x0000000081100000|100%| O|  |TAMS 0x0000000081000000| PB 0x0000000081000000| Untracked 
|  17|0x0000000081100000, 0x0000000081200000, 0x0000000081200000|100%| O|  |TAMS 0x0000000081100000| PB 0x0000000081100000| Untracked 
|  18|0x0000000081200000, 0x0000000081300000, 0x0000000081300000|100%| O|  |TAMS 0x0000000081200000| PB 0x0000000081200000| Untracked 
|  19|0x0000000081300000, 0x0000000081400000, 0x0000000081400000|100%| O|  |TAMS 0x0000000081300000| PB 0x0000000081300000| Untracked 
|  20|0x0000000081400000, 0x0000000081500000, 0x0000000081500000|100%| O|  |TAMS 0x0000000081400000| PB 0x0000000081400000| Untracked 
|  21|0x0000000081500000, 0x0000000081600000, 0x0000000081600000|100%| O|  |TAMS 0x0000000081500000| PB 0x0000000081500000| Untracked 
|  22|0x0000000081600000, 0x0000000081700000, 0x0000000081700000|100%| O|  |TAMS 0x0000000081600000| PB 0x0000000081600000| Untracked 
|  23|0x0000000081700000, 0x0000000081800000, 0x0000000081800000|100%|HS|  |TAMS 0x0000000081700000| PB 0x0000000081700000| Complete 
|  24|0x0000000081800000, 0x0000000081900000, 0x0000000081900000|100%|HC|  |TAMS 0x0000000081800000| PB 0x0000000081800000| Complete 
|  25|0x0000000081900000, 0x0000000081a00000, 0x0000000081a00000|100%|HC|  |TAMS 0x0000000081900000| PB 0x0000000081900000| Complete 
|  26|0x0000000081a00000, 0x0000000081b00000, 0x0000000081b00000|100%|HC|  |TAMS 0x0000000081a00000| PB 0x0000000081a00000| Complete 
|  27|0x0000000081b00000, 0x0000000081c00000, 0x0000000081c00000|100%|HC|  |TAMS 0x0000000081b00000| PB 0x0000000081b00000| Complete 
|  28|0x0000000081c00000, 0x0000000081d00000, 0x0000000081d00000|100%|HC|  |TAMS 0x0000000081c00000| PB 0x0000000081c00000| Complete 
|  29|0x0000000081d00000, 0x0000000081e00000, 0x0000000081e00000|100%|HS|  |TAMS 0x0000000081d00000| PB 0x0000000081d00000| Complete 
|  30|0x0000000081e00000, 0x0000000081f00000, 0x0000000081f00000|100%|HS|  |TAMS 0x0000000081e00000| PB 0x0000000081e00000| Complete 
|  31|0x0000000081f00000, 0x0000000082000000, 0x0000000082000000|100%|HC|  |TAMS 0x0000000081f00000| PB 0x0000000081f00000| Complete 
|  32|0x0000000082000000, 0x0000000082100000, 0x0000000082100000|100%|HC|  |TAMS 0x0000000082000000| PB 0x0000000082000000| Complete 
|  33|0x0000000082100000, 0x0000000082200000, 0x0000000082200000|100%|HC|  |TAMS 0x0000000082100000| PB 0x0000000082100000| Complete 
|  34|0x0000000082200000, 0x0000000082300000, 0x0000000082300000|100%|HS|  |TAMS 0x0000000082200000| PB 0x0000000082200000| Complete 
|  35|0x0000000082300000, 0x0000000082400000, 0x0000000082400000|100%|HC|  |TAMS 0x0000000082300000| PB 0x0000000082300000| Complete 
|  36|0x0000000082400000, 0x0000000082500000, 0x0000000082500000|100%|HS|  |TAMS 0x0000000082400000| PB 0x0000000082400000| Complete 
|  37|0x0000000082500000, 0x0000000082600000, 0x0000000082600000|100%|HS|  |TAMS 0x0000000082500000| PB 0x0000000082500000| Complete 
|  38|0x0000000082600000, 0x0000000082700000, 0x0000000082700000|100%|HC|  |TAMS 0x0000000082600000| PB 0x0000000082600000| Complete 
|  39|0x0000000082700000, 0x0000000082800000, 0x0000000082800000|100%|HC|  |TAMS 0x0000000082700000| PB 0x0000000082700000| Complete 
|  40|0x0000000082800000, 0x0000000082900000, 0x0000000082900000|100%|HC|  |TAMS 0x0000000082800000| PB 0x0000000082800000| Complete 
|  41|0x0000000082900000, 0x0000000082a00000, 0x0000000082a00000|100%|HC|  |TAMS 0x0000000082900000| PB 0x0000000082900000| Complete 
|  42|0x0000000082a00000, 0x0000000082b00000, 0x0000000082b00000|100%|HC|  |TAMS 0x0000000082a00000| PB 0x0000000082a00000| Complete 
|  43|0x0000000082b00000, 0x0000000082c00000, 0x0000000082c00000|100%|HS|  |TAMS 0x0000000082b00000| PB 0x0000000082b00000| Complete 
|  44|0x0000000082c00000, 0x0000000082d00000, 0x0000000082d00000|100%|HS|  |TAMS 0x0000000082c00000| PB 0x0000000082c00000| Complete 
|  45|0x0000000082d00000, 0x0000000082e00000, 0x0000000082e00000|100%|HC|  |TAMS 0x0000000082d00000| PB 0x0000000082d00000| Complete 
|  46|0x0000000082e00000, 0x0000000082f00000, 0x0000000082f00000|100%|HC|  |TAMS 0x0000000082e00000| PB 0x0000000082e00000| Complete 
|  47|0x0000000082f00000, 0x0000000083000000, 0x0000000083000000|100%|HC|  |TAMS 0x0000000082f00000| PB 0x0000000082f00000| Complete 
|  48|0x0000000083000000, 0x0000000083100000, 0x0000000083100000|100%|HS|  |TAMS 0x0000000083000000| PB 0x0000000083000000| Complete 
|  49|0x0000000083100000, 0x0000000083200000, 0x0000000083200000|100%|HC|  |TAMS 0x0000000083100000| PB 0x0000000083100000| Complete 
|  50|0x0000000083200000, 0x0000000083300000, 0x0000000083300000|100%|HS|  |TAMS 0x0000000083200000| PB 0x0000000083200000| Complete 
|  51|0x0000000083300000, 0x0000000083400000, 0x0000000083400000|100%| O|  |TAMS 0x0000000083300000| PB 0x0000000083300000| Untracked 
|  52|0x0000000083400000, 0x0000000083500000, 0x0000000083500000|100%| O|  |TAMS 0x0000000083400000| PB 0x0000000083400000| Untracked 
|  53|0x0000000083500000, 0x0000000083600000, 0x0000000083600000|100%| O|  |TAMS 0x0000000083500000| PB 0x0000000083500000| Untracked 
|  54|0x0000000083600000, 0x0000000083700000, 0x0000000083700000|100%| O|  |TAMS 0x0000000083600000| PB 0x0000000083600000| Untracked 
|  55|0x0000000083700000, 0x0000000083800000, 0x0000000083800000|100%| O|  |TAMS 0x0000000083700000| PB 0x0000000083700000| Untracked 
|  56|0x0000000083800000, 0x0000000083900000, 0x0000000083900000|100%| O|  |TAMS 0x0000000083800000| PB 0x0000000083800000| Untracked 
|  57|0x0000000083900000, 0x0000000083a00000, 0x0000000083a00000|100%| O|  |TAMS 0x0000000083900000| PB 0x0000000083900000| Untracked 
|  58|0x0000000083a00000, 0x0000000083b00000, 0x0000000083b00000|100%| O|  |TAMS 0x0000000083a00000| PB 0x0000000083a00000| Untracked 
|  59|0x0000000083b00000, 0x0000000083c00000, 0x0000000083c00000|100%| O|  |TAMS 0x0000000083b00000| PB 0x0000000083b00000| Untracked 
|  60|0x0000000083c00000, 0x0000000083d00000, 0x0000000083d00000|100%| O|  |TAMS 0x0000000083c00000| PB 0x0000000083c00000| Untracked 
|  61|0x0000000083d00000, 0x0000000083e00000, 0x0000000083e00000|100%| O|  |TAMS 0x0000000083d00000| PB 0x0000000083d00000| Untracked 
|  62|0x0000000083e00000, 0x0000000083f00000, 0x0000000083f00000|100%| O|  |TAMS 0x0000000083e00000| PB 0x0000000083e00000| Untracked 
|  63|0x0000000083f00000, 0x0000000084000000, 0x0000000084000000|100%| O|  |TAMS 0x0000000083f00000| PB 0x0000000083f00000| Untracked 
|  64|0x0000000084000000, 0x0000000084100000, 0x0000000084100000|100%| O|  |TAMS 0x0000000084000000| PB 0x0000000084000000| Untracked 
|  65|0x0000000084100000, 0x0000000084200000, 0x0000000084200000|100%| O|  |TAMS 0x0000000084100000| PB 0x0000000084100000| Untracked 
|  66|0x0000000084200000, 0x0000000084300000, 0x0000000084300000|100%| O|  |TAMS 0x0000000084200000| PB 0x0000000084200000| Untracked 
|  67|0x0000000084300000, 0x0000000084400000, 0x0000000084400000|100%| O|Cm|TAMS 0x0000000084300000| PB 0x0000000084300000| Complete 
|  68|0x0000000084400000, 0x0000000084500000, 0x0000000084500000|100%| O|  |TAMS 0x0000000084400000| PB 0x0000000084400000| Untracked 
|  69|0x0000000084500000, 0x0000000084600000, 0x0000000084600000|100%| O|  |TAMS 0x0000000084500000| PB 0x0000000084500000| Untracked 
|  70|0x0000000084600000, 0x0000000084700000, 0x0000000084700000|100%| O|  |TAMS 0x0000000084600000| PB 0x0000000084600000| Untracked 
|  71|0x0000000084700000, 0x0000000084800000, 0x0000000084800000|100%|HS|  |TAMS 0x0000000084700000| PB 0x0000000084700000| Complete 
|  72|0x0000000084800000, 0x0000000084900000, 0x0000000084900000|100%| O|  |TAMS 0x0000000084800000| PB 0x0000000084800000| Untracked 
|  73|0x0000000084900000, 0x0000000084a00000, 0x0000000084a00000|100%| O|  |TAMS 0x0000000084900000| PB 0x0000000084900000| Untracked 
|  74|0x0000000084a00000, 0x0000000084b00000, 0x0000000084b00000|100%| O|  |TAMS 0x0000000084a00000| PB 0x0000000084a00000| Untracked 
|  75|0x0000000084b00000, 0x0000000084c00000, 0x0000000084c00000|100%| O|  |TAMS 0x0000000084b00000| PB 0x0000000084b00000| Untracked 
|  76|0x0000000084c00000, 0x0000000084d00000, 0x0000000084d00000|100%| O|  |TAMS 0x0000000084c00000| PB 0x0000000084c00000| Untracked 
|  77|0x0000000084d00000, 0x0000000084e00000, 0x0000000084e00000|100%| O|  |TAMS 0x0000000084d00000| PB 0x0000000084d00000| Untracked 
|  78|0x0000000084e00000, 0x0000000084f00000, 0x0000000084f00000|100%| O|  |TAMS 0x0000000084e00000| PB 0x0000000084e00000| Untracked 
|  79|0x0000000084f00000, 0x0000000085000000, 0x0000000085000000|100%| O|  |TAMS 0x0000000084f00000| PB 0x0000000084f00000| Untracked 
|  80|0x0000000085000000, 0x0000000085100000, 0x0000000085100000|100%| O|  |TAMS 0x0000000085000000| PB 0x0000000085000000| Untracked 
|  81|0x0000000085100000, 0x0000000085200000, 0x0000000085200000|100%| O|  |TAMS 0x0000000085100000| PB 0x0000000085100000| Untracked 
|  82|0x0000000085200000, 0x0000000085300000, 0x0000000085300000|100%| O|  |TAMS 0x0000000085200000| PB 0x0000000085200000| Untracked 
|  83|0x0000000085300000, 0x0000000085400000, 0x0000000085400000|100%| O|  |TAMS 0x0000000085300000| PB 0x0000000085300000| Untracked 
|  84|0x0000000085400000, 0x0000000085500000, 0x0000000085500000|100%| O|  |TAMS 0x0000000085400000| PB 0x0000000085400000| Untracked 
|  85|0x0000000085500000, 0x0000000085600000, 0x0000000085600000|100%| O|  |TAMS 0x0000000085500000| PB 0x0000000085500000| Untracked 
|  86|0x0000000085600000, 0x0000000085700000, 0x0000000085700000|100%| O|  |TAMS 0x0000000085600000| PB 0x0000000085600000| Untracked 
|  87|0x0000000085700000, 0x0000000085800000, 0x0000000085800000|100%| O|  |TAMS 0x0000000085700000| PB 0x0000000085700000| Untracked 
|  88|0x0000000085800000, 0x0000000085900000, 0x0000000085900000|100%|HS|  |TAMS 0x0000000085800000| PB 0x0000000085800000| Complete 
|  89|0x0000000085900000, 0x0000000085a00000, 0x0000000085a00000|100%| O|  |TAMS 0x0000000085900000| PB 0x0000000085900000| Untracked 
|  90|0x0000000085a00000, 0x0000000085b00000, 0x0000000085b00000|100%| O|  |TAMS 0x0000000085a00000| PB 0x0000000085a00000| Untracked 
|  91|0x0000000085b00000, 0x0000000085c00000, 0x0000000085c00000|100%| O|  |TAMS 0x0000000085b00000| PB 0x0000000085b00000| Untracked 
|  92|0x0000000085c00000, 0x0000000085d00000, 0x0000000085d00000|100%| O|  |TAMS 0x0000000085c00000| PB 0x0000000085c00000| Untracked 
|  93|0x0000000085d00000, 0x0000000085e00000, 0x0000000085e00000|100%|HS|  |TAMS 0x0000000085d00000| PB 0x0000000085d00000| Complete 
|  94|0x0000000085e00000, 0x0000000085f00000, 0x0000000085f00000|100%|HC|  |TAMS 0x0000000085e00000| PB 0x0000000085e00000| Complete 
|  95|0x0000000085f00000, 0x0000000086000000, 0x0000000086000000|100%| O|  |TAMS 0x0000000085f00000| PB 0x0000000085f00000| Untracked 
|  96|0x0000000086000000, 0x0000000086100000, 0x0000000086100000|100%| O|  |TAMS 0x0000000086000000| PB 0x0000000086000000| Untracked 
|  97|0x0000000086100000, 0x0000000086200000, 0x0000000086200000|100%| O|  |TAMS 0x0000000086100000| PB 0x0000000086100000| Untracked 
|  98|0x0000000086200000, 0x0000000086300000, 0x0000000086300000|100%| O|  |TAMS 0x0000000086200000| PB 0x0000000086200000| Untracked 
|  99|0x0000000086300000, 0x0000000086400000, 0x0000000086400000|100%| O|  |TAMS 0x0000000086300000| PB 0x0000000086300000| Untracked 
| 100|0x0000000086400000, 0x0000000086500000, 0x0000000086500000|100%| O|  |TAMS 0x0000000086400000| PB 0x0000000086400000| Untracked 
| 101|0x0000000086500000, 0x0000000086600000, 0x0000000086600000|100%| O|  |TAMS 0x0000000086500000| PB 0x0000000086500000| Untracked 
| 102|0x0000000086600000, 0x0000000086700000, 0x0000000086700000|100%| O|  |TAMS 0x0000000086600000| PB 0x0000000086600000| Untracked 
| 103|0x0000000086700000, 0x0000000086800000, 0x0000000086800000|100%| O|  |TAMS 0x0000000086700000| PB 0x0000000086700000| Untracked 
| 104|0x0000000086800000, 0x0000000086900000, 0x0000000086900000|100%|HS|  |TAMS 0x0000000086800000| PB 0x0000000086800000| Complete 
| 105|0x0000000086900000, 0x0000000086a00000, 0x0000000086a00000|100%| O|  |TAMS 0x0000000086900000| PB 0x0000000086900000| Untracked 
| 106|0x0000000086a00000, 0x0000000086b00000, 0x0000000086b00000|100%| O|  |TAMS 0x0000000086a00000| PB 0x0000000086a00000| Untracked 
| 107|0x0000000086b00000, 0x0000000086b26d08, 0x0000000086c00000| 15%| O|  |TAMS 0x0000000086b00000| PB 0x0000000086b00000| Untracked 
| 108|0x0000000086c00000, 0x0000000086d00000, 0x0000000086d00000|100%| O|  |TAMS 0x0000000086c00000| PB 0x0000000086c00000| Untracked 
| 109|0x0000000086d00000, 0x0000000086e00000, 0x0000000086e00000|100%| O|  |TAMS 0x0000000086d00000| PB 0x0000000086d00000| Untracked 
| 110|0x0000000086e00000, 0x0000000086f00000, 0x0000000086f00000|100%|HS|  |TAMS 0x0000000086e00000| PB 0x0000000086e00000| Complete 
| 111|0x0000000086f00000, 0x0000000087000000, 0x0000000087000000|100%| O|  |TAMS 0x0000000086f00000| PB 0x0000000086f00000| Untracked 
| 112|0x0000000087000000, 0x0000000087100000, 0x0000000087100000|100%| O|  |TAMS 0x0000000087000000| PB 0x0000000087000000| Untracked 
| 113|0x0000000087100000, 0x0000000087200000, 0x0000000087200000|100%| O|  |TAMS 0x0000000087100000| PB 0x0000000087100000| Untracked 
| 114|0x0000000087200000, 0x0000000087300000, 0x0000000087300000|100%| O|  |TAMS 0x0000000087200000| PB 0x0000000087200000| Untracked 
| 115|0x0000000087300000, 0x0000000087400000, 0x0000000087400000|100%| O|  |TAMS 0x0000000087300000| PB 0x0000000087300000| Untracked 
| 116|0x0000000087400000, 0x0000000087500000, 0x0000000087500000|100%|HS|  |TAMS 0x0000000087400000| PB 0x0000000087400000| Complete 
| 117|0x0000000087500000, 0x0000000087600000, 0x0000000087600000|100%| O|  |TAMS 0x0000000087500000| PB 0x0000000087500000| Untracked 
| 118|0x0000000087600000, 0x0000000087700000, 0x0000000087700000|100%| O|  |TAMS 0x0000000087600000| PB 0x0000000087600000| Untracked 
| 119|0x0000000087700000, 0x0000000087800000, 0x0000000087800000|100%| O|  |TAMS 0x0000000087700000| PB 0x0000000087700000| Untracked 
| 120|0x0000000087800000, 0x0000000087900000, 0x0000000087900000|100%| O|  |TAMS 0x0000000087800000| PB 0x0000000087800000| Untracked 
| 121|0x0000000087900000, 0x0000000087a00000, 0x0000000087a00000|100%| O|  |TAMS 0x0000000087900000| PB 0x0000000087900000| Untracked 
| 122|0x0000000087a00000, 0x0000000087b00000, 0x0000000087b00000|100%| O|  |TAMS 0x0000000087a00000| PB 0x0000000087a00000| Untracked 
| 123|0x0000000087b00000, 0x0000000087c00000, 0x0000000087c00000|100%| O|  |TAMS 0x0000000087b00000| PB 0x0000000087b00000| Untracked 
| 124|0x0000000087c00000, 0x0000000087d00000, 0x0000000087d00000|100%| O|  |TAMS 0x0000000087c00000| PB 0x0000000087c00000| Untracked 
| 125|0x0000000087d00000, 0x0000000087e00000, 0x0000000087e00000|100%| O|  |TAMS 0x0000000087d00000| PB 0x0000000087d00000| Untracked 
| 126|0x0000000087e00000, 0x0000000087f00000, 0x0000000087f00000|100%| O|  |TAMS 0x0000000087e00000| PB 0x0000000087e00000| Untracked 
| 127|0x0000000087f00000, 0x0000000088000000, 0x0000000088000000|100%| O|  |TAMS 0x0000000087f00000| PB 0x0000000087f00000| Untracked 
| 128|0x0000000088000000, 0x0000000088100000, 0x0000000088100000|100%| O|  |TAMS 0x0000000088000000| PB 0x0000000088000000| Untracked 
| 129|0x0000000088100000, 0x0000000088200000, 0x0000000088200000|100%| O|  |TAMS 0x0000000088100000| PB 0x0000000088100000| Untracked 
| 130|0x0000000088200000, 0x0000000088300000, 0x0000000088300000|100%| O|  |TAMS 0x0000000088200000| PB 0x0000000088200000| Untracked 
| 131|0x0000000088300000, 0x0000000088400000, 0x0000000088400000|100%| O|  |TAMS 0x0000000088300000| PB 0x0000000088300000| Untracked 
| 132|0x0000000088400000, 0x0000000088500000, 0x0000000088500000|100%| O|  |TAMS 0x0000000088400000| PB 0x0000000088400000| Untracked 
| 133|0x0000000088500000, 0x0000000088600000, 0x0000000088600000|100%| O|  |TAMS 0x0000000088500000| PB 0x0000000088500000| Untracked 
| 134|0x0000000088600000, 0x0000000088700000, 0x0000000088700000|100%| O|  |TAMS 0x0000000088600000| PB 0x0000000088600000| Untracked 
| 135|0x0000000088700000, 0x0000000088800000, 0x0000000088800000|100%| O|  |TAMS 0x0000000088700000| PB 0x0000000088700000| Untracked 
| 136|0x0000000088800000, 0x0000000088800000, 0x0000000088900000|  0%| F|  |TAMS 0x0000000088800000| PB 0x0000000088800000| Untracked 
| 137|0x0000000088900000, 0x0000000088900000, 0x0000000088a00000|  0%| F|  |TAMS 0x0000000088900000| PB 0x0000000088900000| Untracked 
| 138|0x0000000088a00000, 0x0000000088b00000, 0x0000000088b00000|100%| O|  |TAMS 0x0000000088a00000| PB 0x0000000088a00000| Untracked 
| 139|0x0000000088b00000, 0x0000000088c00000, 0x0000000088c00000|100%| O|  |TAMS 0x0000000088b00000| PB 0x0000000088b00000| Untracked 
| 140|0x0000000088c00000, 0x0000000088d00000, 0x0000000088d00000|100%| O|  |TAMS 0x0000000088c00000| PB 0x0000000088c00000| Untracked 
| 141|0x0000000088d00000, 0x0000000088e00000, 0x0000000088e00000|100%| O|  |TAMS 0x0000000088d00000| PB 0x0000000088d00000| Untracked 
| 142|0x0000000088e00000, 0x0000000088f00000, 0x0000000088f00000|100%| O|  |TAMS 0x0000000088e00000| PB 0x0000000088e00000| Untracked 
| 143|0x0000000088f00000, 0x0000000088f00000, 0x0000000089000000|  0%| F|  |TAMS 0x0000000088f00000| PB 0x0000000088f00000| Untracked 
| 144|0x0000000089000000, 0x0000000089100000, 0x0000000089100000|100%| O|  |TAMS 0x0000000089000000| PB 0x0000000089000000| Untracked 
| 145|0x0000000089100000, 0x0000000089200000, 0x0000000089200000|100%| O|  |TAMS 0x0000000089100000| PB 0x0000000089100000| Untracked 
| 146|0x0000000089200000, 0x0000000089300000, 0x0000000089300000|100%| O|CS|TAMS 0x0000000089200000| PB 0x0000000089200000| Complete 
| 147|0x0000000089300000, 0x0000000089400000, 0x0000000089400000|100%| O|  |TAMS 0x0000000089300000| PB 0x0000000089300000| Untracked 
| 148|0x0000000089400000, 0x0000000089400000, 0x0000000089500000|  0%| F|  |TAMS 0x0000000089400000| PB 0x0000000089400000| Untracked 
| 149|0x0000000089500000, 0x0000000089500000, 0x0000000089600000|  0%| F|  |TAMS 0x0000000089500000| PB 0x0000000089500000| Untracked 
| 150|0x0000000089600000, 0x0000000089600000, 0x0000000089700000|  0%| F|  |TAMS 0x0000000089600000| PB 0x0000000089600000| Untracked 
| 151|0x0000000089700000, 0x0000000089700000, 0x0000000089800000|  0%| F|  |TAMS 0x0000000089700000| PB 0x0000000089700000| Untracked 
| 152|0x0000000089800000, 0x0000000089800000, 0x0000000089900000|  0%| F|  |TAMS 0x0000000089800000| PB 0x0000000089800000| Untracked 
| 153|0x0000000089900000, 0x0000000089a00000, 0x0000000089a00000|100%| O|  |TAMS 0x0000000089900000| PB 0x0000000089900000| Untracked 
| 154|0x0000000089a00000, 0x0000000089a00000, 0x0000000089b00000|  0%| F|  |TAMS 0x0000000089a00000| PB 0x0000000089a00000| Untracked 
| 155|0x0000000089b00000, 0x0000000089c00000, 0x0000000089c00000|100%| O|  |TAMS 0x0000000089b00000| PB 0x0000000089b00000| Untracked 
| 156|0x0000000089c00000, 0x0000000089d00000, 0x0000000089d00000|100%|HS|  |TAMS 0x0000000089c00000| PB 0x0000000089c00000| Complete 
| 157|0x0000000089d00000, 0x0000000089e00000, 0x0000000089e00000|100%|HC|  |TAMS 0x0000000089d00000| PB 0x0000000089d00000| Complete 
| 158|0x0000000089e00000, 0x0000000089f00000, 0x0000000089f00000|100%|HC|  |TAMS 0x0000000089e00000| PB 0x0000000089e00000| Complete 
| 159|0x0000000089f00000, 0x000000008a000000, 0x000000008a000000|100%|HC|  |TAMS 0x0000000089f00000| PB 0x0000000089f00000| Complete 
| 160|0x000000008a000000, 0x000000008a100000, 0x000000008a100000|100%|HC|  |TAMS 0x000000008a000000| PB 0x000000008a000000| Complete 
| 161|0x000000008a100000, 0x000000008a200000, 0x000000008a200000|100%|HC|  |TAMS 0x000000008a100000| PB 0x000000008a100000| Complete 
| 162|0x000000008a200000, 0x000000008a300000, 0x000000008a300000|100%|HS|  |TAMS 0x000000008a200000| PB 0x000000008a200000| Complete 
| 163|0x000000008a300000, 0x000000008a400000, 0x000000008a400000|100%|HC|  |TAMS 0x000000008a300000| PB 0x000000008a300000| Complete 
| 164|0x000000008a400000, 0x000000008a500000, 0x000000008a500000|100%|HC|  |TAMS 0x000000008a400000| PB 0x000000008a400000| Complete 
| 165|0x000000008a500000, 0x000000008a600000, 0x000000008a600000|100%|HC|  |TAMS 0x000000008a500000| PB 0x000000008a500000| Complete 
| 166|0x000000008a600000, 0x000000008a700000, 0x000000008a700000|100%|HC|  |TAMS 0x000000008a600000| PB 0x000000008a600000| Complete 
| 167|0x000000008a700000, 0x000000008a800000, 0x000000008a800000|100%|HC|  |TAMS 0x000000008a700000| PB 0x000000008a700000| Complete 
| 168|0x000000008a800000, 0x000000008a800000, 0x000000008a900000|  0%| F|  |TAMS 0x000000008a800000| PB 0x000000008a800000| Untracked 
| 169|0x000000008a900000, 0x000000008aa00000, 0x000000008aa00000|100%| O|  |TAMS 0x000000008a900000| PB 0x000000008a900000| Untracked 
| 170|0x000000008aa00000, 0x000000008aa00000, 0x000000008ab00000|  0%| F|  |TAMS 0x000000008aa00000| PB 0x000000008aa00000| Untracked 
| 171|0x000000008ab00000, 0x000000008ac00000, 0x000000008ac00000|100%| O|  |TAMS 0x000000008ab00000| PB 0x000000008ab00000| Untracked 
| 172|0x000000008ac00000, 0x000000008ad00000, 0x000000008ad00000|100%| O|  |TAMS 0x000000008ac00000| PB 0x000000008ac00000| Untracked 
| 173|0x000000008ad00000, 0x000000008ae00000, 0x000000008ae00000|100%| O|  |TAMS 0x000000008ad00000| PB 0x000000008ad00000| Untracked 
| 174|0x000000008ae00000, 0x000000008af00000, 0x000000008af00000|100%| O|  |TAMS 0x000000008ae00000| PB 0x000000008ae00000| Untracked 
| 175|0x000000008af00000, 0x000000008b000000, 0x000000008b000000|100%| O|  |TAMS 0x000000008af00000| PB 0x000000008af00000| Untracked 
| 176|0x000000008b000000, 0x000000008b100000, 0x000000008b100000|100%| O|  |TAMS 0x000000008b000000| PB 0x000000008b000000| Untracked 
| 177|0x000000008b100000, 0x000000008b200000, 0x000000008b200000|100%| O|  |TAMS 0x000000008b100000| PB 0x000000008b100000| Untracked 
| 178|0x000000008b200000, 0x000000008b300000, 0x000000008b300000|100%| O|  |TAMS 0x000000008b200000| PB 0x000000008b200000| Untracked 
| 179|0x000000008b300000, 0x000000008b400000, 0x000000008b400000|100%| O|  |TAMS 0x000000008b300000| PB 0x000000008b300000| Untracked 
| 180|0x000000008b400000, 0x000000008b500000, 0x000000008b500000|100%|HS|  |TAMS 0x000000008b400000| PB 0x000000008b400000| Complete 
| 181|0x000000008b500000, 0x000000008b600000, 0x000000008b600000|100%|HC|  |TAMS 0x000000008b500000| PB 0x000000008b500000| Complete 
| 182|0x000000008b600000, 0x000000008b700000, 0x000000008b700000|100%|HC|  |TAMS 0x000000008b600000| PB 0x000000008b600000| Complete 
| 183|0x000000008b700000, 0x000000008b800000, 0x000000008b800000|100%|HC|  |TAMS 0x000000008b700000| PB 0x000000008b700000| Complete 
| 184|0x000000008b800000, 0x000000008b900000, 0x000000008b900000|100%|HC|  |TAMS 0x000000008b800000| PB 0x000000008b800000| Complete 
| 185|0x000000008b900000, 0x000000008ba00000, 0x000000008ba00000|100%|HC|  |TAMS 0x000000008b900000| PB 0x000000008b900000| Complete 
| 186|0x000000008ba00000, 0x000000008bb00000, 0x000000008bb00000|100%| O|  |TAMS 0x000000008ba00000| PB 0x000000008ba00000| Untracked 
| 187|0x000000008bb00000, 0x000000008bb00000, 0x000000008bc00000|  0%| F|  |TAMS 0x000000008bb00000| PB 0x000000008bb00000| Untracked 
| 188|0x000000008bc00000, 0x000000008bc00000, 0x000000008bd00000|  0%| F|  |TAMS 0x000000008bc00000| PB 0x000000008bc00000| Untracked 
| 189|0x000000008bd00000, 0x000000008bd00000, 0x000000008be00000|  0%| F|  |TAMS 0x000000008bd00000| PB 0x000000008bd00000| Untracked 
| 190|0x000000008be00000, 0x000000008be00000, 0x000000008bf00000|  0%| F|  |TAMS 0x000000008be00000| PB 0x000000008be00000| Untracked 
| 191|0x000000008bf00000, 0x000000008bf00000, 0x000000008c000000|  0%| F|  |TAMS 0x000000008bf00000| PB 0x000000008bf00000| Untracked 
| 192|0x000000008c000000, 0x000000008c100000, 0x000000008c100000|100%| O|  |TAMS 0x000000008c000000| PB 0x000000008c000000| Untracked 
| 193|0x000000008c100000, 0x000000008c200000, 0x000000008c200000|100%| O|  |TAMS 0x000000008c100000| PB 0x000000008c100000| Untracked 
| 194|0x000000008c200000, 0x000000008c300000, 0x000000008c300000|100%| O|  |TAMS 0x000000008c200000| PB 0x000000008c200000| Untracked 
| 195|0x000000008c300000, 0x000000008c400000, 0x000000008c400000|100%| O|  |TAMS 0x000000008c300000| PB 0x000000008c300000| Untracked 
| 196|0x000000008c400000, 0x000000008c500000, 0x000000008c500000|100%| O|  |TAMS 0x000000008c400000| PB 0x000000008c400000| Untracked 
| 197|0x000000008c500000, 0x000000008c500000, 0x000000008c600000|  0%| F|  |TAMS 0x000000008c500000| PB 0x000000008c500000| Untracked 
| 198|0x000000008c600000, 0x000000008c700000, 0x000000008c700000|100%| O|  |TAMS 0x000000008c600000| PB 0x000000008c600000| Untracked 
| 199|0x000000008c700000, 0x000000008c800000, 0x000000008c800000|100%| O|  |TAMS 0x000000008c700000| PB 0x000000008c700000| Untracked 
| 200|0x000000008c800000, 0x000000008c900000, 0x000000008c900000|100%| O|  |TAMS 0x000000008c800000| PB 0x000000008c800000| Untracked 
| 201|0x000000008c900000, 0x000000008ca00000, 0x000000008ca00000|100%| O|  |TAMS 0x000000008c900000| PB 0x000000008c900000| Untracked 
| 202|0x000000008ca00000, 0x000000008cb00000, 0x000000008cb00000|100%| O|  |TAMS 0x000000008ca00000| PB 0x000000008ca00000| Untracked 
| 203|0x000000008cb00000, 0x000000008cc00000, 0x000000008cc00000|100%| O|  |TAMS 0x000000008cb00000| PB 0x000000008cb00000| Untracked 
| 204|0x000000008cc00000, 0x000000008cd00000, 0x000000008cd00000|100%| O|  |TAMS 0x000000008cc00000| PB 0x000000008cc00000| Untracked 
| 205|0x000000008cd00000, 0x000000008ce00000, 0x000000008ce00000|100%| O|  |TAMS 0x000000008cd00000| PB 0x000000008cd00000| Untracked 
| 206|0x000000008ce00000, 0x000000008cf00000, 0x000000008cf00000|100%| O|  |TAMS 0x000000008ce00000| PB 0x000000008ce00000| Untracked 
| 207|0x000000008cf00000, 0x000000008d000000, 0x000000008d000000|100%| O|  |TAMS 0x000000008cf00000| PB 0x000000008cf00000| Untracked 
| 208|0x000000008d000000, 0x000000008d100000, 0x000000008d100000|100%| O|  |TAMS 0x000000008d000000| PB 0x000000008d000000| Untracked 
| 209|0x000000008d100000, 0x000000008d200000, 0x000000008d200000|100%| O|  |TAMS 0x000000008d100000| PB 0x000000008d100000| Untracked 
| 210|0x000000008d200000, 0x000000008d300000, 0x000000008d300000|100%| O|CS|TAMS 0x000000008d200000| PB 0x000000008d200000| Complete 
| 211|0x000000008d300000, 0x000000008d400000, 0x000000008d400000|100%| O|CS|TAMS 0x000000008d300000| PB 0x000000008d300000| Complete 
| 212|0x000000008d400000, 0x000000008d500000, 0x000000008d500000|100%| O|  |TAMS 0x000000008d400000| PB 0x000000008d400000| Untracked 
| 213|0x000000008d500000, 0x000000008d600000, 0x000000008d600000|100%| O|  |TAMS 0x000000008d500000| PB 0x000000008d500000| Untracked 
| 214|0x000000008d600000, 0x000000008d700000, 0x000000008d700000|100%| O|  |TAMS 0x000000008d600000| PB 0x000000008d600000| Untracked 
| 215|0x000000008d700000, 0x000000008d800000, 0x000000008d800000|100%| O|CS|TAMS 0x000000008d700000| PB 0x000000008d700000| Complete 
| 216|0x000000008d800000, 0x000000008d900000, 0x000000008d900000|100%| O|  |TAMS 0x000000008d800000| PB 0x000000008d800000| Untracked 
| 217|0x000000008d900000, 0x000000008da00000, 0x000000008da00000|100%| O|  |TAMS 0x000000008d900000| PB 0x000000008d900000| Untracked 
| 218|0x000000008da00000, 0x000000008db00000, 0x000000008db00000|100%| O|  |TAMS 0x000000008da00000| PB 0x000000008da00000| Untracked 
| 219|0x000000008db00000, 0x000000008dc00000, 0x000000008dc00000|100%| O|  |TAMS 0x000000008db00000| PB 0x000000008db00000| Untracked 
| 220|0x000000008dc00000, 0x000000008dd00000, 0x000000008dd00000|100%| O|  |TAMS 0x000000008dc00000| PB 0x000000008dc00000| Untracked 
| 221|0x000000008dd00000, 0x000000008de00000, 0x000000008de00000|100%| O|  |TAMS 0x000000008dd00000| PB 0x000000008dd00000| Untracked 
| 222|0x000000008de00000, 0x000000008df00000, 0x000000008df00000|100%| O|  |TAMS 0x000000008de00000| PB 0x000000008de00000| Untracked 
| 223|0x000000008df00000, 0x000000008e000000, 0x000000008e000000|100%| O|  |TAMS 0x000000008df00000| PB 0x000000008df00000| Untracked 
| 224|0x000000008e000000, 0x000000008e100000, 0x000000008e100000|100%| O|  |TAMS 0x000000008e000000| PB 0x000000008e000000| Untracked 
| 225|0x000000008e100000, 0x000000008e200000, 0x000000008e200000|100%| O|  |TAMS 0x000000008e100000| PB 0x000000008e100000| Untracked 
| 226|0x000000008e200000, 0x000000008e200000, 0x000000008e300000|  0%| F|  |TAMS 0x000000008e200000| PB 0x000000008e200000| Untracked 
| 227|0x000000008e300000, 0x000000008e300000, 0x000000008e400000|  0%| F|  |TAMS 0x000000008e300000| PB 0x000000008e300000| Untracked 
| 228|0x000000008e400000, 0x000000008e400000, 0x000000008e500000|  0%| F|  |TAMS 0x000000008e400000| PB 0x000000008e400000| Untracked 
| 229|0x000000008e500000, 0x000000008e600000, 0x000000008e600000|100%| O|  |TAMS 0x000000008e500000| PB 0x000000008e500000| Untracked 
| 230|0x000000008e600000, 0x000000008e700000, 0x000000008e700000|100%| O|  |TAMS 0x000000008e600000| PB 0x000000008e600000| Untracked 
| 231|0x000000008e700000, 0x000000008e800000, 0x000000008e800000|100%| O|  |TAMS 0x000000008e700000| PB 0x000000008e700000| Untracked 
| 232|0x000000008e800000, 0x000000008e800000, 0x000000008e900000|  0%| F|  |TAMS 0x000000008e800000| PB 0x000000008e800000| Untracked 
| 233|0x000000008e900000, 0x000000008e935940, 0x000000008ea00000| 20%| S|  |TAMS 0x000000008e900000| PB 0x000000008e900000| Complete 
| 234|0x000000008ea00000, 0x000000008eb00000, 0x000000008eb00000|100%| S|  |TAMS 0x000000008ea00000| PB 0x000000008ea00000| Complete 
| 235|0x000000008eb00000, 0x000000008ec00000, 0x000000008ec00000|100%| S|  |TAMS 0x000000008eb00000| PB 0x000000008eb00000| Complete 
| 236|0x000000008ec00000, 0x000000008ed00000, 0x000000008ed00000|100%| S|  |TAMS 0x000000008ec00000| PB 0x000000008ec00000| Complete 
| 237|0x000000008ed00000, 0x000000008ee00000, 0x000000008ee00000|100%| S|  |TAMS 0x000000008ed00000| PB 0x000000008ed00000| Complete 
| 238|0x000000008ee00000, 0x000000008ef00000, 0x000000008ef00000|100%| S|  |TAMS 0x000000008ee00000| PB 0x000000008ee00000| Complete 
| 239|0x000000008ef00000, 0x000000008f000000, 0x000000008f000000|100%| S|  |TAMS 0x000000008ef00000| PB 0x000000008ef00000| Complete 
| 240|0x000000008f000000, 0x000000008f100000, 0x000000008f100000|100%| S|  |TAMS 0x000000008f000000| PB 0x000000008f000000| Complete 
| 241|0x000000008f100000, 0x000000008f200000, 0x000000008f200000|100%| S|  |TAMS 0x000000008f100000| PB 0x000000008f100000| Complete 
| 242|0x000000008f200000, 0x000000008f300000, 0x000000008f300000|100%| E|CS|TAMS 0x000000008f200000| PB 0x000000008f200000| Complete 
| 243|0x000000008f300000, 0x000000008f400000, 0x000000008f400000|100%| E|CS|TAMS 0x000000008f300000| PB 0x000000008f300000| Complete 
| 244|0x000000008f400000, 0x000000008f500000, 0x000000008f500000|100%| E|CS|TAMS 0x000000008f400000| PB 0x000000008f400000| Complete 
| 245|0x000000008f500000, 0x000000008f600000, 0x000000008f600000|100%| E|CS|TAMS 0x000000008f500000| PB 0x000000008f500000| Complete 
| 246|0x000000008f600000, 0x000000008f700000, 0x000000008f700000|100%| E|CS|TAMS 0x000000008f600000| PB 0x000000008f600000| Complete 
| 247|0x000000008f700000, 0x000000008f800000, 0x000000008f800000|100%| E|CS|TAMS 0x000000008f700000| PB 0x000000008f700000| Complete 
| 248|0x000000008f800000, 0x000000008f900000, 0x000000008f900000|100%| E|CS|TAMS 0x000000008f800000| PB 0x000000008f800000| Complete 
| 249|0x000000008f900000, 0x000000008fa00000, 0x000000008fa00000|100%| E|CS|TAMS 0x000000008f900000| PB 0x000000008f900000| Complete 
| 250|0x000000008fa00000, 0x000000008fb00000, 0x000000008fb00000|100%| E|CS|TAMS 0x000000008fa00000| PB 0x000000008fa00000| Complete 
| 251|0x000000008fb00000, 0x000000008fc00000, 0x000000008fc00000|100%| E|CS|TAMS 0x000000008fb00000| PB 0x000000008fb00000| Complete 
| 252|0x000000008fc00000, 0x000000008fd00000, 0x000000008fd00000|100%| E|CS|TAMS 0x000000008fc00000| PB 0x000000008fc00000| Complete 
| 253|0x000000008fd00000, 0x000000008fe00000, 0x000000008fe00000|100%| E|CS|TAMS 0x000000008fd00000| PB 0x000000008fd00000| Complete 
| 254|0x000000008fe00000, 0x000000008ff00000, 0x000000008ff00000|100%| E|CS|TAMS 0x000000008fe00000| PB 0x000000008fe00000| Complete 
| 255|0x000000008ff00000, 0x0000000090000000, 0x0000000090000000|100%| E|CS|TAMS 0x000000008ff00000| PB 0x000000008ff00000| Complete 
| 256|0x0000000090000000, 0x0000000090100000, 0x0000000090100000|100%| E|CS|TAMS 0x0000000090000000| PB 0x0000000090000000| Complete 
| 257|0x0000000090100000, 0x0000000090200000, 0x0000000090200000|100%| E|CS|TAMS 0x0000000090100000| PB 0x0000000090100000| Complete 
| 258|0x0000000090200000, 0x0000000090300000, 0x0000000090300000|100%| E|CS|TAMS 0x0000000090200000| PB 0x0000000090200000| Complete 
| 259|0x0000000090300000, 0x0000000090400000, 0x0000000090400000|100%| E|CS|TAMS 0x0000000090300000| PB 0x0000000090300000| Complete 
| 260|0x0000000090400000, 0x0000000090500000, 0x0000000090500000|100%| E|CS|TAMS 0x0000000090400000| PB 0x0000000090400000| Complete 
| 261|0x0000000090500000, 0x0000000090600000, 0x0000000090600000|100%| E|CS|TAMS 0x0000000090500000| PB 0x0000000090500000| Complete 
| 262|0x0000000090600000, 0x0000000090700000, 0x0000000090700000|100%| E|CS|TAMS 0x0000000090600000| PB 0x0000000090600000| Complete 
| 263|0x0000000090700000, 0x0000000090800000, 0x0000000090800000|100%| E|CS|TAMS 0x0000000090700000| PB 0x0000000090700000| Complete 
| 264|0x0000000090800000, 0x0000000090900000, 0x0000000090900000|100%| E|CS|TAMS 0x0000000090800000| PB 0x0000000090800000| Complete 
| 265|0x0000000090900000, 0x0000000090a00000, 0x0000000090a00000|100%| E|CS|TAMS 0x0000000090900000| PB 0x0000000090900000| Complete 
| 266|0x0000000090a00000, 0x0000000090b00000, 0x0000000090b00000|100%| E|CS|TAMS 0x0000000090a00000| PB 0x0000000090a00000| Complete 
| 267|0x0000000090b00000, 0x0000000090c00000, 0x0000000090c00000|100%| E|CS|TAMS 0x0000000090b00000| PB 0x0000000090b00000| Complete 
| 268|0x0000000090c00000, 0x0000000090d00000, 0x0000000090d00000|100%| E|CS|TAMS 0x0000000090c00000| PB 0x0000000090c00000| Complete 
| 269|0x0000000090d00000, 0x0000000090e00000, 0x0000000090e00000|100%| E|CS|TAMS 0x0000000090d00000| PB 0x0000000090d00000| Complete 
| 270|0x0000000090e00000, 0x0000000090f00000, 0x0000000090f00000|100%| E|CS|TAMS 0x0000000090e00000| PB 0x0000000090e00000| Complete 
| 271|0x0000000090f00000, 0x0000000091000000, 0x0000000091000000|100%| E|CS|TAMS 0x0000000090f00000| PB 0x0000000090f00000| Complete 
| 272|0x0000000091000000, 0x0000000091100000, 0x0000000091100000|100%| E|CS|TAMS 0x0000000091000000| PB 0x0000000091000000| Complete 
| 273|0x0000000091100000, 0x0000000091200000, 0x0000000091200000|100%| E|CS|TAMS 0x0000000091100000| PB 0x0000000091100000| Complete 
| 274|0x0000000091200000, 0x0000000091300000, 0x0000000091300000|100%| E|CS|TAMS 0x0000000091200000| PB 0x0000000091200000| Complete 
| 275|0x0000000091300000, 0x0000000091400000, 0x0000000091400000|100%| E|CS|TAMS 0x0000000091300000| PB 0x0000000091300000| Complete 
| 276|0x0000000091400000, 0x0000000091500000, 0x0000000091500000|100%| E|CS|TAMS 0x0000000091400000| PB 0x0000000091400000| Complete 
| 277|0x0000000091500000, 0x0000000091600000, 0x0000000091600000|100%| E|CS|TAMS 0x0000000091500000| PB 0x0000000091500000| Complete 
| 278|0x0000000091600000, 0x0000000091700000, 0x0000000091700000|100%| E|CS|TAMS 0x0000000091600000| PB 0x0000000091600000| Complete 
| 279|0x0000000091700000, 0x0000000091800000, 0x0000000091800000|100%| E|CS|TAMS 0x0000000091700000| PB 0x0000000091700000| Complete 
| 280|0x0000000091800000, 0x0000000091900000, 0x0000000091900000|100%| E|CS|TAMS 0x0000000091800000| PB 0x0000000091800000| Complete 
| 281|0x0000000091900000, 0x0000000091a00000, 0x0000000091a00000|100%| E|CS|TAMS 0x0000000091900000| PB 0x0000000091900000| Complete 
| 282|0x0000000091a00000, 0x0000000091b00000, 0x0000000091b00000|100%| E|CS|TAMS 0x0000000091a00000| PB 0x0000000091a00000| Complete 
| 283|0x0000000091b00000, 0x0000000091c00000, 0x0000000091c00000|100%| E|CS|TAMS 0x0000000091b00000| PB 0x0000000091b00000| Complete 
| 284|0x0000000091c00000, 0x0000000091d00000, 0x0000000091d00000|100%| E|CS|TAMS 0x0000000091c00000| PB 0x0000000091c00000| Complete 
| 285|0x0000000091d00000, 0x0000000091e00000, 0x0000000091e00000|  0%| F|CS|TAMS 0x0000000091d00000| PB 0x0000000091d00000| Untracked 
| 286|0x0000000091e00000, 0x0000000091e00000, 0x0000000091f00000|  0%| F|CS|TAMS 0x0000000091e00000| PB 0x0000000091e00000| Untracked 
| 287|0x0000000091f00000, 0x0000000091f00000, 0x0000000092000000|  0%| F|CS|TAMS 0x0000000091f00000| PB 0x0000000091f00000| Untracked 
| 288|0x0000000092000000, 0x0000000092000000, 0x0000000092100000|  0%| F|CS|TAMS 0x0000000092000000| PB 0x0000000092000000| Untracked 
| 289|0x0000000092100000, 0x0000000092100000, 0x0000000092200000|  0%| F|CS|TAMS 0x0000000092100000| PB 0x0000000092100000| Untracked 
| 290|0x0000000092200000, 0x0000000092200000, 0x0000000092300000|  0%| F|CS|TAMS 0x0000000092200000| PB 0x0000000092200000| Untracked 
| 291|0x0000000092300000, 0x0000000092300000, 0x0000000092400000|  0%| F|CS|TAMS 0x0000000092300000| PB 0x0000000092300000| Untracked 
| 292|0x0000000092400000, 0x0000000092400000, 0x0000000092500000|  0%| F|CS|TAMS 0x0000000092400000| PB 0x0000000092400000| Untracked 
| 293|0x0000000092500000, 0x0000000092500000, 0x0000000092600000|  0%| F|CS|TAMS 0x0000000092500000| PB 0x0000000092500000| Untracked 
| 294|0x0000000092600000, 0x0000000092600000, 0x0000000092700000|  0%| F|CS|TAMS 0x0000000092600000| PB 0x0000000092600000| Untracked 
| 295|0x0000000092700000, 0x0000000092700000, 0x0000000092800000|  0%| F|  |TAMS 0x0000000092700000| PB 0x0000000092700000| Untracked 
| 296|0x0000000092800000, 0x0000000092800000, 0x0000000092900000|  0%| F|  |TAMS 0x0000000092800000| PB 0x0000000092800000| Untracked 
| 297|0x0000000092900000, 0x0000000092900000, 0x0000000092a00000|  0%| F|  |TAMS 0x0000000092900000| PB 0x0000000092900000| Untracked 
| 298|0x0000000092a00000, 0x0000000092a00000, 0x0000000092b00000|  0%| F|  |TAMS 0x0000000092a00000| PB 0x0000000092a00000| Untracked 
| 299|0x0000000092b00000, 0x0000000092b00000, 0x0000000092c00000|  0%| F|  |TAMS 0x0000000092b00000| PB 0x0000000092b00000| Untracked 
| 300|0x0000000092c00000, 0x0000000092c00000, 0x0000000092d00000|  0%| F|  |TAMS 0x0000000092c00000| PB 0x0000000092c00000| Untracked 
| 301|0x0000000092d00000, 0x0000000092d00000, 0x0000000092e00000|  0%| F|  |TAMS 0x0000000092d00000| PB 0x0000000092d00000| Untracked 
| 302|0x0000000092e00000, 0x0000000092e00000, 0x0000000092f00000|  0%| F|  |TAMS 0x0000000092e00000| PB 0x0000000092e00000| Untracked 
| 303|0x0000000092f00000, 0x0000000092f00000, 0x0000000093000000|  0%| F|  |TAMS 0x0000000092f00000| PB 0x0000000092f00000| Untracked 
| 304|0x0000000093000000, 0x0000000093000000, 0x0000000093100000|  0%| F|  |TAMS 0x0000000093000000| PB 0x0000000093000000| Untracked 
| 305|0x0000000093100000, 0x0000000093100000, 0x0000000093200000|  0%| F|  |TAMS 0x0000000093100000| PB 0x0000000093100000| Untracked 
| 306|0x0000000093200000, 0x0000000093200000, 0x0000000093300000|  0%| F|  |TAMS 0x0000000093200000| PB 0x0000000093200000| Untracked 
| 307|0x0000000093300000, 0x0000000093300000, 0x0000000093400000|  0%| F|  |TAMS 0x0000000093300000| PB 0x0000000093300000| Untracked 
| 308|0x0000000093400000, 0x0000000093400000, 0x0000000093500000|  0%| F|  |TAMS 0x0000000093400000| PB 0x0000000093400000| Untracked 
| 309|0x0000000093500000, 0x0000000093500000, 0x0000000093600000|  0%| F|  |TAMS 0x0000000093500000| PB 0x0000000093500000| Untracked 
| 310|0x0000000093600000, 0x0000000093600000, 0x0000000093700000|  0%| F|  |TAMS 0x0000000093600000| PB 0x0000000093600000| Untracked 
| 311|0x0000000093700000, 0x0000000093700000, 0x0000000093800000|  0%| F|  |TAMS 0x0000000093700000| PB 0x0000000093700000| Untracked 
| 312|0x0000000093800000, 0x0000000093800000, 0x0000000093900000|  0%| F|  |TAMS 0x0000000093800000| PB 0x0000000093800000| Untracked 
| 313|0x0000000093900000, 0x0000000093900000, 0x0000000093a00000|  0%| F|  |TAMS 0x0000000093900000| PB 0x0000000093900000| Untracked 
| 314|0x0000000093a00000, 0x0000000093a00000, 0x0000000093b00000|  0%| F|  |TAMS 0x0000000093a00000| PB 0x0000000093a00000| Untracked 
| 315|0x0000000093b00000, 0x0000000093b00000, 0x0000000093c00000|  0%| F|  |TAMS 0x0000000093b00000| PB 0x0000000093b00000| Untracked 
| 316|0x0000000093c00000, 0x0000000093c00000, 0x0000000093d00000|  0%| F|  |TAMS 0x0000000093c00000| PB 0x0000000093c00000| Untracked 
| 317|0x0000000093d00000, 0x0000000093d00000, 0x0000000093e00000|  0%| F|  |TAMS 0x0000000093d00000| PB 0x0000000093d00000| Untracked 
| 318|0x0000000093e00000, 0x0000000093e00000, 0x0000000093f00000|  0%| F|  |TAMS 0x0000000093e00000| PB 0x0000000093e00000| Untracked 
| 319|0x0000000093f00000, 0x0000000093f00000, 0x0000000094000000|  0%| F|  |TAMS 0x0000000093f00000| PB 0x0000000093f00000| Untracked 
| 320|0x0000000094000000, 0x0000000094000000, 0x0000000094100000|  0%| F|  |TAMS 0x0000000094000000| PB 0x0000000094000000| Untracked 
| 321|0x0000000094100000, 0x0000000094100000, 0x0000000094200000|  0%| F|  |TAMS 0x0000000094100000| PB 0x0000000094100000| Untracked 
| 322|0x0000000094200000, 0x0000000094200000, 0x0000000094300000|  0%| F|  |TAMS 0x0000000094200000| PB 0x0000000094200000| Untracked 
| 323|0x0000000094300000, 0x0000000094300000, 0x0000000094400000|  0%| F|  |TAMS 0x0000000094300000| PB 0x0000000094300000| Untracked 
| 324|0x0000000094400000, 0x0000000094400000, 0x0000000094500000|  0%| F|  |TAMS 0x0000000094400000| PB 0x0000000094400000| Untracked 
| 325|0x0000000094500000, 0x0000000094500000, 0x0000000094600000|  0%| F|  |TAMS 0x0000000094500000| PB 0x0000000094500000| Untracked 
| 326|0x0000000094600000, 0x0000000094600000, 0x0000000094700000|  0%| F|  |TAMS 0x0000000094600000| PB 0x0000000094600000| Untracked 
| 327|0x0000000094700000, 0x0000000094700000, 0x0000000094800000|  0%| F|  |TAMS 0x0000000094700000| PB 0x0000000094700000| Untracked 
| 328|0x0000000094800000, 0x0000000094800000, 0x0000000094900000|  0%| F|  |TAMS 0x0000000094800000| PB 0x0000000094800000| Untracked 
| 329|0x0000000094900000, 0x0000000094900000, 0x0000000094a00000|  0%| F|  |TAMS 0x0000000094900000| PB 0x0000000094900000| Untracked 
| 330|0x0000000094a00000, 0x0000000094a00000, 0x0000000094b00000|  0%| F|  |TAMS 0x0000000094a00000| PB 0x0000000094a00000| Untracked 
| 331|0x0000000094b00000, 0x0000000094b00000, 0x0000000094c00000|  0%| F|  |TAMS 0x0000000094b00000| PB 0x0000000094b00000| Untracked 
| 332|0x0000000094c00000, 0x0000000094c00000, 0x0000000094d00000|  0%| F|  |TAMS 0x0000000094c00000| PB 0x0000000094c00000| Untracked 
| 333|0x0000000094d00000, 0x0000000094d00000, 0x0000000094e00000|  0%| F|  |TAMS 0x0000000094d00000| PB 0x0000000094d00000| Untracked 
| 334|0x0000000094e00000, 0x0000000094e00000, 0x0000000094f00000|  0%| F|  |TAMS 0x0000000094e00000| PB 0x0000000094e00000| Untracked 
| 335|0x0000000094f00000, 0x0000000094f00000, 0x0000000095000000|  0%| F|  |TAMS 0x0000000094f00000| PB 0x0000000094f00000| Untracked 
| 336|0x0000000095000000, 0x0000000095000000, 0x0000000095100000|  0%| F|  |TAMS 0x0000000095000000| PB 0x0000000095000000| Untracked 
| 337|0x0000000095100000, 0x0000000095100000, 0x0000000095200000|  0%| F|  |TAMS 0x0000000095100000| PB 0x0000000095100000| Untracked 
| 338|0x0000000095200000, 0x0000000095200000, 0x0000000095300000|  0%| F|  |TAMS 0x0000000095200000| PB 0x0000000095200000| Untracked 
| 339|0x0000000095300000, 0x0000000095300000, 0x0000000095400000|  0%| F|  |TAMS 0x0000000095300000| PB 0x0000000095300000| Untracked 
| 340|0x0000000095400000, 0x0000000095400000, 0x0000000095500000|  0%| F|  |TAMS 0x0000000095400000| PB 0x0000000095400000| Untracked 
| 341|0x0000000095500000, 0x0000000095500000, 0x0000000095600000|  0%| F|  |TAMS 0x0000000095500000| PB 0x0000000095500000| Untracked 
| 342|0x0000000095600000, 0x0000000095600000, 0x0000000095700000|  0%| F|  |TAMS 0x0000000095600000| PB 0x0000000095600000| Untracked 
| 343|0x0000000095700000, 0x0000000095700000, 0x0000000095800000|  0%| F|  |TAMS 0x0000000095700000| PB 0x0000000095700000| Untracked 
| 344|0x0000000095800000, 0x0000000095800000, 0x0000000095900000|  0%| F|  |TAMS 0x0000000095800000| PB 0x0000000095800000| Untracked 
| 345|0x0000000095900000, 0x0000000095900000, 0x0000000095a00000|  0%| F|  |TAMS 0x0000000095900000| PB 0x0000000095900000| Untracked 
| 346|0x0000000095a00000, 0x0000000095a00000, 0x0000000095b00000|  0%| F|  |TAMS 0x0000000095a00000| PB 0x0000000095a00000| Untracked 
| 347|0x0000000095b00000, 0x0000000095b00000, 0x0000000095c00000|  0%| F|  |TAMS 0x0000000095b00000| PB 0x0000000095b00000| Untracked 
| 348|0x0000000095c00000, 0x0000000095c00000, 0x0000000095d00000|  0%| F|  |TAMS 0x0000000095c00000| PB 0x0000000095c00000| Untracked 
| 349|0x0000000095d00000, 0x0000000095d00000, 0x0000000095e00000|  0%| F|  |TAMS 0x0000000095d00000| PB 0x0000000095d00000| Untracked 
| 350|0x0000000095e00000, 0x0000000095e00000, 0x0000000095f00000|  0%| F|  |TAMS 0x0000000095e00000| PB 0x0000000095e00000| Untracked 
| 351|0x0000000095f00000, 0x0000000095f00000, 0x0000000096000000|  0%| F|  |TAMS 0x0000000095f00000| PB 0x0000000095f00000| Untracked 
| 352|0x0000000096000000, 0x0000000096000000, 0x0000000096100000|  0%| F|  |TAMS 0x0000000096000000| PB 0x0000000096000000| Untracked 
| 353|0x0000000096100000, 0x0000000096100000, 0x0000000096200000|  0%| F|  |TAMS 0x0000000096100000| PB 0x0000000096100000| Untracked 
| 354|0x0000000096200000, 0x0000000096200000, 0x0000000096300000|  0%| F|  |TAMS 0x0000000096200000| PB 0x0000000096200000| Untracked 
| 355|0x0000000096300000, 0x0000000096300000, 0x0000000096400000|  0%| F|  |TAMS 0x0000000096300000| PB 0x0000000096300000| Untracked 
| 356|0x0000000096400000, 0x0000000096400000, 0x0000000096500000|  0%| F|  |TAMS 0x0000000096400000| PB 0x0000000096400000| Untracked 
| 357|0x0000000096500000, 0x0000000096500000, 0x0000000096600000|  0%| F|  |TAMS 0x0000000096500000| PB 0x0000000096500000| Untracked 
| 358|0x0000000096600000, 0x0000000096600000, 0x0000000096700000|  0%| F|  |TAMS 0x0000000096600000| PB 0x0000000096600000| Untracked 
| 359|0x0000000096700000, 0x0000000096700000, 0x0000000096800000|  0%| F|  |TAMS 0x0000000096700000| PB 0x0000000096700000| Untracked 
| 360|0x0000000096800000, 0x0000000096800000, 0x0000000096900000|  0%| F|  |TAMS 0x0000000096800000| PB 0x0000000096800000| Untracked 
| 361|0x0000000096900000, 0x0000000096900000, 0x0000000096a00000|  0%| F|  |TAMS 0x0000000096900000| PB 0x0000000096900000| Untracked 
| 362|0x0000000096a00000, 0x0000000096a00000, 0x0000000096b00000|  0%| F|  |TAMS 0x0000000096a00000| PB 0x0000000096a00000| Untracked 
| 363|0x0000000096b00000, 0x0000000096b00000, 0x0000000096c00000|  0%| F|  |TAMS 0x0000000096b00000| PB 0x0000000096b00000| Untracked 
| 364|0x0000000096c00000, 0x0000000096c00000, 0x0000000096d00000|  0%| F|  |TAMS 0x0000000096c00000| PB 0x0000000096c00000| Untracked 
| 365|0x0000000096d00000, 0x0000000096d00000, 0x0000000096e00000|  0%| F|  |TAMS 0x0000000096d00000| PB 0x0000000096d00000| Untracked 
| 366|0x0000000096e00000, 0x0000000096e00000, 0x0000000096f00000|  0%| F|  |TAMS 0x0000000096e00000| PB 0x0000000096e00000| Untracked 
| 367|0x0000000096f00000, 0x0000000096f00000, 0x0000000097000000|  0%| F|  |TAMS 0x0000000096f00000| PB 0x0000000096f00000| Untracked 
| 368|0x0000000097000000, 0x0000000097000000, 0x0000000097100000|  0%| F|  |TAMS 0x0000000097000000| PB 0x0000000097000000| Untracked 
| 369|0x0000000097100000, 0x0000000097100000, 0x0000000097200000|  0%| F|  |TAMS 0x0000000097100000| PB 0x0000000097100000| Untracked 
| 370|0x0000000097200000, 0x0000000097200000, 0x0000000097300000|  0%| F|  |TAMS 0x0000000097200000| PB 0x0000000097200000| Untracked 
| 371|0x0000000097300000, 0x0000000097300000, 0x0000000097400000|  0%| F|  |TAMS 0x0000000097300000| PB 0x0000000097300000| Untracked 
| 372|0x0000000097400000, 0x0000000097400000, 0x0000000097500000|  0%| F|  |TAMS 0x0000000097400000| PB 0x0000000097400000| Untracked 
| 373|0x0000000097500000, 0x0000000097500000, 0x0000000097600000|  0%| F|  |TAMS 0x0000000097500000| PB 0x0000000097500000| Untracked 
| 374|0x0000000097600000, 0x0000000097600000, 0x0000000097700000|  0%| F|  |TAMS 0x0000000097600000| PB 0x0000000097600000| Untracked 
| 375|0x0000000097700000, 0x0000000097700000, 0x0000000097800000|  0%| F|  |TAMS 0x0000000097700000| PB 0x0000000097700000| Untracked 
| 376|0x0000000097800000, 0x0000000097800000, 0x0000000097900000|  0%| F|  |TAMS 0x0000000097800000| PB 0x0000000097800000| Untracked 
| 377|0x0000000097900000, 0x0000000097900000, 0x0000000097a00000|  0%| F|  |TAMS 0x0000000097900000| PB 0x0000000097900000| Untracked 
| 378|0x0000000097a00000, 0x0000000097a00000, 0x0000000097b00000|  0%| F|  |TAMS 0x0000000097a00000| PB 0x0000000097a00000| Untracked 
| 379|0x0000000097b00000, 0x0000000097b00000, 0x0000000097c00000|  0%| F|  |TAMS 0x0000000097b00000| PB 0x0000000097b00000| Untracked 
| 380|0x0000000097c00000, 0x0000000097c00000, 0x0000000097d00000|  0%| F|  |TAMS 0x0000000097c00000| PB 0x0000000097c00000| Untracked 
| 381|0x0000000097d00000, 0x0000000097d00000, 0x0000000097e00000|  0%| F|  |TAMS 0x0000000097d00000| PB 0x0000000097d00000| Untracked 
| 382|0x0000000097e00000, 0x0000000097e00000, 0x0000000097f00000|  0%| F|  |TAMS 0x0000000097e00000| PB 0x0000000097e00000| Untracked 
| 383|0x0000000097f00000, 0x0000000097f00000, 0x0000000098000000|  0%| F|  |TAMS 0x0000000097f00000| PB 0x0000000097f00000| Untracked 
| 384|0x0000000098000000, 0x0000000098000000, 0x0000000098100000|  0%| F|  |TAMS 0x0000000098000000| PB 0x0000000098000000| Untracked 
| 385|0x0000000098100000, 0x0000000098100000, 0x0000000098200000|  0%| F|  |TAMS 0x0000000098100000| PB 0x0000000098100000| Untracked 
| 386|0x0000000098200000, 0x0000000098200000, 0x0000000098300000|  0%| F|  |TAMS 0x0000000098200000| PB 0x0000000098200000| Untracked 
| 387|0x0000000098300000, 0x0000000098300000, 0x0000000098400000|  0%| F|  |TAMS 0x0000000098300000| PB 0x0000000098300000| Untracked 
| 388|0x0000000098400000, 0x0000000098400000, 0x0000000098500000|  0%| F|  |TAMS 0x0000000098400000| PB 0x0000000098400000| Untracked 
| 389|0x0000000098500000, 0x0000000098500000, 0x0000000098600000|  0%| F|  |TAMS 0x0000000098500000| PB 0x0000000098500000| Untracked 
| 390|0x0000000098600000, 0x0000000098600000, 0x0000000098700000|  0%| F|  |TAMS 0x0000000098600000| PB 0x0000000098600000| Untracked 
| 391|0x0000000098700000, 0x0000000098700000, 0x0000000098800000|  0%| F|  |TAMS 0x0000000098700000| PB 0x0000000098700000| Untracked 
| 392|0x0000000098800000, 0x0000000098800000, 0x0000000098900000|  0%| F|  |TAMS 0x0000000098800000| PB 0x0000000098800000| Untracked 
| 393|0x0000000098900000, 0x0000000098900000, 0x0000000098a00000|  0%| F|  |TAMS 0x0000000098900000| PB 0x0000000098900000| Untracked 
| 394|0x0000000098a00000, 0x0000000098a00000, 0x0000000098b00000|  0%| F|  |TAMS 0x0000000098a00000| PB 0x0000000098a00000| Untracked 
| 395|0x0000000098b00000, 0x0000000098b00000, 0x0000000098c00000|  0%| F|  |TAMS 0x0000000098b00000| PB 0x0000000098b00000| Untracked 
| 396|0x0000000098c00000, 0x0000000098c00000, 0x0000000098d00000|  0%| F|  |TAMS 0x0000000098c00000| PB 0x0000000098c00000| Untracked 
| 397|0x0000000098d00000, 0x0000000098d00000, 0x0000000098e00000|  0%| F|  |TAMS 0x0000000098d00000| PB 0x0000000098d00000| Untracked 
| 398|0x0000000098e00000, 0x0000000098e00000, 0x0000000098f00000|  0%| F|  |TAMS 0x0000000098e00000| PB 0x0000000098e00000| Untracked 
| 399|0x0000000098f00000, 0x0000000098f00000, 0x0000000099000000|  0%| F|  |TAMS 0x0000000098f00000| PB 0x0000000098f00000| Untracked 
| 400|0x0000000099000000, 0x0000000099000000, 0x0000000099100000|  0%| F|  |TAMS 0x0000000099000000| PB 0x0000000099000000| Untracked 
| 401|0x0000000099100000, 0x0000000099100000, 0x0000000099200000|  0%| F|  |TAMS 0x0000000099100000| PB 0x0000000099100000| Untracked 
| 402|0x0000000099200000, 0x0000000099200000, 0x0000000099300000|  0%| F|  |TAMS 0x0000000099200000| PB 0x0000000099200000| Untracked 
| 403|0x0000000099300000, 0x0000000099300000, 0x0000000099400000|  0%| F|  |TAMS 0x0000000099300000| PB 0x0000000099300000| Untracked 
| 404|0x0000000099400000, 0x0000000099400000, 0x0000000099500000|  0%| F|  |TAMS 0x0000000099400000| PB 0x0000000099400000| Untracked 
| 405|0x0000000099500000, 0x0000000099500000, 0x0000000099600000|  0%| F|  |TAMS 0x0000000099500000| PB 0x0000000099500000| Untracked 
| 406|0x0000000099600000, 0x0000000099600000, 0x0000000099700000|  0%| F|  |TAMS 0x0000000099600000| PB 0x0000000099600000| Untracked 
| 407|0x0000000099700000, 0x0000000099700000, 0x0000000099800000|  0%| F|  |TAMS 0x0000000099700000| PB 0x0000000099700000| Untracked 
| 408|0x0000000099800000, 0x0000000099800000, 0x0000000099900000|  0%| F|  |TAMS 0x0000000099800000| PB 0x0000000099800000| Untracked 
| 409|0x0000000099900000, 0x0000000099900000, 0x0000000099a00000|  0%| F|  |TAMS 0x0000000099900000| PB 0x0000000099900000| Untracked 
| 410|0x0000000099a00000, 0x0000000099a00000, 0x0000000099b00000|  0%| F|  |TAMS 0x0000000099a00000| PB 0x0000000099a00000| Untracked 
| 411|0x0000000099b00000, 0x0000000099b00000, 0x0000000099c00000|  0%| F|  |TAMS 0x0000000099b00000| PB 0x0000000099b00000| Untracked 
| 412|0x0000000099c00000, 0x0000000099c00000, 0x0000000099d00000|  0%| F|  |TAMS 0x0000000099c00000| PB 0x0000000099c00000| Untracked 
| 413|0x0000000099d00000, 0x0000000099d00000, 0x0000000099e00000|  0%| F|  |TAMS 0x0000000099d00000| PB 0x0000000099d00000| Untracked 
| 414|0x0000000099e00000, 0x0000000099e00000, 0x0000000099f00000|  0%| F|  |TAMS 0x0000000099e00000| PB 0x0000000099e00000| Untracked 
| 415|0x0000000099f00000, 0x0000000099f00000, 0x000000009a000000|  0%| F|  |TAMS 0x0000000099f00000| PB 0x0000000099f00000| Untracked 
| 416|0x000000009a000000, 0x000000009a000000, 0x000000009a100000|  0%| F|  |TAMS 0x000000009a000000| PB 0x000000009a000000| Untracked 
| 417|0x000000009a100000, 0x000000009a100000, 0x000000009a200000|  0%| F|  |TAMS 0x000000009a100000| PB 0x000000009a100000| Untracked 
| 418|0x000000009a200000, 0x000000009a200000, 0x000000009a300000|  0%| F|  |TAMS 0x000000009a200000| PB 0x000000009a200000| Untracked 
| 419|0x000000009a300000, 0x000000009a300000, 0x000000009a400000|  0%| F|  |TAMS 0x000000009a300000| PB 0x000000009a300000| Untracked 
| 420|0x000000009a400000, 0x000000009a400000, 0x000000009a500000|  0%| F|  |TAMS 0x000000009a400000| PB 0x000000009a400000| Untracked 
| 421|0x000000009a500000, 0x000000009a500000, 0x000000009a600000|  0%| F|  |TAMS 0x000000009a500000| PB 0x000000009a500000| Untracked 
| 422|0x000000009a600000, 0x000000009a600000, 0x000000009a700000|  0%| F|  |TAMS 0x000000009a600000| PB 0x000000009a600000| Untracked 
| 423|0x000000009a700000, 0x000000009a700000, 0x000000009a800000|  0%| F|  |TAMS 0x000000009a700000| PB 0x000000009a700000| Untracked 
| 424|0x000000009a800000, 0x000000009a800000, 0x000000009a900000|  0%| F|  |TAMS 0x000000009a800000| PB 0x000000009a800000| Untracked 
| 425|0x000000009a900000, 0x000000009a900000, 0x000000009aa00000|  0%| F|  |TAMS 0x000000009a900000| PB 0x000000009a900000| Untracked 
| 426|0x000000009aa00000, 0x000000009aa00000, 0x000000009ab00000|  0%| F|  |TAMS 0x000000009aa00000| PB 0x000000009aa00000| Untracked 
| 427|0x000000009ab00000, 0x000000009ab00000, 0x000000009ac00000|  0%| F|  |TAMS 0x000000009ab00000| PB 0x000000009ab00000| Untracked 
| 428|0x000000009ac00000, 0x000000009ac00000, 0x000000009ad00000|  0%| F|  |TAMS 0x000000009ac00000| PB 0x000000009ac00000| Untracked 
| 429|0x000000009ad00000, 0x000000009ad00000, 0x000000009ae00000|  0%| F|  |TAMS 0x000000009ad00000| PB 0x000000009ad00000| Untracked 
| 430|0x000000009ae00000, 0x000000009ae00000, 0x000000009af00000|  0%| F|  |TAMS 0x000000009ae00000| PB 0x000000009ae00000| Untracked 
| 431|0x000000009af00000, 0x000000009af00000, 0x000000009b000000|  0%| F|  |TAMS 0x000000009af00000| PB 0x000000009af00000| Untracked 
| 432|0x000000009b000000, 0x000000009b000000, 0x000000009b100000|  0%| F|  |TAMS 0x000000009b000000| PB 0x000000009b000000| Untracked 
| 433|0x000000009b100000, 0x000000009b100000, 0x000000009b200000|  0%| F|  |TAMS 0x000000009b100000| PB 0x000000009b100000| Untracked 
| 434|0x000000009b200000, 0x000000009b200000, 0x000000009b300000|  0%| F|  |TAMS 0x000000009b200000| PB 0x000000009b200000| Untracked 
| 435|0x000000009b300000, 0x000000009b300000, 0x000000009b400000|  0%| F|  |TAMS 0x000000009b300000| PB 0x000000009b300000| Untracked 
| 436|0x000000009b400000, 0x000000009b400000, 0x000000009b500000|  0%| F|  |TAMS 0x000000009b400000| PB 0x000000009b400000| Untracked 
| 437|0x000000009b500000, 0x000000009b500000, 0x000000009b600000|  0%| F|  |TAMS 0x000000009b500000| PB 0x000000009b500000| Untracked 
| 438|0x000000009b600000, 0x000000009b600000, 0x000000009b700000|  0%| F|  |TAMS 0x000000009b600000| PB 0x000000009b600000| Untracked 
| 439|0x000000009b700000, 0x000000009b700000, 0x000000009b800000|  0%| F|  |TAMS 0x000000009b700000| PB 0x000000009b700000| Untracked 
| 440|0x000000009b800000, 0x000000009b800000, 0x000000009b900000|  0%| F|  |TAMS 0x000000009b800000| PB 0x000000009b800000| Untracked 
| 441|0x000000009b900000, 0x000000009b900000, 0x000000009ba00000|  0%| F|  |TAMS 0x000000009b900000| PB 0x000000009b900000| Untracked 
| 442|0x000000009ba00000, 0x000000009ba00000, 0x000000009bb00000|  0%| F|  |TAMS 0x000000009ba00000| PB 0x000000009ba00000| Untracked 
| 443|0x000000009bb00000, 0x000000009bb00000, 0x000000009bc00000|  0%| F|  |TAMS 0x000000009bb00000| PB 0x000000009bb00000| Untracked 
| 444|0x000000009bc00000, 0x000000009bc00000, 0x000000009bd00000|  0%| F|  |TAMS 0x000000009bc00000| PB 0x000000009bc00000| Untracked 
| 445|0x000000009bd00000, 0x000000009bd00000, 0x000000009be00000|  0%| F|  |TAMS 0x000000009bd00000| PB 0x000000009bd00000| Untracked 
| 446|0x000000009be00000, 0x000000009be00000, 0x000000009bf00000|  0%| F|  |TAMS 0x000000009be00000| PB 0x000000009be00000| Untracked 
| 447|0x000000009bf00000, 0x000000009bf00000, 0x000000009c000000|  0%| F|  |TAMS 0x000000009bf00000| PB 0x000000009bf00000| Untracked 
| 448|0x000000009c000000, 0x000000009c000000, 0x000000009c100000|  0%| F|  |TAMS 0x000000009c000000| PB 0x000000009c000000| Untracked 
| 449|0x000000009c100000, 0x000000009c100000, 0x000000009c200000|  0%| F|  |TAMS 0x000000009c100000| PB 0x000000009c100000| Untracked 
| 450|0x000000009c200000, 0x000000009c200000, 0x000000009c300000|  0%| F|  |TAMS 0x000000009c200000| PB 0x000000009c200000| Untracked 
| 451|0x000000009c300000, 0x000000009c300000, 0x000000009c400000|  0%| F|  |TAMS 0x000000009c300000| PB 0x000000009c300000| Untracked 
| 452|0x000000009c400000, 0x000000009c400000, 0x000000009c500000|  0%| F|  |TAMS 0x000000009c400000| PB 0x000000009c400000| Untracked 
| 453|0x000000009c500000, 0x000000009c500000, 0x000000009c600000|  0%| F|  |TAMS 0x000000009c500000| PB 0x000000009c500000| Untracked 
| 454|0x000000009c600000, 0x000000009c600000, 0x000000009c700000|  0%| F|  |TAMS 0x000000009c600000| PB 0x000000009c600000| Untracked 
| 455|0x000000009c700000, 0x000000009c700000, 0x000000009c800000|  0%| F|  |TAMS 0x000000009c700000| PB 0x000000009c700000| Untracked 
| 456|0x000000009c800000, 0x000000009c800000, 0x000000009c900000|  0%| F|  |TAMS 0x000000009c800000| PB 0x000000009c800000| Untracked 
| 457|0x000000009c900000, 0x000000009c900000, 0x000000009ca00000|  0%| F|  |TAMS 0x000000009c900000| PB 0x000000009c900000| Untracked 
| 458|0x000000009ca00000, 0x000000009ca00000, 0x000000009cb00000|  0%| F|  |TAMS 0x000000009ca00000| PB 0x000000009ca00000| Untracked 
| 459|0x000000009cb00000, 0x000000009cb00000, 0x000000009cc00000|  0%| F|  |TAMS 0x000000009cb00000| PB 0x000000009cb00000| Untracked 
| 460|0x000000009cc00000, 0x000000009cc00000, 0x000000009cd00000|  0%| F|  |TAMS 0x000000009cc00000| PB 0x000000009cc00000| Untracked 
| 461|0x000000009cd00000, 0x000000009cd00000, 0x000000009ce00000|  0%| F|  |TAMS 0x000000009cd00000| PB 0x000000009cd00000| Untracked 
| 462|0x000000009ce00000, 0x000000009ce00000, 0x000000009cf00000|  0%| F|  |TAMS 0x000000009ce00000| PB 0x000000009ce00000| Untracked 
| 463|0x000000009cf00000, 0x000000009cf00000, 0x000000009d000000|  0%| F|  |TAMS 0x000000009cf00000| PB 0x000000009cf00000| Untracked 
| 464|0x000000009d000000, 0x000000009d000000, 0x000000009d100000|  0%| F|  |TAMS 0x000000009d000000| PB 0x000000009d000000| Untracked 
| 465|0x000000009d100000, 0x000000009d100000, 0x000000009d200000|  0%| F|  |TAMS 0x000000009d100000| PB 0x000000009d100000| Untracked 
| 466|0x000000009d200000, 0x000000009d200000, 0x000000009d300000|  0%| F|  |TAMS 0x000000009d200000| PB 0x000000009d200000| Untracked 
| 467|0x000000009d300000, 0x000000009d300000, 0x000000009d400000|  0%| F|  |TAMS 0x000000009d300000| PB 0x000000009d300000| Untracked 
| 468|0x000000009d400000, 0x000000009d400000, 0x000000009d500000|  0%| F|  |TAMS 0x000000009d400000| PB 0x000000009d400000| Untracked 
| 469|0x000000009d500000, 0x000000009d500000, 0x000000009d600000|  0%| F|  |TAMS 0x000000009d500000| PB 0x000000009d500000| Untracked 
| 470|0x000000009d600000, 0x000000009d600000, 0x000000009d700000|  0%| F|  |TAMS 0x000000009d600000| PB 0x000000009d600000| Untracked 
| 471|0x000000009d700000, 0x000000009d700000, 0x000000009d800000|  0%| F|  |TAMS 0x000000009d700000| PB 0x000000009d700000| Untracked 
| 472|0x000000009d800000, 0x000000009d800000, 0x000000009d900000|  0%| F|  |TAMS 0x000000009d800000| PB 0x000000009d800000| Untracked 
| 473|0x000000009d900000, 0x000000009d900000, 0x000000009da00000|  0%| F|  |TAMS 0x000000009d900000| PB 0x000000009d900000| Untracked 
| 474|0x000000009da00000, 0x000000009da00000, 0x000000009db00000|  0%| F|  |TAMS 0x000000009da00000| PB 0x000000009da00000| Untracked 
| 475|0x000000009db00000, 0x000000009db00000, 0x000000009dc00000|  0%| F|  |TAMS 0x000000009db00000| PB 0x000000009db00000| Untracked 
| 476|0x000000009dc00000, 0x000000009dc00000, 0x000000009dd00000|  0%| F|  |TAMS 0x000000009dc00000| PB 0x000000009dc00000| Untracked 
| 477|0x000000009dd00000, 0x000000009dd00000, 0x000000009de00000|  0%| F|  |TAMS 0x000000009dd00000| PB 0x000000009dd00000| Untracked 
| 478|0x000000009de00000, 0x000000009de00000, 0x000000009df00000|  0%| F|  |TAMS 0x000000009de00000| PB 0x000000009de00000| Untracked 
| 479|0x000000009df00000, 0x000000009df00000, 0x000000009e000000|  0%| F|  |TAMS 0x000000009df00000| PB 0x000000009df00000| Untracked 
| 480|0x000000009e000000, 0x000000009e000000, 0x000000009e100000|  0%| F|  |TAMS 0x000000009e000000| PB 0x000000009e000000| Untracked 
| 481|0x000000009e100000, 0x000000009e100000, 0x000000009e200000|  0%| F|  |TAMS 0x000000009e100000| PB 0x000000009e100000| Untracked 
| 482|0x000000009e200000, 0x000000009e200000, 0x000000009e300000|  0%| F|  |TAMS 0x000000009e200000| PB 0x000000009e200000| Untracked 
| 483|0x000000009e300000, 0x000000009e300000, 0x000000009e400000|  0%| F|  |TAMS 0x000000009e300000| PB 0x000000009e300000| Untracked 
| 484|0x000000009e400000, 0x000000009e400000, 0x000000009e500000|  0%| F|  |TAMS 0x000000009e400000| PB 0x000000009e400000| Untracked 
| 485|0x000000009e500000, 0x000000009e500000, 0x000000009e600000|  0%| F|  |TAMS 0x000000009e500000| PB 0x000000009e500000| Untracked 
| 486|0x000000009e600000, 0x000000009e600000, 0x000000009e700000|  0%| F|  |TAMS 0x000000009e600000| PB 0x000000009e600000| Untracked 
| 487|0x000000009e700000, 0x000000009e700000, 0x000000009e800000|  0%| F|  |TAMS 0x000000009e700000| PB 0x000000009e700000| Untracked 
| 488|0x000000009e800000, 0x000000009e800000, 0x000000009e900000|  0%| F|  |TAMS 0x000000009e800000| PB 0x000000009e800000| Untracked 
| 489|0x000000009e900000, 0x000000009e900000, 0x000000009ea00000|  0%| F|  |TAMS 0x000000009e900000| PB 0x000000009e900000| Untracked 
| 490|0x000000009ea00000, 0x000000009ea00000, 0x000000009eb00000|  0%| F|  |TAMS 0x000000009ea00000| PB 0x000000009ea00000| Untracked 
| 491|0x000000009eb00000, 0x000000009eb00000, 0x000000009ec00000|  0%| F|  |TAMS 0x000000009eb00000| PB 0x000000009eb00000| Untracked 
| 492|0x000000009ec00000, 0x000000009ec00000, 0x000000009ed00000|  0%| F|  |TAMS 0x000000009ec00000| PB 0x000000009ec00000| Untracked 
| 493|0x000000009ed00000, 0x000000009ed00000, 0x000000009ee00000|  0%| F|  |TAMS 0x000000009ed00000| PB 0x000000009ed00000| Untracked 
| 494|0x000000009ee00000, 0x000000009ee00000, 0x000000009ef00000|  0%| F|  |TAMS 0x000000009ee00000| PB 0x000000009ee00000| Untracked 
| 495|0x000000009ef00000, 0x000000009ef00000, 0x000000009f000000|  0%| F|  |TAMS 0x000000009ef00000| PB 0x000000009ef00000| Untracked 
| 496|0x000000009f000000, 0x000000009f000000, 0x000000009f100000|  0%| F|  |TAMS 0x000000009f000000| PB 0x000000009f000000| Untracked 
| 497|0x000000009f100000, 0x000000009f100000, 0x000000009f200000|  0%| F|  |TAMS 0x000000009f100000| PB 0x000000009f100000| Untracked 
| 498|0x000000009f200000, 0x000000009f200000, 0x000000009f300000|  0%| F|  |TAMS 0x000000009f200000| PB 0x000000009f200000| Untracked 
| 499|0x000000009f300000, 0x000000009f300000, 0x000000009f400000|  0%| F|  |TAMS 0x000000009f300000| PB 0x000000009f300000| Untracked 
| 500|0x000000009f400000, 0x000000009f400000, 0x000000009f500000|  0%| F|  |TAMS 0x000000009f400000| PB 0x000000009f400000| Untracked 
| 501|0x000000009f500000, 0x000000009f500000, 0x000000009f600000|  0%| F|  |TAMS 0x000000009f500000| PB 0x000000009f500000| Untracked 
| 502|0x000000009f600000, 0x000000009f600000, 0x000000009f700000|  0%| F|  |TAMS 0x000000009f600000| PB 0x000000009f600000| Untracked 
| 503|0x000000009f700000, 0x000000009f700000, 0x000000009f800000|  0%| F|  |TAMS 0x000000009f700000| PB 0x000000009f700000| Untracked 
| 504|0x000000009f800000, 0x000000009f800000, 0x000000009f900000|  0%| F|  |TAMS 0x000000009f800000| PB 0x000000009f800000| Untracked 
| 505|0x000000009f900000, 0x000000009f900000, 0x000000009fa00000|  0%| F|  |TAMS 0x000000009f900000| PB 0x000000009f900000| Untracked 
| 506|0x000000009fa00000, 0x000000009fa00000, 0x000000009fb00000|  0%| F|  |TAMS 0x000000009fa00000| PB 0x000000009fa00000| Untracked 
| 507|0x000000009fb00000, 0x000000009fb00000, 0x000000009fc00000|  0%| F|  |TAMS 0x000000009fb00000| PB 0x000000009fb00000| Untracked 
| 508|0x000000009fc00000, 0x000000009fc00000, 0x000000009fd00000|  0%| F|  |TAMS 0x000000009fc00000| PB 0x000000009fc00000| Untracked 
| 509|0x000000009fd00000, 0x000000009fd00000, 0x000000009fe00000|  0%| F|  |TAMS 0x000000009fd00000| PB 0x000000009fd00000| Untracked 
| 510|0x000000009fe00000, 0x000000009fe00000, 0x000000009ff00000|  0%| F|  |TAMS 0x000000009fe00000| PB 0x000000009fe00000| Untracked 
|2040|0x00000000ff800000, 0x00000000ff800000, 0x00000000ff900000|  0%| F|  |TAMS 0x00000000ff800000| PB 0x00000000ff800000| Untracked 
|2041|0x00000000ff900000, 0x00000000ff900000, 0x00000000ffa00000|  0%| F|  |TAMS 0x00000000ff900000| PB 0x00000000ff900000| Untracked 
|2042|0x00000000ffa00000, 0x00000000ffa00000, 0x00000000ffb00000|  0%| F|  |TAMS 0x00000000ffa00000| PB 0x00000000ffa00000| Untracked 
|2043|0x00000000ffb00000, 0x00000000ffc00000, 0x00000000ffc00000|100%| O|  |TAMS 0x00000000ffb00000| PB 0x00000000ffb00000| Untracked 
|2044|0x00000000ffc00000, 0x00000000ffd00000, 0x00000000ffd00000|100%| O|  |TAMS 0x00000000ffc00000| PB 0x00000000ffc00000| Untracked 
|2045|0x00000000ffd00000, 0x00000000ffe00000, 0x00000000ffe00000|100%| O|  |TAMS 0x00000000ffd00000| PB 0x00000000ffd00000| Untracked 
|2046|0x00000000ffe00000, 0x00000000fff00000, 0x00000000fff00000|100%| E|  |TAMS 0x00000000ffe00000| PB 0x00000000ffe00000| Complete 
|2047|0x00000000fff00000, 0x0000000100000000, 0x0000000100000000|100%| O|  |TAMS 0x00000000fff00000| PB 0x00000000fff00000| Untracked 

Card table byte_map: [0x000001bb39900000,0x000001bb39d00000] _byte_map_base: 0x000001bb39500000

Marking Bits: (CMBitMap*) 0x000001bb26eb6970
 Bits: [0x000001bb39d00000, 0x000001bb3bd00000)

Polling page: 0x000001bb24df0000

Metaspace:

Usage:
  Non-class:    121.79 MB used.
      Class:     17.76 MB used.
       Both:    139.55 MB used.

Virtual space:
  Non-class space:      128.00 MB reserved,     122.94 MB ( 96%) committed,  2 nodes.
      Class space:        1.00 GB reserved,      18.88 MB (  2%) committed,  1 nodes.
             Both:        1.12 GB reserved,     141.81 MB ( 12%) committed. 

Chunk freelists:
   Non-Class:  4.70 MB
       Class:  13.13 MB
        Both:  17.83 MB

MaxMetaspaceSize: unlimited
CompressedClassSpaceSize: 1.00 GB
Initial GC threshold: 21.00 MB
Current GC threshold: 223.75 MB
CDS: off
 - commit_granule_bytes: 65536.
 - commit_granule_words: 8192.
 - virtual_space_node_default_size: 8388608.
 - enlarge_chunks_in_place: 1.
 - use_allocation_guard: 0.


Internal statistics:

num_allocs_failed_limit: 6.
num_arena_births: 4366.
num_arena_deaths: 10.
num_vsnodes_births: 3.
num_vsnodes_deaths: 0.
num_space_committed: 2267.
num_space_uncommitted: 0.
num_chunks_returned_to_freelist: 24.
num_chunks_taken_from_freelist: 10008.
num_chunk_merges: 7.
num_chunk_splits: 7067.
num_chunks_enlarged: 4982.
num_inconsistent_stats: 0.

CodeHeap 'non-profiled nmethods': size=120000Kb used=10699Kb max_used=10699Kb free=109300Kb
 bounds [0x000001bb31a80000, 0x000001bb32500000, 0x000001bb38fb0000]
CodeHeap 'profiled nmethods': size=120000Kb used=23303Kb max_used=23303Kb free=96696Kb
 bounds [0x000001bb29fb0000, 0x000001bb2b680000, 0x000001bb314e0000]
CodeHeap 'non-nmethods': size=5760Kb used=3063Kb max_used=3139Kb free=2697Kb
 bounds [0x000001bb314e0000, 0x000001bb31800000, 0x000001bb31a80000]
 total_blobs=13555 nmethods=12422 adapters=1034
 compilation: enabled
              stopped_count=0, restarted_count=0
 full_count=0

Compilation events (20 events):
Event: 45.108 Thread 0x000001bb3eaa93f0 15872       3       org.jetbrains.kotlin.parsing.AbstractKotlinParsing::tokenMatches (48 bytes)
Event: 45.108 Thread 0x000001bb3eaa93f0 nmethod 15872 0x000001bb2b65d390 code [0x000001bb2b65d5a0, 0x000001bb2b65dba8]
Event: 45.108 Thread 0x000001bb3eaa93f0 15878       3       org.jetbrains.kotlin.com.intellij.lang.impl.PsiBuilderImpl$StartMarker::getLexemeIndex (16 bytes)
Event: 45.109 Thread 0x000001bb3eaa93f0 nmethod 15878 0x000001bb2b65dd90 code [0x000001bb2b65df40, 0x000001bb2b65e0c0]
Event: 45.109 Thread 0x000001bb3eaa93f0 15875       3       org.jetbrains.kotlin.com.intellij.lang.impl.MarkerPool::freeMarker (30 bytes)
Event: 45.109 Thread 0x000001bb3eaa93f0 nmethod 15875 0x000001bb2b65e190 code [0x000001bb2b65e360, 0x000001bb2b65e7f0]
Event: 45.109 Thread 0x000001bb3eaa93f0 15876       3       org.jetbrains.kotlin.com.intellij.lang.impl.PsiBuilderImpl$ProductionMarker::clean (16 bytes)
Event: 45.109 Thread 0x000001bb3eaa93f0 nmethod 15876 0x000001bb2b65e990 code [0x000001bb2b65eb20, 0x000001bb2b65ec80]
Event: 45.109 Thread 0x000001bb3eaa93f0 15877       3       org.jetbrains.kotlin.it.unimi.dsi.fastutil.ints.AbstractIntList::push (7 bytes)
Event: 45.109 Thread 0x000001bb3eaa93f0 nmethod 15877 0x000001bb2b65ed10 code [0x000001bb2b65eec0, 0x000001bb2b65f078]
Event: 45.109 Thread 0x000001bb3eaa93f0 15873       3       org.jetbrains.kotlin.com.intellij.lang.impl.PsiBuilderImpl$StartMarker::drop (12 bytes)
Event: 45.109 Thread 0x000001bb3eaa93f0 nmethod 15873 0x000001bb2b65f110 code [0x000001bb2b65f2c0, 0x000001bb2b65f428]
Event: 45.109 Thread 0x000001bb3eaa93f0 15874       3       org.jetbrains.kotlin.com.intellij.lang.impl.MarkerProduction::dropMarker (48 bytes)
Event: 45.109 Thread 0x000001bb3eaa93f0 nmethod 15874 0x000001bb2b65f510 code [0x000001bb2b65f760, 0x000001bb2b6600f8]
Event: 45.110 Thread 0x000001bb3eaa93f0 15879       3       java.util.regex.Pattern$BnM::<init> (26 bytes)
Event: 45.110 Thread 0x000001bb3eaa93f0 nmethod 15879 0x000001bb2b660410 code [0x000001bb2b6605e0, 0x000001bb2b660980]
Event: 45.110 Thread 0x000001bb3eaa93f0 15881       3       org.jetbrains.kotlin.scripting.definitions.AutoloadedScriptDefinitions$definitions$1::invokeSuspend$lambda$1 (101 bytes)
Event: 45.111 Thread 0x000001bb3eaa93f0 nmethod 15881 0x000001bb2b660a90 code [0x000001bb2b660dc0, 0x000001bb2b661e48]
Event: 45.112 Thread 0x000001bb3eaa93f0 15883       3       java.io.File::toString (5 bytes)
Event: 45.112 Thread 0x000001bb3eaa93f0 nmethod 15883 0x000001bb2b662490 code [0x000001bb2b662620, 0x000001bb2b662740]

GC Heap History (20 events):
Event: 30.720 GC heap before
{Heap before GC invocations=99 (full 0):
 garbage-first heap   total 512000K, used 472903K [0x0000000080000000, 0x0000000100000000)
  region size 1024K, 261 young (267264K), 19 survivors (19456K)
 Metaspace       used 69333K, committed 70976K, reserved 1114112K
  class space    used 9172K, committed 9984K, reserved 1048576K
}
Event: 30.722 GC heap after
{Heap after GC invocations=100 (full 0):
 garbage-first heap   total 512000K, used 211424K [0x0000000080000000, 0x0000000100000000)
  region size 1024K, 5 young (5120K), 5 survivors (5120K)
 Metaspace       used 69333K, committed 70976K, reserved 1114112K
  class space    used 9172K, committed 9984K, reserved 1048576K
}
Event: 31.506 GC heap before
{Heap before GC invocations=100 (full 0):
 garbage-first heap   total 512000K, used 487904K [0x0000000080000000, 0x0000000100000000)
  region size 1024K, 268 young (274432K), 5 survivors (5120K)
 Metaspace       used 71549K, committed 73216K, reserved 1114112K
  class space    used 9413K, committed 10240K, reserved 1048576K
}
Event: 31.509 GC heap after
{Heap after GC invocations=101 (full 0):
 garbage-first heap   total 512000K, used 211017K [0x0000000080000000, 0x0000000100000000)
  region size 1024K, 7 young (7168K), 7 survivors (7168K)
 Metaspace       used 71549K, committed 73216K, reserved 1114112K
  class space    used 9413K, committed 10240K, reserved 1048576K
}
Event: 31.860 GC heap before
{Heap before GC invocations=101 (full 0):
 garbage-first heap   total 512000K, used 478281K [0x0000000080000000, 0x0000000100000000)
  region size 1024K, 268 young (274432K), 7 survivors (7168K)
 Metaspace       used 71549K, committed 73216K, reserved 1114112K
  class space    used 9413K, committed 10240K, reserved 1048576K
}
Event: 31.864 GC heap after
{Heap after GC invocations=102 (full 0):
 garbage-first heap   total 512000K, used 215290K [0x0000000080000000, 0x0000000100000000)
  region size 1024K, 11 young (11264K), 11 survivors (11264K)
 Metaspace       used 71549K, committed 73216K, reserved 1114112K
  class space    used 9413K, committed 10240K, reserved 1048576K
}
Event: 32.670 GC heap before
{Heap before GC invocations=103 (full 0):
 garbage-first heap   total 512000K, used 477434K [0x0000000080000000, 0x0000000100000000)
  region size 1024K, 264 young (270336K), 11 survivors (11264K)
 Metaspace       used 71585K, committed 73280K, reserved 1114112K
  class space    used 9417K, committed 10240K, reserved 1048576K
}
Event: 32.672 GC heap after
{Heap after GC invocations=104 (full 0):
 garbage-first heap   total 512000K, used 195944K [0x0000000080000000, 0x0000000100000000)
  region size 1024K, 2 young (2048K), 2 survivors (2048K)
 Metaspace       used 71585K, committed 73280K, reserved 1114112K
  class space    used 9417K, committed 10240K, reserved 1048576K
}
Event: 34.693 GC heap before
{Heap before GC invocations=104 (full 0):
 garbage-first heap   total 512000K, used 483688K [0x0000000080000000, 0x0000000100000000)
  region size 1024K, 283 young (289792K), 2 survivors (2048K)
 Metaspace       used 86791K, committed 88448K, reserved 1179648K
  class space    used 11734K, committed 12544K, reserved 1048576K
}
Event: 34.695 GC heap after
{Heap after GC invocations=105 (full 0):
 garbage-first heap   total 512000K, used 193075K [0x0000000080000000, 0x0000000100000000)
  region size 1024K, 4 young (4096K), 4 survivors (4096K)
 Metaspace       used 86791K, committed 88448K, reserved 1179648K
  class space    used 11734K, committed 12544K, reserved 1048576K
}
Event: 35.170 GC heap before
{Heap before GC invocations=105 (full 0):
 garbage-first heap   total 512000K, used 225843K [0x0000000080000000, 0x0000000100000000)
  region size 1024K, 37 young (37888K), 4 survivors (4096K)
 Metaspace       used 91137K, committed 92864K, reserved 1179648K
  class space    used 12291K, committed 13120K, reserved 1048576K
}
Event: 35.173 GC heap after
{Heap after GC invocations=106 (full 0):
 garbage-first heap   total 512000K, used 193864K [0x0000000080000000, 0x0000000100000000)
  region size 1024K, 5 young (5120K), 5 survivors (5120K)
 Metaspace       used 91137K, committed 92864K, reserved 1179648K
  class space    used 12291K, committed 13120K, reserved 1048576K
}
Event: 39.119 GC heap before
{Heap before GC invocations=107 (full 0):
 garbage-first heap   total 512000K, used 495944K [0x0000000080000000, 0x0000000100000000)
  region size 1024K, 284 young (290816K), 5 survivors (5120K)
 Metaspace       used 116247K, committed 118400K, reserved 1179648K
  class space    used 15156K, committed 16192K, reserved 1048576K
}
Event: 39.433 GC heap after
{Heap after GC invocations=108 (full 0):
 garbage-first heap   total 531456K, used 231647K [0x0000000080000000, 0x0000000100000000)
  region size 1024K, 33 young (33792K), 33 survivors (33792K)
 Metaspace       used 116247K, committed 118400K, reserved 1179648K
  class space    used 15156K, committed 16192K, reserved 1048576K
}
Event: 41.713 GC heap before
{Heap before GC invocations=108 (full 0):
 garbage-first heap   total 531456K, used 469215K [0x0000000080000000, 0x0000000100000000)
  region size 1024K, 265 young (271360K), 33 survivors (33792K)
 Metaspace       used 135293K, committed 137472K, reserved 1179648K
  class space    used 17116K, committed 18176K, reserved 1048576K
}
Event: 41.725 GC heap after
{Heap after GC invocations=109 (full 0):
 garbage-first heap   total 531456K, used 226786K [0x0000000080000000, 0x0000000100000000)
  region size 1024K, 7 young (7168K), 7 survivors (7168K)
 Metaspace       used 135293K, committed 137472K, reserved 1179648K
  class space    used 17116K, committed 18176K, reserved 1048576K
}
Event: 42.070 GC heap before
{Heap before GC invocations=109 (full 0):
 garbage-first heap   total 531456K, used 496098K [0x0000000080000000, 0x0000000100000000)
  region size 1024K, 270 young (276480K), 7 survivors (7168K)
 Metaspace       used 135293K, committed 137472K, reserved 1179648K
  class space    used 17116K, committed 18176K, reserved 1048576K
}
Event: 42.074 GC heap after
{Heap after GC invocations=110 (full 0):
 garbage-first heap   total 531456K, used 229905K [0x0000000080000000, 0x0000000100000000)
  region size 1024K, 10 young (10240K), 10 survivors (10240K)
 Metaspace       used 135293K, committed 137472K, reserved 1179648K
  class space    used 17116K, committed 18176K, reserved 1048576K
}
Event: 42.509 GC heap before
{Heap before GC invocations=111 (full 0):
 garbage-first heap   total 531456K, used 492049K [0x0000000080000000, 0x0000000100000000)
  region size 1024K, 267 young (273408K), 10 survivors (10240K)
 Metaspace       used 135295K, committed 137472K, reserved 1179648K
  class space    used 17116K, committed 18176K, reserved 1048576K
}
Event: 42.512 GC heap after
{Heap after GC invocations=112 (full 0):
 garbage-first heap   total 531456K, used 223812K [0x0000000080000000, 0x0000000100000000)
  region size 1024K, 5 young (5120K), 5 survivors (5120K)
 Metaspace       used 135295K, committed 137472K, reserved 1179648K
  class space    used 17116K, committed 18176K, reserved 1048576K
}

Dll operation events (3 events):
Event: 0.007 Loaded shared library C:\Program Files\Android\Android Studio1\jbr\bin\java.dll
Event: 0.011 Loaded shared library C:\Program Files\Android\Android Studio1\jbr\bin\zip.dll
Event: 0.318 Loaded shared library C:\Program Files\Android\Android Studio1\jbr\bin\verify.dll

Deoptimization events (20 events):
Event: 45.110 Thread 0x000001bb44d54200 Uncommon trap: trap_request=0xffffffbe fr.pc=0x000001bb324c41d8 relative=0x00000000000002f8
Event: 45.110 Thread 0x000001bb44d54200 Uncommon trap: reason=profile_predicate action=maybe_recompile pc=0x000001bb324c41d8 method=java.util.regex.Pattern$BnM.optimize(Ljava/util/regex/Pattern$Node;)Ljava/util/regex/Pattern$Node; @ 67 c2
Event: 45.110 Thread 0x000001bb44d54200 DEOPT PACKING pc=0x000001bb324c41d8 sp=0x000000723d0f3580
Event: 45.110 Thread 0x000001bb44d54200 DEOPT UNPACKING pc=0x000001bb315346a2 sp=0x000000723d0f3528 mode 2
Event: 45.110 Thread 0x000001bb44d54200 Uncommon trap: trap_request=0xffffffbe fr.pc=0x000001bb324c41d8 relative=0x00000000000002f8
Event: 45.110 Thread 0x000001bb44d54200 Uncommon trap: reason=profile_predicate action=maybe_recompile pc=0x000001bb324c41d8 method=java.util.regex.Pattern$BnM.optimize(Ljava/util/regex/Pattern$Node;)Ljava/util/regex/Pattern$Node; @ 67 c2
Event: 45.110 Thread 0x000001bb44d54200 DEOPT PACKING pc=0x000001bb324c41d8 sp=0x000000723d0f3580
Event: 45.110 Thread 0x000001bb44d54200 DEOPT UNPACKING pc=0x000001bb315346a2 sp=0x000000723d0f3528 mode 2
Event: 45.110 Thread 0x000001bb44d54200 Uncommon trap: trap_request=0xffffffbe fr.pc=0x000001bb324c41d8 relative=0x00000000000002f8
Event: 45.110 Thread 0x000001bb44d54200 Uncommon trap: reason=profile_predicate action=maybe_recompile pc=0x000001bb324c41d8 method=java.util.regex.Pattern$BnM.optimize(Ljava/util/regex/Pattern$Node;)Ljava/util/regex/Pattern$Node; @ 67 c2
Event: 45.110 Thread 0x000001bb44d54200 DEOPT PACKING pc=0x000001bb324c41d8 sp=0x000000723d0f3580
Event: 45.110 Thread 0x000001bb44d54200 DEOPT UNPACKING pc=0x000001bb315346a2 sp=0x000000723d0f3528 mode 2
Event: 45.110 Thread 0x000001bb44d54200 Uncommon trap: trap_request=0xffffffbe fr.pc=0x000001bb324c41d8 relative=0x00000000000002f8
Event: 45.110 Thread 0x000001bb44d54200 Uncommon trap: reason=profile_predicate action=maybe_recompile pc=0x000001bb324c41d8 method=java.util.regex.Pattern$BnM.optimize(Ljava/util/regex/Pattern$Node;)Ljava/util/regex/Pattern$Node; @ 67 c2
Event: 45.110 Thread 0x000001bb44d54200 DEOPT PACKING pc=0x000001bb324c41d8 sp=0x000000723d0f3580
Event: 45.110 Thread 0x000001bb44d54200 DEOPT UNPACKING pc=0x000001bb315346a2 sp=0x000000723d0f3528 mode 2
Event: 45.111 Thread 0x000001bb44d54200 Uncommon trap: trap_request=0xffffff6e fr.pc=0x000001bb31c0536c relative=0x000000000000086c
Event: 45.111 Thread 0x000001bb44d54200 Uncommon trap: reason=loop_limit_check action=maybe_recompile pc=0x000001bb31c0536c method=java.util.regex.Pattern$BnM.optimize(Ljava/util/regex/Pattern$Node;)Ljava/util/regex/Pattern$Node; @ 78 c2
Event: 45.111 Thread 0x000001bb44d54200 DEOPT PACKING pc=0x000001bb31c0536c sp=0x000000723d0f3570
Event: 45.111 Thread 0x000001bb44d54200 DEOPT UNPACKING pc=0x000001bb315346a2 sp=0x000000723d0f3520 mode 2

Classes loaded (20 events):
Event: 44.954 Loading class java/util/function/LongUnaryOperator
Event: 44.954 Loading class java/util/function/LongUnaryOperator done
Event: 45.022 Loading class javax/net/ssl/HostnameVerifier
Event: 45.022 Loading class javax/net/ssl/HostnameVerifier done
Event: 45.023 Loading class javax/net/ssl/TrustManager
Event: 45.023 Loading class javax/net/ssl/TrustManager done
Event: 45.023 Loading class javax/net/ssl/X509TrustManager
Event: 45.023 Loading class javax/net/ssl/X509TrustManager done
Event: 45.024 Loading class javax/net/ssl/SSLException
Event: 45.025 Loading class javax/net/ssl/SSLException done
Event: 45.025 Loading class javax/naming/NamingException
Event: 45.025 Loading class javax/naming/NamingException done
Event: 45.025 Loading class javax/naming/InvalidNameException
Event: 45.025 Loading class javax/naming/InvalidNameException done
Event: 45.025 Loading class javax/net/ssl/SSLPeerUnverifiedException
Event: 45.025 Loading class javax/net/ssl/SSLPeerUnverifiedException done
Event: 45.025 Loading class java/security/cert/CertificateParsingException
Event: 45.025 Loading class java/security/cert/CertificateException
Event: 45.025 Loading class java/security/cert/CertificateException done
Event: 45.025 Loading class java/security/cert/CertificateParsingException done

Classes unloaded (20 events):
Event: 4.714 Thread 0x000001bb3e989ce0 Unloading class 0x00000001006f0548 '_BuildScript_$_run_closure1'
Event: 4.714 Thread 0x000001bb3e989ce0 Unloading class 0x00000001006f0000 '_BuildScript_'
Event: 5.341 Thread 0x000001bb3e989ce0 Unloading class 0x00000001007ac948 '_BuildScript_$_run_closure1$_closure2'
Event: 5.341 Thread 0x000001bb3e989ce0 Unloading class 0x00000001007ac548 '_BuildScript_$_run_closure1'
Event: 5.341 Thread 0x000001bb3e989ce0 Unloading class 0x00000001007ac000 '_BuildScript_'
Event: 9.797 Thread 0x000001bb3e989ce0 Unloading class 0x0000000100974948 '_BuildScript_$_run_closure1$_closure2'
Event: 9.797 Thread 0x000001bb3e989ce0 Unloading class 0x0000000100974548 '_BuildScript_$_run_closure1'
Event: 9.797 Thread 0x000001bb3e989ce0 Unloading class 0x0000000100974000 '_BuildScript_'
Event: 9.797 Thread 0x000001bb3e989ce0 Unloading class 0x0000000100968948 '_BuildScript_$_run_closure2'
Event: 9.797 Thread 0x000001bb3e989ce0 Unloading class 0x0000000100968548 '_BuildScript_$_run_closure1'
Event: 9.797 Thread 0x000001bb3e989ce0 Unloading class 0x0000000100968000 '_BuildScript_'
Event: 27.563 Thread 0x000001bb3e989ce0 Unloading class 0x0000000100979948 '_BuildScript_$_run_closure1$_closure3'
Event: 27.563 Thread 0x000001bb3e989ce0 Unloading class 0x0000000100979548 '_BuildScript_$_run_closure1$_closure2'
Event: 27.563 Thread 0x000001bb3e989ce0 Unloading class 0x0000000100979148 '_BuildScript_$_run_closure1'
Event: 27.563 Thread 0x000001bb3e989ce0 Unloading class 0x0000000100978c00 '_BuildScript_'
Event: 27.563 Thread 0x000001bb3e989ce0 Unloading class 0x0000000100978800 'JetGradlePlugin$_apply_closure1$_closure2$_closure3'
Event: 27.563 Thread 0x000001bb3e989ce0 Unloading class 0x0000000100978400 'JetGradlePlugin$_apply_closure1$_closure2'
Event: 27.563 Thread 0x000001bb3e989ce0 Unloading class 0x0000000100978000 'JetGradlePlugin$_apply_closure1'
Event: 27.563 Thread 0x000001bb3e989ce0 Unloading class 0x0000000100974ae0 'JetGradlePlugin'
Event: 27.563 Thread 0x000001bb3e989ce0 Unloading class 0x0000000100974800 'RegistryProcessor'

Classes redefined (0 events):
No events

Internal exceptions (20 events):
Event: 44.674 Thread 0x000001bb44d29190 Exception <a 'java/lang/NoSuchMethodError'{0x0000000092dd2e10}: static Lorg/gradle/internal/operations/OperationIdentifier;.<clinit>()V> (0x0000000092dd2e10) 
thrown [s\src\hotspot\share\prims\jni.cpp, line 1139]
Event: 44.820 Thread 0x000001bb44d54200 Exception <a 'java/lang/NoSuchMethodError'{0x0000000091a8f250}: 'void java.lang.invoke.DelegatingMethodHandle$Holder.reinvoke_L(java.lang.Object, java.lang.Object, int)'> (0x0000000091a8f250) 
thrown [s\src\hotspot\share\interpreter\linkResolver.cpp, line 784]
Event: 44.821 Thread 0x000001bb44d54200 Exception <a 'java/lang/NoSuchMethodError'{0x0000000091aa2230}: 'long java.lang.invoke.DelegatingMethodHandle$Holder.reinvoke_L(java.lang.Object, java.lang.Object)'> (0x0000000091aa2230) 
thrown [s\src\hotspot\share\interpreter\linkResolver.cpp, line 784]
Event: 44.821 Thread 0x000001bb44d54200 Exception <a 'java/lang/NoSuchMethodError'{0x0000000091aacaa0}: 'void java.lang.invoke.DelegatingMethodHandle$Holder.reinvoke_L(java.lang.Object, java.lang.Object, long)'> (0x0000000091aacaa0) 
thrown [s\src\hotspot\share\interpreter\linkResolver.cpp, line 784]
Event: 44.848 Thread 0x000001bb44d54200 Exception <a 'java/lang/ClassNotFoundException'{0x00000000917d5b18}: org/gradle/internal/serialize/codecs/core/ClosureCodec$BrokenScriptBeanInfo> (0x00000000917d5b18) 
thrown [s\src\hotspot\share\classfile\systemDictionary.cpp, line 312]
Event: 44.848 Thread 0x000001bb44d54200 Exception <a 'java/lang/ClassNotFoundException'{0x00000000917e5c38}: org/gradle/internal/serialize/codecs/core/ClosureCodec$BrokenScriptCustomizer> (0x00000000917e5c38) 
thrown [s\src\hotspot\share\classfile\systemDictionary.cpp, line 312]
Event: 44.849 Thread 0x000001bb44d54200 Exception <a 'java/lang/ClassNotFoundException'{0x0000000091601ab0}: org/gradle/api/invocation/GradleBeanInfo> (0x0000000091601ab0) 
thrown [s\src\hotspot\share\classfile\systemDictionary.cpp, line 312]
Event: 44.849 Thread 0x000001bb44d54200 Exception <a 'java/lang/ClassNotFoundException'{0x000000009160edf0}: org/gradle/api/invocation/GradleCustomizer> (0x000000009160edf0) 
thrown [s\src\hotspot\share\classfile\systemDictionary.cpp, line 312]
Event: 44.850 Thread 0x000001bb44d54200 Exception <a 'java/lang/NoSuchMethodError'{0x0000000091631098}: 'void java.lang.invoke.Invokers$Holder.invokeExact_MT(java.lang.Object, java.lang.Object, int, java.lang.Object)'> (0x0000000091631098) 
thrown [s\src\hotspot\share\interpreter\linkResolver.cpp, line 784]
Event: 44.852 Thread 0x000001bb44d54200 Exception <a 'java/lang/NoSuchMethodError'{0x000000009164d900}: 'void java.lang.invoke.Invokers$Holder.invokeExact_MT(java.lang.Object, java.lang.Object, long, java.lang.Object)'> (0x000000009164d900) 
thrown [s\src\hotspot\share\interpreter\linkResolver.cpp, line 784]
Event: 44.885 Thread 0x000001bb44d54200 Exception <a 'java/lang/ClassNotFoundException'{0x0000000091588248}: org/gradle/api/internal/project/DefaultProject_DecoratedBeanInfo> (0x0000000091588248) 
thrown [s\src\hotspot\share\classfile\systemDictionary.cpp, line 312]
Event: 44.885 Thread 0x000001bb44d54200 Exception <a 'java/lang/ClassNotFoundException'{0x00000000915944c8}: org/gradle/api/internal/project/DefaultProjectBeanInfo> (0x00000000915944c8) 
thrown [s\src\hotspot\share\classfile\systemDictionary.cpp, line 312]
Event: 44.885 Thread 0x000001bb44d54200 Exception <a 'java/lang/ClassNotFoundException'{0x00000000915a0800}: org/gradle/api/internal/project/DefaultProjectCustomizer> (0x00000000915a0800) 
thrown [s\src\hotspot\share\classfile\systemDictionary.cpp, line 312]
Event: 44.888 Thread 0x000001bb44d54200 Exception <a 'java/lang/ClassNotFoundException'{0x000000009145d9f0}: org/gradle/api/internal/project/DefaultProject_DecoratedCustomizer> (0x000000009145d9f0) 
thrown [s\src\hotspot\share\classfile\systemDictionary.cpp, line 312]
Event: 44.954 Thread 0x000001bb44d54200 Exception <a 'java/lang/NoSuchMethodError'{0x0000000090dea6f0}: 'long java.lang.invoke.DirectMethodHandle$Holder.invokeStatic(java.lang.Object, long)'> (0x0000000090dea6f0) 
thrown [s\src\hotspot\share\interpreter\linkResolver.cpp, line 784]
Event: 45.018 Thread 0x000001bb44d54200 Exception <a 'java/lang/NoSuchMethodError'{0x0000000090861360}: 'java.lang.Object java.lang.invoke.DirectMethodHandle$Holder.invokeVirtual(java.lang.Object, java.lang.Object, java.lang.Object, java.lang.Object, java.lang.Object, java.lang.Object, java.lang.Object, java.lang.Object, java.lang.Object, java.lang.Object, java.lang.Object, java.lang.Object, java.lang.Object, java.lang.Object, java.lang.Object, java.lang.Object, java.lang.Object)'> (0x0000000090861360) 
thrown [s\src\hotspot\share\interpreter\li
Event: 45.018 Thread 0x000001bb44d54200 Exception <a 'java/lang/NoSuchMethodError'{0x0000000090867498}: 'java.lang.Object java.lang.invoke.DirectMethodHandle$Holder.invokeSpecial(java.lang.Object, java.lang.Object, java.lang.Object, java.lang.Object, java.lang.Object, java.lang.Object, java.lang.Object, java.lang.Object, java.lang.Object, java.lang.Object, java.lang.Object, java.lang.Object, java.lang.Object, java.lang.Object, java.lang.Object, java.lang.Object, java.lang.Object, java.lang.Object)'> (0x0000000090867498) 
thrown [s\src\hotspot\sh
Event: 45.018 Thread 0x000001bb44d54200 Exception <a 'java/lang/NoSuchMethodError'{0x000000009086cc68}: 'java.lang.Object java.lang.invoke.DelegatingMethodHandle$Holder.reinvoke_L(java.lang.Object, java.lang.Object, java.lang.Object, java.lang.Object, java.lang.Object, java.lang.Object, java.lang.Object, java.lang.Object, java.lang.Object, java.lang.Object, java.lang.Object, java.lang.Object, java.lang.Object, java.lang.Object, java.lang.Object, java.lang.Object, java.lang.Object)'> (0x000000009086cc68) 
thrown [s\src\hotspot\share\interpreter\l
Event: 45.075 Thread 0x000001bb44d54200 Exception <a 'sun/nio/fs/WindowsException'{0x00000000904a7370}> (0x00000000904a7370) 
thrown [s\src\hotspot\share\prims\jni.cpp, line 535]
Event: 45.075 Thread 0x000001bb44d54200 Exception <a 'sun/nio/fs/WindowsException'{0x00000000904a9420}> (0x00000000904a9420) 
thrown [s\src\hotspot\share\prims\jni.cpp, line 535]

ZGC Phase Switch (0 events):
No events

VM Operations (20 events):
Event: 43.180 Executing VM operation: ICBufferFull
Event: 43.180 Executing VM operation: ICBufferFull done
Event: 43.359 Executing VM operation: ICBufferFull
Event: 43.359 Executing VM operation: ICBufferFull done
Event: 43.413 Executing VM operation: ICBufferFull
Event: 43.413 Executing VM operation: ICBufferFull done
Event: 44.414 Executing VM operation: Cleanup
Event: 44.633 Executing VM operation: Cleanup done
Event: 44.706 Executing VM operation: HandshakeAllThreads (Deoptimize)
Event: 44.706 Executing VM operation: HandshakeAllThreads (Deoptimize) done
Event: 44.733 Executing VM operation: HandshakeAllThreads (Deoptimize)
Event: 44.733 Executing VM operation: HandshakeAllThreads (Deoptimize) done
Event: 44.789 Executing VM operation: HandshakeAllThreads (Deoptimize)
Event: 44.789 Executing VM operation: HandshakeAllThreads (Deoptimize) done
Event: 44.811 Executing VM operation: HandshakeAllThreads (Deoptimize)
Event: 44.811 Executing VM operation: HandshakeAllThreads (Deoptimize) done
Event: 44.982 Executing VM operation: ICBufferFull
Event: 44.982 Executing VM operation: ICBufferFull done
Event: 45.989 Executing VM operation: Cleanup
Event: 45.989 Executing VM operation: Cleanup done

Memory protections (0 events):
No events

Nmethod flushes (20 events):
Event: 42.148 Thread 0x000001bb3e989ce0 flushing  nmethod 0x000001bb2a049490
Event: 42.148 Thread 0x000001bb3e989ce0 flushing  nmethod 0x000001bb2a049910
Event: 42.148 Thread 0x000001bb3e989ce0 flushing  nmethod 0x000001bb2a0fd390
Event: 42.148 Thread 0x000001bb3e989ce0 flushing  nmethod 0x000001bb2a100a10
Event: 42.148 Thread 0x000001bb3e989ce0 flushing  nmethod 0x000001bb2a1ac890
Event: 42.148 Thread 0x000001bb3e989ce0 flushing  nmethod 0x000001bb2a28ac90
Event: 42.148 Thread 0x000001bb3e989ce0 flushing  nmethod 0x000001bb2a28d910
Event: 42.148 Thread 0x000001bb3e989ce0 flushing  nmethod 0x000001bb2a290310
Event: 42.148 Thread 0x000001bb3e989ce0 flushing  nmethod 0x000001bb2a366c10
Event: 42.148 Thread 0x000001bb3e989ce0 flushing  nmethod 0x000001bb2a367d90
Event: 42.148 Thread 0x000001bb3e989ce0 flushing  nmethod 0x000001bb2a43ba10
Event: 42.148 Thread 0x000001bb3e989ce0 flushing  nmethod 0x000001bb2a446510
Event: 42.148 Thread 0x000001bb3e989ce0 flushing  nmethod 0x000001bb2a4f8210
Event: 42.148 Thread 0x000001bb3e989ce0 flushing  nmethod 0x000001bb2a792890
Event: 42.148 Thread 0x000001bb3e989ce0 flushing  nmethod 0x000001bb2a79b590
Event: 42.148 Thread 0x000001bb3e989ce0 flushing  nmethod 0x000001bb2a88ed90
Event: 42.148 Thread 0x000001bb3e989ce0 flushing  nmethod 0x000001bb2a88fe10
Event: 42.148 Thread 0x000001bb3e989ce0 flushing  nmethod 0x000001bb2ab0b190
Event: 42.148 Thread 0x000001bb3e989ce0 flushing  nmethod 0x000001bb2ac5a110
Event: 42.148 Thread 0x000001bb3e989ce0 flushing  nmethod 0x000001bb2ac5b190

Events (20 events):
Event: 34.959 Thread 0x000001bb3eaa93f0 Thread added: 0x000001bb48504eb0
Event: 35.210 Thread 0x000001bb3eaa4170 Thread added: 0x000001bb48505580
Event: 35.548 Thread 0x000001bb48505580 Thread exited: 0x000001bb48505580
Event: 36.081 Thread 0x000001bb48504eb0 Thread exited: 0x000001bb48504eb0
Event: 36.863 Thread 0x000001bb3eaa93f0 Thread added: 0x000001bb48505580
Event: 37.592 Thread 0x000001bb48505580 Thread exited: 0x000001bb48505580
Event: 37.740 Thread 0x000001bb3eaa93f0 Thread added: 0x000001bb48507790
Event: 37.740 Thread 0x000001bb3eaa93f0 Thread added: 0x000001bb48507e60
Event: 39.578 Thread 0x000001bb48507e60 Thread exited: 0x000001bb48507e60
Event: 39.762 Thread 0x000001bb3eaa93f0 Thread added: 0x000001bb45631840
Event: 40.033 Thread 0x000001bb45631840 Thread exited: 0x000001bb45631840
Event: 41.657 Thread 0x000001bb48507790 Thread exited: 0x000001bb48507790
Event: 42.458 Thread 0x000001bb3eaa4170 Thread added: 0x000001bb48507e60
Event: 42.587 Thread 0x000001bb48507e60 Thread exited: 0x000001bb48507e60
Event: 42.792 Thread 0x000001bb44d54200 Thread added: 0x000001bb48e08870
Event: 42.883 Thread 0x000001bb3eaa93f0 Thread added: 0x000001bb48507790
Event: 42.920 Thread 0x000001bb3eaa93f0 Thread added: 0x000001bb48507e60
Event: 43.996 Thread 0x000001bb48507e60 Thread exited: 0x000001bb48507e60
Event: 43.996 Thread 0x000001bb48507790 Thread exited: 0x000001bb48507790
Event: 44.684 Thread 0x000001bb3eaa4170 Thread added: 0x000001bb470da800


Dynamic libraries:
0x00007ff66a6d0000 - 0x00007ff66a6da000 	C:\Program Files\Android\Android Studio1\jbr\bin\java.exe
0x00007ff913620000 - 0x00007ff913888000 	C:\WINDOWS\SYSTEM32\ntdll.dll
0x00007ff911bb0000 - 0x00007ff911c79000 	C:\WINDOWS\System32\KERNEL32.DLL
0x00007ff910fd0000 - 0x00007ff9113bd000 	C:\WINDOWS\System32\KERNELBASE.dll
0x00007ff9108f0000 - 0x00007ff910a3b000 	C:\WINDOWS\System32\ucrtbase.dll
0x00007ff90b660000 - 0x00007ff90b67b000 	C:\Program Files\Android\Android Studio1\jbr\bin\VCRUNTIME140.dll
0x00007ff8f39b0000 - 0x00007ff8f39c8000 	C:\Program Files\Android\Android Studio1\jbr\bin\jli.dll
0x00007ff913410000 - 0x00007ff9135dc000 	C:\WINDOWS\System32\USER32.dll
0x00007ff910e70000 - 0x00007ff910e97000 	C:\WINDOWS\System32\win32u.dll
0x00007ff8f9860000 - 0x00007ff8f9afa000 	C:\WINDOWS\WinSxS\amd64_microsoft.windows.common-controls_6595b64144ccf1df_6.0.26100.4484_none_3e0e6d4ce32ef3b3\COMCTL32.dll
0x00007ff911920000 - 0x00007ff91194b000 	C:\WINDOWS\System32\GDI32.dll
0x00007ff912380000 - 0x00007ff912429000 	C:\WINDOWS\System32\msvcrt.dll
0x00007ff910d30000 - 0x00007ff910e67000 	C:\WINDOWS\System32\gdi32full.dll
0x00007ff910c80000 - 0x00007ff910d23000 	C:\WINDOWS\System32\msvcp_win.dll
0x00007ff911420000 - 0x00007ff91144f000 	C:\WINDOWS\System32\IMM32.DLL
0x00007ff8ff890000 - 0x00007ff8ff89c000 	C:\Program Files\Android\Android Studio1\jbr\bin\vcruntime140_1.dll
0x00007ff8bfee0000 - 0x00007ff8bff6d000 	C:\Program Files\Android\Android Studio1\jbr\bin\msvcp140.dll
0x00007ff888a50000 - 0x00007ff8896db000 	C:\Program Files\Android\Android Studio1\jbr\bin\server\jvm.dll
0x00007ff9122c0000 - 0x00007ff912374000 	C:\WINDOWS\System32\ADVAPI32.dll
0x00007ff9117e0000 - 0x00007ff911886000 	C:\WINDOWS\System32\sechost.dll
0x00007ff9132e0000 - 0x00007ff9133f8000 	C:\WINDOWS\System32\RPCRT4.dll
0x00007ff911950000 - 0x00007ff9119c4000 	C:\WINDOWS\System32\WS2_32.dll
0x00007ff910420000 - 0x00007ff91047e000 	C:\WINDOWS\SYSTEM32\POWRPROF.dll
0x00007ff902fa0000 - 0x00007ff902fd5000 	C:\WINDOWS\SYSTEM32\WINMM.dll
0x00007ff90a850000 - 0x00007ff90a85b000 	C:\WINDOWS\SYSTEM32\VERSION.dll
0x00007ff910400000 - 0x00007ff910414000 	C:\WINDOWS\SYSTEM32\UMPDC.dll
0x00007ff90f510000 - 0x00007ff90f52b000 	C:\WINDOWS\SYSTEM32\kernel.appcore.dll
0x00007ff8fc3b0000 - 0x00007ff8fc3ba000 	C:\Program Files\Android\Android Studio1\jbr\bin\jimage.dll
0x00007ff900930000 - 0x00007ff900b71000 	C:\WINDOWS\SYSTEM32\DBGHELP.DLL
0x00007ff912cb0000 - 0x00007ff913036000 	C:\WINDOWS\System32\combase.dll
0x00007ff9131f0000 - 0x00007ff9132d0000 	C:\WINDOWS\System32\OLEAUT32.dll
0x00007ff8ee7a0000 - 0x00007ff8ee7e3000 	C:\WINDOWS\SYSTEM32\dbgcore.DLL
0x00007ff910f30000 - 0x00007ff910fc9000 	C:\WINDOWS\System32\bcryptPrimitives.dll
0x00007ff90d810000 - 0x00007ff90d81e000 	C:\Program Files\Android\Android Studio1\jbr\bin\instrument.dll
0x00007ff8f8060000 - 0x00007ff8f8080000 	C:\Program Files\Android\Android Studio1\jbr\bin\java.dll
0x00007ff8f8030000 - 0x00007ff8f8048000 	C:\Program Files\Android\Android Studio1\jbr\bin\zip.dll
0x00007ff912430000 - 0x00007ff912b7a000 	C:\WINDOWS\System32\SHELL32.dll
0x00007ff910770000 - 0x00007ff9108e4000 	C:\WINDOWS\System32\wintypes.dll
0x00007ff90e3f0000 - 0x00007ff90ec4b000 	C:\WINDOWS\SYSTEM32\windows.storage.dll
0x00007ff911d10000 - 0x00007ff911e05000 	C:\WINDOWS\System32\SHCORE.dll
0x00007ff9119d0000 - 0x00007ff911a3a000 	C:\WINDOWS\System32\shlwapi.dll
0x00007ff910680000 - 0x00007ff9106af000 	C:\WINDOWS\SYSTEM32\profapi.dll
0x00007ff8f8020000 - 0x00007ff8f8030000 	C:\Program Files\Android\Android Studio1\jbr\bin\net.dll
0x00007ff907cc0000 - 0x00007ff907dde000 	C:\WINDOWS\SYSTEM32\WINHTTP.dll
0x00007ff90faa0000 - 0x00007ff90fb0a000 	C:\WINDOWS\system32\mswsock.dll
0x00007ff8f78d0000 - 0x00007ff8f78e6000 	C:\Program Files\Android\Android Studio1\jbr\bin\nio.dll
0x00007ff8f1de0000 - 0x00007ff8f1df0000 	C:\Program Files\Android\Android Studio1\jbr\bin\verify.dll
0x00007ff90b690000 - 0x00007ff90b6b7000 	C:\Users\PC7\.gradle\native\1def1411415f61bf3af743bc5b6707747c0891f09f0c88961ee8f79bc544acac\windows-amd64\native-platform.dll
0x00007ff8e1d60000 - 0x00007ff8e1dd8000 	C:\Users\PC7\.gradle\native\0.2.7\x86_64-windows-gnu\gradle-fileevents.dll
0x00007ff8f7cd0000 - 0x00007ff8f7cd9000 	C:\Program Files\Android\Android Studio1\jbr\bin\management.dll
0x00007ff8f7980000 - 0x00007ff8f798b000 	C:\Program Files\Android\Android Studio1\jbr\bin\management_ext.dll
0x00007ff913400000 - 0x00007ff913408000 	C:\WINDOWS\System32\PSAPI.DLL
0x00007ff90ef40000 - 0x00007ff90ef73000 	C:\WINDOWS\SYSTEM32\IPHLPAPI.DLL
0x00007ff911460000 - 0x00007ff91146a000 	C:\WINDOWS\System32\NSI.dll
0x00007ff8f7f80000 - 0x00007ff8f7f89000 	C:\Program Files\Android\Android Studio1\jbr\bin\extnet.dll
0x00007ff90fd50000 - 0x00007ff90fd6b000 	C:\WINDOWS\SYSTEM32\CRYPTSP.dll
0x00007ff90f470000 - 0x00007ff90f4ab000 	C:\WINDOWS\system32\rsaenh.dll
0x00007ff90fb40000 - 0x00007ff90fb6b000 	C:\WINDOWS\SYSTEM32\USERENV.dll
0x00007ff910650000 - 0x00007ff910676000 	C:\WINDOWS\SYSTEM32\bcrypt.dll
0x00007ff90fd70000 - 0x00007ff90fd7c000 	C:\WINDOWS\SYSTEM32\CRYPTBASE.dll
0x00007ff880ef0000 - 0x00007ff880ef8000 	C:\WINDOWS\system32\wshunix.dll
0x00007ff90f640000 - 0x00007ff90f676000 	C:\WINDOWS\SYSTEM32\ntmarta.dll

dbghelp: loaded successfully - version: 4.0.5 - missing functions: none
symbol engine: initialized successfully - sym options: 0x614 - pdb path: .;C:\Program Files\Android\Android Studio1\jbr\bin;C:\WINDOWS\SYSTEM32;C:\WINDOWS\WinSxS\amd64_microsoft.windows.common-controls_6595b64144ccf1df_6.0.26100.4484_none_3e0e6d4ce32ef3b3;C:\Program Files\Android\Android Studio1\jbr\bin\server;C:\Users\PC7\.gradle\native\1def1411415f61bf3af743bc5b6707747c0891f09f0c88961ee8f79bc544acac\windows-amd64;C:\Users\PC7\.gradle\native\0.2.7\x86_64-windows-gnu

VM Arguments:
jvm_args: --add-opens=java.base/java.lang=ALL-UNNAMED --add-opens=java.base/java.lang.invoke=ALL-UNNAMED --add-opens=java.base/java.util=ALL-UNNAMED --add-opens=java.prefs/java.util.prefs=ALL-UNNAMED --add-exports=jdk.compiler/com.sun.tools.javac.api=ALL-UNNAMED --add-exports=jdk.compiler/com.sun.tools.javac.util=ALL-UNNAMED --add-opens=java.base/java.util=ALL-UNNAMED --add-opens=java.prefs/java.util.prefs=ALL-UNNAMED --add-opens=java.base/java.nio.charset=ALL-UNNAMED --add-opens=java.base/java.net=ALL-UNNAMED --add-opens=java.base/java.util.concurrent.atomic=ALL-UNNAMED --add-opens=java.xml/javax.xml.namespace=ALL-UNNAMED -Xmx2048m -Dfile.encoding=UTF-8 -Duser.country=JP -Duser.language=ja -Duser.variant -javaagent:C:\Users\PC7\.gradle\wrapper\dists\gradle-8.13-bin\5xuhj0ry160q40clulazy9h7d\gradle-8.13\lib\agents\gradle-instrumentation-agent-8.13.jar 
java_command: org.gradle.launcher.daemon.bootstrap.GradleDaemon 8.13
java_class_path (initial): C:\Users\PC7\.gradle\wrapper\dists\gradle-8.13-bin\5xuhj0ry160q40clulazy9h7d\gradle-8.13\lib\gradle-daemon-main-8.13.jar
Launcher Type: SUN_STANDARD

[Global flags]
     intx CICompilerCount                          = 4                                         {product} {ergonomic}
     uint ConcGCThreads                            = 3                                         {product} {ergonomic}
     uint G1ConcRefinementThreads                  = 10                                        {product} {ergonomic}
   size_t G1HeapRegionSize                         = 1048576                                   {product} {ergonomic}
    uintx GCDrainStackTargetSize                   = 64                                        {product} {ergonomic}
   size_t InitialHeapSize                          = 268435456                                 {product} {ergonomic}
   size_t MarkStackSize                            = 4194304                                   {product} {ergonomic}
   size_t MaxHeapSize                              = 2147483648                                {product} {command line}
   size_t MaxNewSize                               = 1287651328                                {product} {ergonomic}
   size_t MinHeapDeltaBytes                        = 1048576                                   {product} {ergonomic}
   size_t MinHeapSize                              = 8388608                                   {product} {ergonomic}
    uintx NonNMethodCodeHeapSize                   = 5839372                                {pd product} {ergonomic}
    uintx NonProfiledCodeHeapSize                  = 122909434                              {pd product} {ergonomic}
    uintx ProfiledCodeHeapSize                     = 122909434                              {pd product} {ergonomic}
    uintx ReservedCodeCacheSize                    = 251658240                              {pd product} {ergonomic}
     bool SegmentedCodeCache                       = true                                      {product} {ergonomic}
   size_t SoftMaxHeapSize                          = 2147483648                             {manageable} {ergonomic}
     bool UseCompressedOops                        = true                           {product lp64_product} {ergonomic}
     bool UseG1GC                                  = true                                      {product} {ergonomic}
     bool UseLargePagesIndividualAllocation        = false                                  {pd product} {ergonomic}

Logging:
Log output configuration:
 #0: stdout all=warning uptime,level,tags foldmultilines=false
 #1: stderr all=off uptime,level,tags foldmultilines=false

Environment Variables:
PATH=C:\Program Files (x86)\Common Files\Oracle\Java\javapath;C:\Program Files (x86)\Common Files\Intel\Shared Libraries\redist\ia32\compiler;C:\Program Files (x86)\Common Files\Intel\Shared Libraries\redist\intel64\compiler;C:\Program Files (x86)\Intel\iCLS Client\;C:\Program Files\Intel\iCLS Client\;C:\Windows\system32;C:\Windows;C:\Windows\System32\Wbem;C:\Windows\System32\WindowsPowerShell\v1.0\;C:\Program Files (x86)\Intel\Intel(R) Management Engine Components\DAL;C:\Program Files\Intel\Intel(R) Management Engine Components\DAL;C:\Program Files (x86)\Intel\Intel(R) Management Engine Components\IPT;C:\Program Files\Intel\Intel(R) Management Engine Components\IPT;C:\Program Files (x86)\NVIDIA Corporation\PhysX\Common;C:\WINDOWS\system32;C:\WINDOWS;C:\WINDOWS\System32\Wbem;C:\WINDOWS\System32\WindowsPowerShell\v1.0\;C:\WINDOWS\System32\OpenSSH\;C:\Program Files (x86)\QuickTime\QTSystem\;C:\PROGRA~1\JPKI;C:\Program Files\Tesseract-OCR;C:\tools\poppler-24.02.0\Library\bin;C:\Users\PC7\AppData\Local\Programs\Python\Python312\Scripts\;C:\Users\PC7\AppData\Local\Programs\Python\Python312\;C:\Users\PC7\AppData\Local\Programs\Python\Launcher\;C:\Users\PC7\AppData\Local\Microsoft\WindowsApps;C:\Users\PC7\AppData\Local\Android\Sdk\ndk\26.1.10909125;C:\Program Files\platform-tools;C:\Users\PC7\AppData\Local\Programs\Microsoft VS Code\bin;
USERNAME=PC7
OS=Windows_NT
PROCESSOR_IDENTIFIER=Intel64 Family 6 Model 158 Stepping 10, GenuineIntel
TMP=C:\Users\PC7\AppData\Local\Temp
TEMP=C:\Users\PC7\AppData\Local\Temp




Periodic native trim disabled

JNI global refs:
JNI global refs: 31, weak refs: 7

JNI global refs memory usage: 835, weak refs: 833

Process memory usage:
Resident Set Size: 908052K (5% of 16709904K total physical memory with 4020832K free physical memory)

OOME stack traces (most recent first):
Classloader memory used:
Loader org.gradle.internal.classloader.VisitableURLClassLoader                         : 103M
Loader bootstrap                                                                       : 25315K
Loader org.gradle.initialization.MixInLegacyTypesClassLoader                           : 9070K
Loader org.gradle.internal.classloader.VisitableURLClassLoader                         : 846K
Loader org.gradle.internal.classloader.VisitableURLClassLoader$InstrumentingVisitableURLClassLoader: 726K
Loader jdk.internal.loader.ClassLoaders$PlatformClassLoader                            : 533K
Loader jdk.internal.jrtfs.JrtFileSystemProvider$JrtFsLoader                            : 338K
Loader jdk.internal.loader.ClassLoaders$AppClassLoader                                 : 234K
Loader jdk.internal.reflect.DelegatingClassLoader                                      : 214K
Loader org.gradle.groovy.scripts.internal.DefaultScriptCompilationHandler$ScriptClassLoader: 89448B
Loader org.codehaus.groovy.runtime.callsite.CallSiteClassLoader                        : 49592B

Classes loaded by more than one classloader:
Class org.gradle.api.GradleException                                                  : loaded 3 times (x 78B)
Class org.gradle.internal.classloader.FilteringClassLoader                            : loaded 2 times (x 101B)
Class jdk.internal.jimage.BasicImageReader                                            : loaded 2 times (x 91B)
Class org.gradle.internal.classloader.ClassLoaderHierarchy                            : loaded 2 times (x 66B)
Class org.gradle.api.internal.classpath.ManifestUtil                                  : loaded 2 times (x 67B)
Class org.jetbrains.plugins.gradle.model.GradleExtensions                             : loaded 2 times (x 66B)
Class org.jetbrains.plugins.gradle.model.AnnotationProcessingModel                    : loaded 2 times (x 66B)
Class jdk.internal.jimage.decompressor.StringSharingDecompressorFactory               : loaded 2 times (x 70B)
Class org.gradle.internal.operations.MultipleBuildOperationFailures                   : loaded 2 times (x 91B)
Class org.gradle.internal.classloader.DefaultClassLoaderFactory                       : loaded 2 times (x 78B)
Class kotlin.collections.AbstractList$Companion                                       : loaded 2 times (x 67B)
Class org.gradle.internal.classloader.ClassLoaderVisitor                              : loaded 2 times (x 72B)
Class org.gradle.api.internal.classpath.EffectiveClassPath                            : loaded 2 times (x 86B)
Class sync_studio_tooling958_4p08sar87e06cv47hhomqoncs                                : loaded 2 times (x 175B)
Class org.gradle.tooling.internal.gradle.DefaultProjectIdentifier                     : loaded 2 times (x 82B)
Class org.gradle.api.internal.DefaultClassPathProvider                                : loaded 2 times (x 72B)
Class [Lorg.gradle.api.internal.ClassPathProvider;                                    : loaded 2 times (x 65B)
Class org.gradle.api.internal.ClassPathProvider                                       : loaded 2 times (x 66B)
Class jdk.internal.jrtfs.SystemImage                                                  : loaded 2 times (x 70B)
Class org.gradle.internal.service.UnknownServiceException                             : loaded 2 times (x 79B)
Class org.jetbrains.kotlin.idea.gradleTooling.KotlinDslScriptAdditionalTask           : loaded 2 times (x 66B)
Class org.gradle.internal.classpath.TransformedClassPath                              : loaded 2 times (x 92B)
Class org.gradle.internal.classloader.InstrumentingClassLoader                        : loaded 2 times (x 66B)
Class jdk.internal.jrtfs.SystemImage$1                                                : loaded 2 times (x 74B)
Class kotlin.enums.EnumEntriesList                                                    : loaded 2 times (x 219B)
Class jdk.internal.jrtfs.SystemImage$2                                                : loaded 2 times (x 72B)
Class org.jetbrains.kotlin.idea.gradleTooling.KotlinSourceSetContainer                : loaded 2 times (x 66B)
Class org.jetbrains.plugins.gradle.model.IntelliJSettings                             : loaded 2 times (x 66B)
Class org.gradle.internal.service.ServiceLocator                                      : loaded 2 times (x 66B)
Class jdk.internal.jrtfs.JrtFileSystemProvider                                        : loaded 2 times (x 97B)
Class org.gradle.tooling.model.UnsupportedMethodException                             : loaded 2 times (x 78B)
Class com.intellij.compose.ide.plugin.gradleTooling.rt.ComposeResourcesModel          : loaded 2 times (x 66B)
Class jdk.internal.jimage.ImageLocation                                               : loaded 2 times (x 86B)
Class jdk.internal.jrtfs.JrtDirectoryStream$1                                         : loaded 2 times (x 79B)
Class org.gradle.internal.InternalTransformer                                         : loaded 2 times (x 66B)
Class jdk.internal.jimage.ImageBufferCache$1                                          : loaded 2 times (x 79B)
Class org.gradle.internal.time.DefaultTimer                                           : loaded 2 times (x 76B)
Class org.gradle.internal.classloader.ClasspathUtil$1                                 : loaded 2 times (x 72B)
Class jdk.internal.jimage.ImageBufferCache$2                                          : loaded 2 times (x 87B)
Class org.gradle.api.internal.classpath.DefaultModuleRegistry$DefaultModule           : loaded 2 times (x 82B)
Class org.gradle.internal.time.DefaultCountdownTimer                                  : loaded 2 times (x 84B)
Class org.gradle.tooling.internal.gradle.DefaultBuildIdentifier                       : loaded 2 times (x 75B)
Class kotlin.Function                                                                 : loaded 2 times (x 66B)
Class org.gradle.api.internal.classpath.Module                                        : loaded 2 times (x 66B)
Class org.gradle.api.internal.classpath.UnknownModuleException                        : loaded 2 times (x 78B)
Class jdk.internal.jimage.ImageHeader                                                 : loaded 2 times (x 67B)
Class com.intellij.openapi.externalSystem.model.project.dependencies.ProjectDependencies: loaded 2 times (x 66B)
Class org.gradle.tooling.internal.gradle.GradleProjectIdentity                        : loaded 2 times (x 66B)
Class org.gradle.api.internal.DefaultClassPathRegistry                                : loaded 2 times (x 72B)
Class org.gradle.api.internal.ClassPathRegistry                                       : loaded 2 times (x 66B)
Class org.gradle.internal.classpath.DefaultClassPath$ImmutableUniqueList              : loaded 2 times (x 195B)
Class jdk.internal.jimage.decompressor.ResourceDecompressor                           : loaded 2 times (x 66B)
Class Settings_gradle$1                                                               : loaded 2 times (x 70B)
Class Program                                                                         : loaded 2 times (x 68B)
Class org.gradle.internal.classpath.ClassPath                                         : loaded 2 times (x 66B)
Class org.gradle.api.UncheckedIOException                                             : loaded 2 times (x 78B)
Class org.jetbrains.kotlin.idea.gradleTooling.KotlinGradleModel                       : loaded 2 times (x 66B)
Class jdk.internal.jimage.ImageStringsReader                                          : loaded 2 times (x 76B)
Class org.gradle.tooling.model.Model                                                  : loaded 2 times (x 66B)
Class kotlin.UninitializedPropertyAccessException                                     : loaded 2 times (x 78B)
Class jdk.internal.jimage.ImageReader                                                 : loaded 2 times (x 71B)
Class org.jetbrains.plugins.gradle.model.IntelliJProjectSettings                      : loaded 2 times (x 66B)
Class jdk.internal.jimage.ImageReader$SharedImageReader                               : loaded 2 times (x 91B)
Class org.gradle.internal.installation.GradleInstallation$1                           : loaded 2 times (x 71B)
Class org.gradle.api.internal.classpath.ModuleRegistry                                : loaded 2 times (x 66B)
Class jdk.internal.jimage.decompressor.ResourceDecompressorFactory                    : loaded 2 times (x 70B)
Class org.jetbrains.plugins.gradle.model.VersionCatalogsModel                         : loaded 2 times (x 66B)
Class jdk.internal.jimage.ImageReader$Node                                            : loaded 2 times (x 80B)
Class org.gradle.api.internal.classpath.DefaultModuleRegistry                         : loaded 2 times (x 82B)
Class jdk.internal.jimage.BasicImageReader$1                                          : loaded 2 times (x 73B)
Class jdk.internal.jimage.decompressor.Decompressor                                   : loaded 2 times (x 68B)
Class jdk.internal.jimage.ImageReader$Resource                                        : loaded 2 times (x 80B)
Class org.gradle.internal.time.MonotonicClock                                         : loaded 2 times (x 73B)
Class org.gradle.internal.service.ServiceLookupException                              : loaded 2 times (x 78B)
Class jdk.internal.jrtfs.JrtFileAttributes                                            : loaded 2 times (x 79B)
Class org.gradle.internal.classloader.ClassLoaderFactory                              : loaded 2 times (x 66B)
Class ijInit9_1igcea571aqjm9f4kzs4u1aag                                               : loaded 2 times (x 175B)
Class org.gradle.internal.service.CachingServiceLocator                               : loaded 2 times (x 78B)
Class org.jetbrains.plugins.gradle.model.RepositoryModels                             : loaded 2 times (x 66B)
Class org.gradle.internal.time.TimeSource                                             : loaded 2 times (x 66B)
Class org.gradle.tooling.internal.gradle.GradleBuildIdentity                          : loaded 2 times (x 66B)
Class kotlin.enums.EnumEntries                                                        : loaded 2 times (x 66B)
Class org.gradle.internal.exceptions.ResolutionProvider                               : loaded 2 times (x 66B)
Class jdk.internal.jimage.ImageBufferCache                                            : loaded 2 times (x 67B)
Class jdk.internal.jrtfs.JrtPath                                                      : loaded 2 times (x 114B)
Class org.gradle.tooling.model.ProjectIdentifier                                      : loaded 2 times (x 66B)
Class org.gradle.internal.classloader.ClasspathUtil                                   : loaded 2 times (x 67B)
Class org.gradle.internal.time.TimeSource$1                                           : loaded 2 times (x 73B)
Class kotlin.jvm.internal.DefaultConstructorMarker                                    : loaded 2 times (x 67B)
Class org.gradle.api.specs.Spec                                                       : loaded 2 times (x 66B)
Class jdk.internal.jimage.ImageReader$SharedImageReader$LocationVisitor               : loaded 2 times (x 66B)
Class jdk.internal.jimage.decompressor.ResourceDecompressorRepository                 : loaded 2 times (x 67B)
Class org.gradle.internal.time.Clock                                                  : loaded 2 times (x 66B)
Class jdk.internal.jimage.ImageReader$Directory                                       : loaded 2 times (x 80B)
Class kotlin.collections.AbstractList                                                 : loaded 2 times (x 193B)
Class kotlin.collections.AbstractCollection                                           : loaded 2 times (x 113B)
Class org.gradle.internal.classloader.VisitableURLClassLoader$InstrumentingVisitableURLClassLoader: loaded 2 times (x 119B)
Class org.gradle.internal.classloader.VisitableURLClassLoader$Spec                    : loaded 2 times (x 70B)
Class org.gradle.internal.classpath.DefaultClassPath                                  : loaded 2 times (x 86B)
Class jdk.internal.jimage.decompressor.ZipDecompressorFactory                         : loaded 2 times (x 70B)
Class org.gradle.internal.classloader.ClassLoaderSpec                                 : loaded 2 times (x 67B)
Class Settings_gradle$1$1                                                             : loaded 2 times (x 70B)
Class kotlin.Unit                                                                     : loaded 2 times (x 67B)
Class org.gradle.internal.classloader.VisitableURLClassLoader                         : loaded 2 times (x 113B)
Class Settings_gradle                                                                 : loaded 2 times (x 124B)
Class org.gradle.internal.Cast                                                        : loaded 2 times (x 67B)
Class org.gradle.api.Action                                                           : loaded 2 times (x 66B)
Class jdk.internal.jimage.decompressor.ZipDecompressor                                : loaded 2 times (x 71B)
Class kotlin.jvm.functions.Function1                                                  : loaded 2 times (x 66B)
Class org.gradle.internal.classpath.DefaultClassPath$ImmutableUniqueList$Builder      : loaded 2 times (x 71B)
Class kotlin.NotImplementedError                                                      : loaded 2 times (x 78B)
Class org.gradle.internal.exceptions.NonGradleCauseExceptionsHolder                   : loaded 2 times (x 66B)
Class jdk.internal.jimage.ImageStrings                                                : loaded 2 times (x 66B)
Class org.jetbrains.plugins.gradle.tooling.ModelBuilderService$Parameter              : loaded 2 times (x 66B)
Class kotlin.enums.EnumEntriesKt                                                      : loaded 2 times (x 67B)
Class org.gradle.internal.IoActions                                                   : loaded 2 times (x 67B)
Class org.gradle.internal.classloader.SystemClassLoaderSpec                           : loaded 2 times (x 67B)
Class org.gradle.internal.exceptions.MultiCauseException                              : loaded 2 times (x 66B)
Class org.gradle.internal.time.CountdownTimer                                         : loaded 2 times (x 66B)
Class kotlin.jvm.internal.Intrinsics                                                  : loaded 2 times (x 67B)
Class jdk.internal.jrtfs.JrtFileSystem                                                : loaded 2 times (x 98B)
Class org.gradle.tooling.model.ProjectModel                                           : loaded 2 times (x 66B)
Class jdk.internal.jimage.decompressor.CompressedResourceHeader                       : loaded 2 times (x 67B)
Class kotlin.KotlinNullPointerException                                               : loaded 2 times (x 79B)
Class org.jetbrains.plugins.gradle.model.tests.ExternalTestsModel                     : loaded 2 times (x 66B)
Class org.gradle.internal.exceptions.DefaultMultiCauseException                       : loaded 2 times (x 91B)
Class org.gradle.internal.time.Time                                                   : loaded 2 times (x 67B)
Class org.jetbrains.plugins.gradle.model.DependencyAccessorsModel                     : loaded 2 times (x 66B)
Class org.gradle.api.internal.classpath.GlobalCacheRootsProvider                      : loaded 2 times (x 66B)
Class org.jetbrains.kotlin.idea.gradleTooling.KotlinMPPGradleModel                    : loaded 2 times (x 66B)
Class org.gradle.tooling.model.BuildIdentifier                                        : loaded 2 times (x 66B)
Class org.jetbrains.kotlin.idea.gradleTooling.PrepareKotlinIdeImportTaskModel         : loaded 2 times (x 66B)
Class org.gradle.internal.time.Timer                                                  : loaded 2 times (x 66B)
Class kotlin.jvm.internal.markers.KMappedMarker                                       : loaded 2 times (x 66B)
Class org.gradle.internal.installation.CurrentGradleInstallationLocator               : loaded 2 times (x 67B)
Class org.gradle.internal.service.DefaultServiceLocator                               : loaded 2 times (x 79B)
Class jdk.internal.jrtfs.JrtDirectoryStream                                           : loaded 2 times (x 85B)
Class org.gradle.util.GradleVersion                                                   : loaded 2 times (x 75B)
Class org.gradle.internal.installation.CurrentGradleInstallation                      : loaded 2 times (x 69B)
Class org.jetbrains.plugins.gradle.javaModel.JavaGradleManifestModel                  : loaded 2 times (x 66B)
Class org.gradle.util.internal.GUtil                                                  : loaded 2 times (x 67B)
Class org.gradle.internal.installation.GradleInstallation                             : loaded 2 times (x 71B)
Class jdk.internal.jimage.decompressor.ResourceDecompressor$StringsProvider           : loaded 2 times (x 66B)

---------------  S Y S T E M  ---------------

OS:
 Windows 11 , 64 bit Build 26100 (10.0.26100.4484)
OS uptime: 1 days 10:51 hours

CPU: total 12 (initial active 12) (6 cores per cpu, 2 threads per core) family 6 model 158 stepping 10 microcode 0xde, cx8, cmov, fxsr, ht, mmx, 3dnowpref, sse, sse2, sse3, ssse3, sse4.1, sse4.2, popcnt, lzcnt, tsc, tscinvbit, avx, avx2, aes, erms, clmul, bmi1, bmi2, rtm, adx, fma, vzeroupper, clflush, clflushopt, rdtscp, f16c
Processor Information for the first 12 processors :
  Max Mhz: 3696, Current Mhz: 3696, Mhz Limit: 3696

Memory: 4k page, system-wide physical 16318M (3926M free)
TotalPageFile size 17342M (AvailPageFile size 5M)
current process WorkingSet (physical memory assigned to process): 889M, peak: 889M
current process commit charge ("private bytes"): 921M, peak: 921M

vm_info: OpenJDK 64-Bit Server VM (21.0.6+-13391695-b895.109) for windows-amd64 JRE (21.0.6+-13391695-b895.109), built on 2025-04-22T21:19:17Z by "builder" with MS VC++ 16.10 / 16.11 (VS2019)

END.
