#
# There is insufficient memory for the Java Runtime Environment to continue.
# Native memory allocation (malloc) failed to allocate 1598272 bytes. Error detail: Chunk::new
# Possible reasons:
#   The system is out of physical RAM or swap space
#   This process is running with CompressedOops enabled, and the Java Heap may be blocking the growth of the native heap
# Possible solutions:
#   Reduce memory load on the system
#   Increase physical memory or swap space
#   Check if swap backing store is full
#   Decrease Java heap size (-Xmx/-Xms)
#   Decrease number of Java threads
#   Decrease Java thread stack sizes (-Xss)
#   Set larger code cache with -XX:ReservedCodeCacheSize=
#   JVM is running with Unscaled Compressed Oops mode in which the Java heap is
#     placed in the first 4GB address space. The Java Heap base address is the
#     maximum limit for the native heap growth. Please use -XX:HeapBaseMinAddress
#     to set the Java Heap base and to place the Java Heap above 4GB virtual address.
# This output file may be truncated or incomplete.
#
#  Out of Memory Error (arena.cpp:168), pid=19264, tid=18100
#
# JRE version: OpenJDK Runtime Environment (21.0.6) (build 21.0.6+-13391695-b895.109)
# Java VM: OpenJDK 64-Bit Server VM (21.0.6+-13391695-b895.109, mixed mode, tiered, compressed oops, compressed class ptrs, g1 gc, windows-amd64)
# No core dump will be written. Minidumps are not enabled by default on client versions of Windows
#

---------------  S U M M A R Y ------------

Command Line: --add-opens=java.base/java.lang=ALL-UNNAMED --add-opens=java.base/java.lang.invoke=ALL-UNNAMED --add-opens=java.base/java.util=ALL-UNNAMED --add-opens=java.prefs/java.util.prefs=ALL-UNNAMED --add-exports=jdk.compiler/com.sun.tools.javac.api=ALL-UNNAMED --add-exports=jdk.compiler/com.sun.tools.javac.util=ALL-UNNAMED --add-opens=java.base/java.util=ALL-UNNAMED --add-opens=java.prefs/java.util.prefs=ALL-UNNAMED --add-opens=java.base/java.nio.charset=ALL-UNNAMED --add-opens=java.base/java.net=ALL-UNNAMED --add-opens=java.base/java.util.concurrent.atomic=ALL-UNNAMED --add-opens=java.xml/javax.xml.namespace=ALL-UNNAMED -Xmx2048m -Dfile.encoding=UTF-8 -Duser.country=JP -Duser.language=ja -Duser.variant -javaagent:C:\Users\PC7\.gradle\wrapper\dists\gradle-8.13-bin\5xuhj0ry160q40clulazy9h7d\gradle-8.13\lib\agents\gradle-instrumentation-agent-8.13.jar org.gradle.launcher.daemon.bootstrap.GradleDaemon 8.13

Host: Intel(R) Core(TM) i7-8700K CPU @ 3.70GHz, 12 cores, 15G,  Windows 11 , 64 bit Build 26100 (10.0.26100.4484)
Time: Mon Aug  4 22:21:00 2025  Windows 11 , 64 bit Build 26100 (10.0.26100.4484) elapsed time: 28.489000 seconds (0d 0h 0m 28s)

---------------  T H R E A D  ---------------

Current thread (0x0000018164a54fd0):  JavaThread "C2 CompilerThread1" daemon [_thread_in_native, id=18100, stack(0x0000004f71000000,0x0000004f71100000) (1024K)]


Current CompileTask:
C2:28489 17780 %     4       org.gradle.internal.instantiation.generator.AbstractClassGenerator::inspectType @ 107 (602 bytes)

Stack: [0x0000004f71000000,0x0000004f71100000]
Native frames: (J=compiled Java code, j=interpreted, Vv=VM code, C=native code)
V  [jvm.dll+0x6d0639]
V  [jvm.dll+0x85eb03]
V  [jvm.dll+0x86105e]
V  [jvm.dll+0x861743]
V  [jvm.dll+0x27e6e6]
V  [jvm.dll+0xbff6d]
V  [jvm.dll+0xc04a3]
V  [jvm.dll+0x3b61ab]
V  [jvm.dll+0x3820c7]
V  [jvm.dll+0x38153a]
V  [jvm.dll+0x247c82]
V  [jvm.dll+0x247251]
V  [jvm.dll+0x1c5f04]
V  [jvm.dll+0x2569ac]
V  [jvm.dll+0x254ef6]
V  [jvm.dll+0x3f0e96]
V  [jvm.dll+0x806ed8]
V  [jvm.dll+0x6cef0d]
C  [ucrtbase.dll+0x37b0]
C  [KERNEL32.DLL+0x2e8d7]
C  [ntdll.dll+0x3c34c]


---------------  P R O C E S S  ---------------

Threads class SMR info:
_java_thread_list=0x0000018168f4afe0, length=101, elements={
0x0000018143f57870, 0x000001815dea1e80, 0x000001815dea2ad0, 0x000001815deb4510,
0x000001815dec4df0, 0x000001815dec5840, 0x000001815de8e060, 0x000001815de8f950,
0x000001815de90f50, 0x000001815df3d0f0, 0x000001815e176120, 0x00000181643db450,
0x00000181643dbae0, 0x00000181643dc170, 0x00000181643d8cf0, 0x00000181643d9380,
0x00000181643d9a10, 0x00000181643da0a0, 0x00000181643da730, 0x00000181643dadc0,
0x00000181644fec60, 0x00000181644fd8b0, 0x00000181644ff2f0, 0x00000181644ff980,
0x00000181645006a0, 0x0000018164500010, 0x00000181644fd220, 0x00000181644fe5d0,
0x0000018164500d30, 0x00000181645013c0, 0x00000181644fdf40, 0x0000018164503b20,
0x00000181645020e0, 0x0000018164504840, 0x0000018164501a50, 0x0000018164502e00,
0x00000181645041b0, 0x0000018164502770, 0x0000018164503490, 0x0000018164b6aed0,
0x0000018164b6e9e0, 0x0000018164b6b560, 0x0000018164b6cfa0, 0x0000018164b6d630,
0x0000018164b6dcc0, 0x0000018164b6e350, 0x0000018164b6f070, 0x0000018164b6bbf0,
0x0000018164b6fd90, 0x0000018164b71e60, 0x0000018164b70ab0, 0x0000018164b71140,
0x0000018164b6f700, 0x0000018164b717d0, 0x0000018164b724f0, 0x0000018166a04430,
0x0000018166a03710, 0x0000018166a03da0, 0x0000018166a05150, 0x0000018166a057e0,
0x0000018166a06500, 0x0000018166a06b90, 0x0000018166a07220, 0x0000018166a078b0,
0x0000018166a05e70, 0x0000018166a085d0, 0x0000018166a08c60, 0x0000018166a0ad30,
0x0000018166a092f0, 0x0000018166a09980, 0x0000018166a0a6a0, 0x0000018168fcbc60,
0x0000018168fcf0e0, 0x0000018168fcf770, 0x0000018168fcc2f0, 0x0000018168fcfe00,
0x0000018168fcc980, 0x0000018168fcea50, 0x0000018168fd0490, 0x0000018168fcd6a0,
0x0000018168fcd010, 0x0000018168fd0b20, 0x0000018168fce3c0, 0x0000018168fd11b0,
0x0000018168fcdd30, 0x0000018168fd1840, 0x0000018168fd1ed0, 0x0000018168fd2560,
0x0000018168fd3280, 0x0000018168fd2bf0, 0x0000018165852710, 0x0000018165852da0,
0x0000018165850cd0, 0x0000018165853430, 0x00000181658519f0, 0x0000018165852080,
0x0000018165853ac0, 0x0000018165850640, 0x0000018164b70420, 0x0000018168a283a0,
0x0000018164a54fd0
}

Java Threads: ( => current thread )
  0x0000018143f57870 JavaThread "main"                              [_thread_blocked, id=20908, stack(0x0000004f6fe00000,0x0000004f6ff00000) (1024K)]
  0x000001815dea1e80 JavaThread "Reference Handler"          daemon [_thread_blocked, id=20720, stack(0x0000004f70600000,0x0000004f70700000) (1024K)]
  0x000001815dea2ad0 JavaThread "Finalizer"                  daemon [_thread_blocked, id=948, stack(0x0000004f70700000,0x0000004f70800000) (1024K)]
  0x000001815deb4510 JavaThread "Signal Dispatcher"          daemon [_thread_blocked, id=15500, stack(0x0000004f70800000,0x0000004f70900000) (1024K)]
  0x000001815dec4df0 JavaThread "Attach Listener"            daemon [_thread_blocked, id=25496, stack(0x0000004f70900000,0x0000004f70a00000) (1024K)]
  0x000001815dec5840 JavaThread "Service Thread"             daemon [_thread_blocked, id=9096, stack(0x0000004f70a00000,0x0000004f70b00000) (1024K)]
  0x000001815de8e060 JavaThread "Monitor Deflation Thread"   daemon [_thread_blocked, id=2552, stack(0x0000004f70b00000,0x0000004f70c00000) (1024K)]
  0x000001815de8f950 JavaThread "C2 CompilerThread0"         daemon [_thread_in_native, id=5252, stack(0x0000004f70c00000,0x0000004f70d00000) (1024K)]
  0x000001815de90f50 JavaThread "C1 CompilerThread0"         daemon [_thread_blocked, id=15596, stack(0x0000004f70d00000,0x0000004f70e00000) (1024K)]
  0x000001815df3d0f0 JavaThread "Common-Cleaner"             daemon [_thread_blocked, id=27052, stack(0x0000004f70e00000,0x0000004f70f00000) (1024K)]
  0x000001815e176120 JavaThread "Notification Thread"        daemon [_thread_blocked, id=23812, stack(0x0000004f70f00000,0x0000004f71000000) (1024K)]
  0x00000181643db450 JavaThread "Daemon health stats"               [_thread_blocked, id=12652, stack(0x0000004f71700000,0x0000004f71800000) (1024K)]
  0x00000181643dbae0 JavaThread "Incoming local TCP Connector on port 57261"        [_thread_in_native, id=3992, stack(0x0000004f71b00000,0x0000004f71c00000) (1024K)]
  0x00000181643dc170 JavaThread "Daemon periodic checks"            [_thread_blocked, id=8044, stack(0x0000004f71c00000,0x0000004f71d00000) (1024K)]
  0x00000181643d8cf0 JavaThread "Daemon"                            [_thread_blocked, id=12384, stack(0x0000004f71d00000,0x0000004f71e00000) (1024K)]
  0x00000181643d9380 JavaThread "Handler for socket connection from /127.0.0.1:57261 to /127.0.0.1:57262"        [_thread_in_native, id=22976, stack(0x0000004f71e00000,0x0000004f71f00000) (1024K)]
  0x00000181643d9a10 JavaThread "Cancel handler"                    [_thread_blocked, id=2536, stack(0x0000004f71f00000,0x0000004f72000000) (1024K)]
  0x00000181643da0a0 JavaThread "Daemon worker"                     [_thread_in_native, id=7032, stack(0x0000004f72000000,0x0000004f72100000) (1024K)]
  0x00000181643da730 JavaThread "Asynchronous log dispatcher for DefaultDaemonConnection: socket connection from /127.0.0.1:57261 to /127.0.0.1:57262"        [_thread_blocked, id=1832, stack(0x0000004f72100000,0x0000004f72200000) (1024K)]
  0x00000181643dadc0 JavaThread "Stdin handler"                     [_thread_blocked, id=712, stack(0x0000004f72200000,0x0000004f72300000) (1024K)]
  0x00000181644fec60 JavaThread "Daemon client event forwarder"        [_thread_blocked, id=6616, stack(0x0000004f72300000,0x0000004f72400000) (1024K)]
  0x00000181644fd8b0 JavaThread "Cache worker for journal cache (C:\Users\PC7\.gradle\caches\journal-1)"        [_thread_blocked, id=316, stack(0x0000004f72700000,0x0000004f72800000) (1024K)]
  0x00000181644ff2f0 JavaThread "File lock request listener"        [_thread_in_native, id=13828, stack(0x0000004f72800000,0x0000004f72900000) (1024K)]
  0x00000181644ff980 JavaThread "Cache worker for file hash cache (C:\Users\PC7\.gradle\caches\8.13\fileHashes)"        [_thread_blocked, id=10748, stack(0x0000004f72900000,0x0000004f72a00000) (1024K)]
  0x00000181645006a0 JavaThread "Cache worker for file hash cache (C:\Users\PC7\AndroidStudioProjects\MyApplication4\.gradle\8.13\fileHashes)"        [_thread_blocked, id=8768, stack(0x0000004f72a00000,0x0000004f72b00000) (1024K)]
  0x0000018164500010 JavaThread "Cache worker for Build Output Cleanup Cache (C:\Users\PC7\AndroidStudioProjects\MyApplication4\.gradle\buildOutputCleanup)"        [_thread_blocked, id=17760, stack(0x0000004f72b00000,0x0000004f72c00000) (1024K)]
  0x00000181644fd220 JavaThread "File watcher server"        daemon [_thread_in_native, id=21692, stack(0x0000004f72c00000,0x0000004f72d00000) (1024K)]
  0x00000181644fe5d0 JavaThread "File watcher consumer"      daemon [_thread_blocked, id=23668, stack(0x0000004f72d00000,0x0000004f72e00000) (1024K)]
  0x0000018164500d30 JavaThread "jar transforms"                    [_thread_blocked, id=5352, stack(0x0000004f72e00000,0x0000004f72f00000) (1024K)]
  0x00000181645013c0 JavaThread "jar transforms Thread 2"           [_thread_blocked, id=25416, stack(0x0000004f72f00000,0x0000004f73000000) (1024K)]
  0x00000181644fdf40 JavaThread "jar transforms Thread 3"           [_thread_blocked, id=21268, stack(0x0000004f73000000,0x0000004f73100000) (1024K)]
  0x0000018164503b20 JavaThread "jar transforms Thread 4"           [_thread_blocked, id=20424, stack(0x0000004f73100000,0x0000004f73200000) (1024K)]
  0x00000181645020e0 JavaThread "jar transforms Thread 5"           [_thread_blocked, id=11872, stack(0x0000004f73200000,0x0000004f73300000) (1024K)]
  0x0000018164504840 JavaThread "jar transforms Thread 6"           [_thread_blocked, id=10932, stack(0x0000004f73300000,0x0000004f73400000) (1024K)]
  0x0000018164501a50 JavaThread "jar transforms Thread 7"           [_thread_blocked, id=25192, stack(0x0000004f73400000,0x0000004f73500000) (1024K)]
  0x0000018164502e00 JavaThread "jar transforms Thread 8"           [_thread_blocked, id=9668, stack(0x0000004f73500000,0x0000004f73600000) (1024K)]
  0x00000181645041b0 JavaThread "jar transforms Thread 9"           [_thread_blocked, id=26560, stack(0x0000004f73600000,0x0000004f73700000) (1024K)]
  0x0000018164502770 JavaThread "jar transforms Thread 10"          [_thread_blocked, id=27400, stack(0x0000004f73700000,0x0000004f73800000) (1024K)]
  0x0000018164503490 JavaThread "jar transforms Thread 11"          [_thread_blocked, id=7164, stack(0x0000004f73800000,0x0000004f73900000) (1024K)]
  0x0000018164b6aed0 JavaThread "jar transforms Thread 12"          [_thread_blocked, id=372, stack(0x0000004f73900000,0x0000004f73a00000) (1024K)]
  0x0000018164b6e9e0 JavaThread "Cache worker for checksums cache (C:\Users\PC7\AndroidStudioProjects\MyApplication4\.gradle\8.13\checksums)"        [_thread_blocked, id=7616, stack(0x0000004f73a00000,0x0000004f73b00000) (1024K)]
  0x0000018164b6b560 JavaThread "Cache worker for file content cache (C:\Users\PC7\.gradle\caches\8.13\fileContent)"        [_thread_blocked, id=18560, stack(0x0000004f73b00000,0x0000004f73c00000) (1024K)]
  0x0000018164b6cfa0 JavaThread "Cache worker for cache directory md-supplier (C:\Users\PC7\.gradle\caches\8.13\md-supplier)"        [_thread_blocked, id=19348, stack(0x0000004f73c00000,0x0000004f73d00000) (1024K)]
  0x0000018164b6d630 JavaThread "Cache worker for cache directory md-rule (C:\Users\PC7\.gradle\caches\8.13\md-rule)"        [_thread_blocked, id=4340, stack(0x0000004f73d00000,0x0000004f73e00000) (1024K)]
  0x0000018164b6dcc0 JavaThread "Unconstrained build operations"        [_thread_blocked, id=20156, stack(0x0000004f73e00000,0x0000004f73f00000) (1024K)]
  0x0000018164b6e350 JavaThread "Unconstrained build operations Thread 2"        [_thread_blocked, id=26872, stack(0x0000004f73f00000,0x0000004f74000000) (1024K)]
  0x0000018164b6f070 JavaThread "Unconstrained build operations Thread 3"        [_thread_blocked, id=22756, stack(0x0000004f74000000,0x0000004f74100000) (1024K)]
  0x0000018164b6bbf0 JavaThread "Unconstrained build operations Thread 4"        [_thread_blocked, id=23632, stack(0x0000004f74100000,0x0000004f74200000) (1024K)]
  0x0000018164b6fd90 JavaThread "Unconstrained build operations Thread 5"        [_thread_blocked, id=3912, stack(0x0000004f74200000,0x0000004f74300000) (1024K)]
  0x0000018164b71e60 JavaThread "Unconstrained build operations Thread 6"        [_thread_blocked, id=10404, stack(0x0000004f74300000,0x0000004f74400000) (1024K)]
  0x0000018164b70ab0 JavaThread "Unconstrained build operations Thread 7"        [_thread_blocked, id=10116, stack(0x0000004f74400000,0x0000004f74500000) (1024K)]
  0x0000018164b71140 JavaThread "Unconstrained build operations Thread 8"        [_thread_blocked, id=23228, stack(0x0000004f74500000,0x0000004f74600000) (1024K)]
  0x0000018164b6f700 JavaThread "Unconstrained build operations Thread 9"        [_thread_blocked, id=26180, stack(0x0000004f74600000,0x0000004f74700000) (1024K)]
  0x0000018164b717d0 JavaThread "Unconstrained build operations Thread 10"        [_thread_blocked, id=5572, stack(0x0000004f74700000,0x0000004f74800000) (1024K)]
  0x0000018164b724f0 JavaThread "Unconstrained build operations Thread 11"        [_thread_blocked, id=8764, stack(0x0000004f74800000,0x0000004f74900000) (1024K)]
  0x0000018166a04430 JavaThread "Unconstrained build operations Thread 12"        [_thread_blocked, id=25840, stack(0x0000004f74900000,0x0000004f74a00000) (1024K)]
  0x0000018166a03710 JavaThread "Unconstrained build operations Thread 13"        [_thread_blocked, id=26756, stack(0x0000004f74a00000,0x0000004f74b00000) (1024K)]
  0x0000018166a03da0 JavaThread "Unconstrained build operations Thread 14"        [_thread_blocked, id=1856, stack(0x0000004f74b00000,0x0000004f74c00000) (1024K)]
  0x0000018166a05150 JavaThread "Unconstrained build operations Thread 15"        [_thread_blocked, id=8928, stack(0x0000004f74c00000,0x0000004f74d00000) (1024K)]
  0x0000018166a057e0 JavaThread "Unconstrained build operations Thread 16"        [_thread_blocked, id=7060, stack(0x0000004f74d00000,0x0000004f74e00000) (1024K)]
  0x0000018166a06500 JavaThread "Unconstrained build operations Thread 17"        [_thread_blocked, id=6644, stack(0x0000004f74e00000,0x0000004f74f00000) (1024K)]
  0x0000018166a06b90 JavaThread "Unconstrained build operations Thread 18"        [_thread_blocked, id=8040, stack(0x0000004f74f00000,0x0000004f75000000) (1024K)]
  0x0000018166a07220 JavaThread "Unconstrained build operations Thread 19"        [_thread_blocked, id=22684, stack(0x0000004f75000000,0x0000004f75100000) (1024K)]
  0x0000018166a078b0 JavaThread "Unconstrained build operations Thread 20"        [_thread_blocked, id=1140, stack(0x0000004f75100000,0x0000004f75200000) (1024K)]
  0x0000018166a05e70 JavaThread "Unconstrained build operations Thread 21"        [_thread_blocked, id=8208, stack(0x0000004f75200000,0x0000004f75300000) (1024K)]
  0x0000018166a085d0 JavaThread "Unconstrained build operations Thread 22"        [_thread_blocked, id=9972, stack(0x0000004f75300000,0x0000004f75400000) (1024K)]
  0x0000018166a08c60 JavaThread "Unconstrained build operations Thread 23"        [_thread_blocked, id=480, stack(0x0000004f75400000,0x0000004f75500000) (1024K)]
  0x0000018166a0ad30 JavaThread "Unconstrained build operations Thread 24"        [_thread_blocked, id=26324, stack(0x0000004f75500000,0x0000004f75600000) (1024K)]
  0x0000018166a092f0 JavaThread "Unconstrained build operations Thread 25"        [_thread_blocked, id=5764, stack(0x0000004f75600000,0x0000004f75700000) (1024K)]
  0x0000018166a09980 JavaThread "Unconstrained build operations Thread 26"        [_thread_blocked, id=21520, stack(0x0000004f75700000,0x0000004f75800000) (1024K)]
  0x0000018166a0a6a0 JavaThread "Unconstrained build operations Thread 27"        [_thread_blocked, id=19184, stack(0x0000004f75800000,0x0000004f75900000) (1024K)]
  0x0000018168fcbc60 JavaThread "Unconstrained build operations Thread 28"        [_thread_blocked, id=12020, stack(0x0000004f75900000,0x0000004f75a00000) (1024K)]
  0x0000018168fcf0e0 JavaThread "Unconstrained build operations Thread 29"        [_thread_blocked, id=8188, stack(0x0000004f75a00000,0x0000004f75b00000) (1024K)]
  0x0000018168fcf770 JavaThread "Unconstrained build operations Thread 30"        [_thread_blocked, id=18172, stack(0x0000004f75b00000,0x0000004f75c00000) (1024K)]
  0x0000018168fcc2f0 JavaThread "Unconstrained build operations Thread 31"        [_thread_blocked, id=24276, stack(0x0000004f75c00000,0x0000004f75d00000) (1024K)]
  0x0000018168fcfe00 JavaThread "Unconstrained build operations Thread 32"        [_thread_blocked, id=27080, stack(0x0000004f75d00000,0x0000004f75e00000) (1024K)]
  0x0000018168fcc980 JavaThread "Unconstrained build operations Thread 33"        [_thread_blocked, id=7488, stack(0x0000004f75e00000,0x0000004f75f00000) (1024K)]
  0x0000018168fcea50 JavaThread "Unconstrained build operations Thread 34"        [_thread_blocked, id=10024, stack(0x0000004f75f00000,0x0000004f76000000) (1024K)]
  0x0000018168fd0490 JavaThread "Unconstrained build operations Thread 35"        [_thread_blocked, id=4996, stack(0x0000004f76000000,0x0000004f76100000) (1024K)]
  0x0000018168fcd6a0 JavaThread "Unconstrained build operations Thread 36"        [_thread_blocked, id=6136, stack(0x0000004f76100000,0x0000004f76200000) (1024K)]
  0x0000018168fcd010 JavaThread "Unconstrained build operations Thread 37"        [_thread_blocked, id=1132, stack(0x0000004f76200000,0x0000004f76300000) (1024K)]
  0x0000018168fd0b20 JavaThread "Unconstrained build operations Thread 38"        [_thread_blocked, id=23048, stack(0x0000004f76300000,0x0000004f76400000) (1024K)]
  0x0000018168fce3c0 JavaThread "Unconstrained build operations Thread 39"        [_thread_blocked, id=2240, stack(0x0000004f76400000,0x0000004f76500000) (1024K)]
  0x0000018168fd11b0 JavaThread "Unconstrained build operations Thread 40"        [_thread_blocked, id=19460, stack(0x0000004f76500000,0x0000004f76600000) (1024K)]
  0x0000018168fcdd30 JavaThread "Unconstrained build operations Thread 41"        [_thread_blocked, id=22264, stack(0x0000004f76600000,0x0000004f76700000) (1024K)]
  0x0000018168fd1840 JavaThread "Unconstrained build operations Thread 42"        [_thread_blocked, id=23204, stack(0x0000004f76700000,0x0000004f76800000) (1024K)]
  0x0000018168fd1ed0 JavaThread "Unconstrained build operations Thread 43"        [_thread_blocked, id=25504, stack(0x0000004f76800000,0x0000004f76900000) (1024K)]
  0x0000018168fd2560 JavaThread "Unconstrained build operations Thread 44"        [_thread_blocked, id=10332, stack(0x0000004f76900000,0x0000004f76a00000) (1024K)]
  0x0000018168fd3280 JavaThread "Unconstrained build operations Thread 45"        [_thread_blocked, id=16640, stack(0x0000004f76a00000,0x0000004f76b00000) (1024K)]
  0x0000018168fd2bf0 JavaThread "Unconstrained build operations Thread 46"        [_thread_blocked, id=25032, stack(0x0000004f76b00000,0x0000004f76c00000) (1024K)]
  0x0000018165852710 JavaThread "Unconstrained build operations Thread 47"        [_thread_blocked, id=25692, stack(0x0000004f76c00000,0x0000004f76d00000) (1024K)]
  0x0000018165852da0 JavaThread "Unconstrained build operations Thread 48"        [_thread_blocked, id=18652, stack(0x0000004f76d00000,0x0000004f76e00000) (1024K)]
  0x0000018165850cd0 JavaThread "Unconstrained build operations Thread 49"        [_thread_blocked, id=26048, stack(0x0000004f76e00000,0x0000004f76f00000) (1024K)]
  0x0000018165853430 JavaThread "Unconstrained build operations Thread 50"        [_thread_blocked, id=5916, stack(0x0000004f76f00000,0x0000004f77000000) (1024K)]
  0x00000181658519f0 JavaThread "Unconstrained build operations Thread 51"        [_thread_blocked, id=21724, stack(0x0000004f77000000,0x0000004f77100000) (1024K)]
  0x0000018165852080 JavaThread "Unconstrained build operations Thread 52"        [_thread_blocked, id=23764, stack(0x0000004f77100000,0x0000004f77200000) (1024K)]
  0x0000018165853ac0 JavaThread "Unconstrained build operations Thread 53"        [_thread_blocked, id=8416, stack(0x0000004f77200000,0x0000004f77300000) (1024K)]
  0x0000018165850640 JavaThread "Unconstrained build operations Thread 54"        [_thread_blocked, id=20028, stack(0x0000004f77300000,0x0000004f77400000) (1024K)]
  0x0000018164b70420 JavaThread "Memory manager"                    [_thread_blocked, id=9792, stack(0x0000004f71100000,0x0000004f71200000) (1024K)]
  0x0000018168a283a0 JavaThread "Kotlin DSL Writer"                 [_thread_blocked, id=2084, stack(0x0000004f77400000,0x0000004f77500000) (1024K)]
=>0x0000018164a54fd0 JavaThread "C2 CompilerThread1"         daemon [_thread_in_native, id=18100, stack(0x0000004f71000000,0x0000004f71100000) (1024K)]
Total: 101

Other Threads:
  0x000001815dd6bfe0 VMThread "VM Thread"                           [id=22908, stack(0x0000004f70500000,0x0000004f70600000) (1024K)]
  0x000001815de00090 WatcherThread "VM Periodic Task Thread"        [id=5656, stack(0x0000004f70400000,0x0000004f70500000) (1024K)]
  0x0000018146294fb0 WorkerThread "GC Thread#0"                     [id=20052, stack(0x0000004f6ff00000,0x0000004f70000000) (1024K)]
  0x000001815e818a20 WorkerThread "GC Thread#1"                     [id=11040, stack(0x0000004f71200000,0x0000004f71300000) (1024K)]
  0x000001815e763690 WorkerThread "GC Thread#2"                     [id=20392, stack(0x0000004f71300000,0x0000004f71400000) (1024K)]
  0x000001815e763a30 WorkerThread "GC Thread#3"                     [id=23280, stack(0x0000004f71400000,0x0000004f71500000) (1024K)]
  0x000001815e4725d0 WorkerThread "GC Thread#4"                     [id=3640, stack(0x0000004f71500000,0x0000004f71600000) (1024K)]
  0x000001815e472970 WorkerThread "GC Thread#5"                     [id=2136, stack(0x0000004f71600000,0x0000004f71700000) (1024K)]
  0x0000018164367740 WorkerThread "GC Thread#6"                     [id=21224, stack(0x0000004f71800000,0x0000004f71900000) (1024K)]
  0x000001816436b410 WorkerThread "GC Thread#7"                     [id=22464, stack(0x0000004f71900000,0x0000004f71a00000) (1024K)]
  0x000001816436b7b0 WorkerThread "GC Thread#8"                     [id=9736, stack(0x0000004f71a00000,0x0000004f71b00000) (1024K)]
  0x0000018164586d70 WorkerThread "GC Thread#9"                     [id=25256, stack(0x0000004f72400000,0x0000004f72500000) (1024K)]
  0x00000181462a6ce0 ConcurrentGCThread "G1 Main Marker"            [id=25056, stack(0x0000004f70000000,0x0000004f70100000) (1024K)]
  0x00000181462a76f0 WorkerThread "G1 Conc#0"                       [id=5088, stack(0x0000004f70100000,0x0000004f70200000) (1024K)]
  0x0000018164586630 WorkerThread "G1 Conc#1"                       [id=7468, stack(0x0000004f72500000,0x0000004f72600000) (1024K)]
  0x00000181645869d0 WorkerThread "G1 Conc#2"                       [id=14244, stack(0x0000004f72600000,0x0000004f72700000) (1024K)]
  0x000001815dc566d0 ConcurrentGCThread "G1 Refine#0"               [id=19356, stack(0x0000004f70200000,0x0000004f70300000) (1024K)]
  0x000001815dc57050 ConcurrentGCThread "G1 Service"                [id=10852, stack(0x0000004f70300000,0x0000004f70400000) (1024K)]
Total: 18

Threads with active compile tasks:
C2 CompilerThread0  28543 17845 %     4       java.util.zip.ZipFile$Source::initCEN @ 261 (612 bytes)
C2 CompilerThread1  28543 17780 %     4       org.gradle.internal.instantiation.generator.AbstractClassGenerator::inspectType @ 107 (602 bytes)
Total: 2

VM state: not at safepoint (normal execution)

VM Mutex/Monitor currently owned by a thread: None

Heap address: 0x0000000080000000, size: 2048 MB, Compressed Oops mode: 32-bit

CDS archive(s) not mapped
Compressed class space mapped at: 0x0000000100000000-0x0000000140000000, reserved size: 1073741824
Narrow klass base: 0x0000000000000000, Narrow klass shift: 3, Narrow klass range: 0x140000000

GC Precious Log:
 CardTable entry size: 512
 Card Set container configuration: InlinePtr #cards 5 size 8 Array Of Cards #cards 12 size 40 Howl #buckets 4 coarsen threshold 1843 Howl Bitmap #cards 512 size 80 coarsen threshold 460 Card regions per heap region 1 cards per card region 2048
 CPUs: 12 total, 12 available
 Memory: 16318M
 Large Page Support: Disabled
 NUMA Support: Disabled
 Compressed Oops: Enabled (32-bit)
 Heap Region Size: 1M
 Heap Min Capacity: 8M
 Heap Initial Capacity: 256M
 Heap Max Capacity: 2G
 Pre-touch: Disabled
 Parallel Workers: 10
 Concurrent Workers: 3
 Concurrent Refinement Workers: 10
 Periodic GC: Disabled

Heap:
 garbage-first heap   total 450560K, used 243102K [0x0000000080000000, 0x0000000100000000)
  region size 1024K, 48 young (49152K), 13 survivors (13312K)
 Metaspace       used 157761K, committed 160320K, reserved 1245184K
  class space    used 19966K, committed 21184K, reserved 1048576K

Heap Regions: E=young(eden), S=young(survivor), O=old, HS=humongous(starts), HC=humongous(continues), CS=collection set, F=free, TAMS=top-at-mark-start, PB=parsable bottom
|   0|0x0000000080000000, 0x0000000080100000, 0x0000000080100000|100%|HS|  |TAMS 0x0000000080000000| PB 0x0000000080000000| Complete 
|   1|0x0000000080100000, 0x0000000080200000, 0x0000000080200000|100%|HC|  |TAMS 0x0000000080100000| PB 0x0000000080100000| Complete 
|   2|0x0000000080200000, 0x0000000080300000, 0x0000000080300000|100%|HC|  |TAMS 0x0000000080200000| PB 0x0000000080200000| Complete 
|   3|0x0000000080300000, 0x0000000080400000, 0x0000000080400000|100%| O|  |TAMS 0x0000000080300000| PB 0x0000000080300000| Untracked 
|   4|0x0000000080400000, 0x0000000080500000, 0x0000000080500000|100%| O|  |TAMS 0x0000000080400000| PB 0x0000000080400000| Untracked 
|   5|0x0000000080500000, 0x0000000080600000, 0x0000000080600000|100%| O|  |TAMS 0x0000000080500000| PB 0x0000000080500000| Untracked 
|   6|0x0000000080600000, 0x0000000080700000, 0x0000000080700000|100%|HS|  |TAMS 0x0000000080600000| PB 0x0000000080600000| Complete 
|   7|0x0000000080700000, 0x0000000080800000, 0x0000000080800000|100%| O|  |TAMS 0x0000000080700000| PB 0x0000000080700000| Untracked 
|   8|0x0000000080800000, 0x0000000080900000, 0x0000000080900000|100%| O|  |TAMS 0x0000000080800000| PB 0x0000000080800000| Untracked 
|   9|0x0000000080900000, 0x0000000080a00000, 0x0000000080a00000|100%| O|  |TAMS 0x0000000080900000| PB 0x0000000080900000| Untracked 
|  10|0x0000000080a00000, 0x0000000080b00000, 0x0000000080b00000|100%| O|  |TAMS 0x0000000080a00000| PB 0x0000000080a00000| Untracked 
|  11|0x0000000080b00000, 0x0000000080c00000, 0x0000000080c00000|100%| O|  |TAMS 0x0000000080b00000| PB 0x0000000080b00000| Untracked 
|  12|0x0000000080c00000, 0x0000000080d00000, 0x0000000080d00000|100%| O|  |TAMS 0x0000000080c00000| PB 0x0000000080c00000| Untracked 
|  13|0x0000000080d00000, 0x0000000080e00000, 0x0000000080e00000|100%| O|  |TAMS 0x0000000080d00000| PB 0x0000000080d00000| Untracked 
|  14|0x0000000080e00000, 0x0000000080f00000, 0x0000000080f00000|100%| O|  |TAMS 0x0000000080e00000| PB 0x0000000080e00000| Untracked 
|  15|0x0000000080f00000, 0x0000000081000000, 0x0000000081000000|100%| O|  |TAMS 0x0000000080f00000| PB 0x0000000080f00000| Untracked 
|  16|0x0000000081000000, 0x0000000081100000, 0x0000000081100000|100%| O|  |TAMS 0x0000000081000000| PB 0x0000000081000000| Untracked 
|  17|0x0000000081100000, 0x0000000081200000, 0x0000000081200000|100%| O|  |TAMS 0x0000000081100000| PB 0x0000000081100000| Untracked 
|  18|0x0000000081200000, 0x0000000081300000, 0x0000000081300000|100%| O|  |TAMS 0x0000000081200000| PB 0x0000000081200000| Untracked 
|  19|0x0000000081300000, 0x0000000081400000, 0x0000000081400000|100%| O|  |TAMS 0x0000000081300000| PB 0x0000000081300000| Untracked 
|  20|0x0000000081400000, 0x0000000081500000, 0x0000000081500000|100%| O|  |TAMS 0x0000000081400000| PB 0x0000000081400000| Untracked 
|  21|0x0000000081500000, 0x0000000081600000, 0x0000000081600000|100%|HS|  |TAMS 0x0000000081500000| PB 0x0000000081500000| Complete 
|  22|0x0000000081600000, 0x0000000081700000, 0x0000000081700000|100%|HC|  |TAMS 0x0000000081600000| PB 0x0000000081600000| Complete 
|  23|0x0000000081700000, 0x0000000081800000, 0x0000000081800000|100%|HC|  |TAMS 0x0000000081700000| PB 0x0000000081700000| Complete 
|  24|0x0000000081800000, 0x0000000081900000, 0x0000000081900000|100%|HC|  |TAMS 0x0000000081800000| PB 0x0000000081800000| Complete 
|  25|0x0000000081900000, 0x0000000081a00000, 0x0000000081a00000|100%|HC|  |TAMS 0x0000000081900000| PB 0x0000000081900000| Complete 
|  26|0x0000000081a00000, 0x0000000081b00000, 0x0000000081b00000|100%|HC|  |TAMS 0x0000000081a00000| PB 0x0000000081a00000| Complete 
|  27|0x0000000081b00000, 0x0000000081c00000, 0x0000000081c00000|100%|HS|  |TAMS 0x0000000081b00000| PB 0x0000000081b00000| Complete 
|  28|0x0000000081c00000, 0x0000000081d00000, 0x0000000081d00000|100%|HS|  |TAMS 0x0000000081c00000| PB 0x0000000081c00000| Complete 
|  29|0x0000000081d00000, 0x0000000081e00000, 0x0000000081e00000|100%|HC|  |TAMS 0x0000000081d00000| PB 0x0000000081d00000| Complete 
|  30|0x0000000081e00000, 0x0000000081f00000, 0x0000000081f00000|100%|HC|  |TAMS 0x0000000081e00000| PB 0x0000000081e00000| Complete 
|  31|0x0000000081f00000, 0x0000000082000000, 0x0000000082000000|100%|HC|  |TAMS 0x0000000081f00000| PB 0x0000000081f00000| Complete 
|  32|0x0000000082000000, 0x0000000082100000, 0x0000000082100000|100%|HS|  |TAMS 0x0000000082000000| PB 0x0000000082000000| Complete 
|  33|0x0000000082100000, 0x0000000082200000, 0x0000000082200000|100%|HC|  |TAMS 0x0000000082100000| PB 0x0000000082100000| Complete 
|  34|0x0000000082200000, 0x0000000082300000, 0x0000000082300000|100%|HS|  |TAMS 0x0000000082200000| PB 0x0000000082200000| Complete 
|  35|0x0000000082300000, 0x0000000082400000, 0x0000000082400000|100%|HS|  |TAMS 0x0000000082300000| PB 0x0000000082300000| Complete 
|  36|0x0000000082400000, 0x0000000082500000, 0x0000000082500000|100%|HS|  |TAMS 0x0000000082400000| PB 0x0000000082400000| Complete 
|  37|0x0000000082500000, 0x0000000082600000, 0x0000000082600000|100%|HS|  |TAMS 0x0000000082500000| PB 0x0000000082500000| Complete 
|  38|0x0000000082600000, 0x0000000082700000, 0x0000000082700000|100%| O|  |TAMS 0x0000000082600000| PB 0x0000000082600000| Untracked 
|  39|0x0000000082700000, 0x0000000082800000, 0x0000000082800000|100%| O|  |TAMS 0x0000000082700000| PB 0x0000000082700000| Untracked 
|  40|0x0000000082800000, 0x0000000082900000, 0x0000000082900000|100%| O|  |TAMS 0x0000000082800000| PB 0x0000000082800000| Untracked 
|  41|0x0000000082900000, 0x0000000082a00000, 0x0000000082a00000|100%| O|  |TAMS 0x0000000082900000| PB 0x0000000082900000| Untracked 
|  42|0x0000000082a00000, 0x0000000082b00000, 0x0000000082b00000|100%|HS|  |TAMS 0x0000000082a00000| PB 0x0000000082a00000| Complete 
|  43|0x0000000082b00000, 0x0000000082c00000, 0x0000000082c00000|100%|HC|  |TAMS 0x0000000082b00000| PB 0x0000000082b00000| Complete 
|  44|0x0000000082c00000, 0x0000000082d00000, 0x0000000082d00000|100%|HC|  |TAMS 0x0000000082c00000| PB 0x0000000082c00000| Complete 
|  45|0x0000000082d00000, 0x0000000082e00000, 0x0000000082e00000|100%|HC|  |TAMS 0x0000000082d00000| PB 0x0000000082d00000| Complete 
|  46|0x0000000082e00000, 0x0000000082f00000, 0x0000000082f00000|100%|HC|  |TAMS 0x0000000082e00000| PB 0x0000000082e00000| Complete 
|  47|0x0000000082f00000, 0x0000000083000000, 0x0000000083000000|100%|HC|  |TAMS 0x0000000082f00000| PB 0x0000000082f00000| Complete 
|  48|0x0000000083000000, 0x0000000083100000, 0x0000000083100000|100%|HS|  |TAMS 0x0000000083000000| PB 0x0000000083000000| Complete 
|  49|0x0000000083100000, 0x0000000083200000, 0x0000000083200000|100%|HC|  |TAMS 0x0000000083100000| PB 0x0000000083100000| Complete 
|  50|0x0000000083200000, 0x0000000083300000, 0x0000000083300000|100%|HC|  |TAMS 0x0000000083200000| PB 0x0000000083200000| Complete 
|  51|0x0000000083300000, 0x0000000083400000, 0x0000000083400000|100%|HC|  |TAMS 0x0000000083300000| PB 0x0000000083300000| Complete 
|  52|0x0000000083400000, 0x0000000083500000, 0x0000000083500000|100%|HS|  |TAMS 0x0000000083400000| PB 0x0000000083400000| Complete 
|  53|0x0000000083500000, 0x0000000083600000, 0x0000000083600000|100%|HC|  |TAMS 0x0000000083500000| PB 0x0000000083500000| Complete 
|  54|0x0000000083600000, 0x0000000083700000, 0x0000000083700000|100%| O|  |TAMS 0x0000000083600000| PB 0x0000000083600000| Untracked 
|  55|0x0000000083700000, 0x0000000083800000, 0x0000000083800000|100%|HS|  |TAMS 0x0000000083700000| PB 0x0000000083700000| Complete 
|  56|0x0000000083800000, 0x0000000083900000, 0x0000000083900000|100%| O|  |TAMS 0x0000000083800000| PB 0x0000000083800000| Untracked 
|  57|0x0000000083900000, 0x0000000083a00000, 0x0000000083a00000|100%| O|  |TAMS 0x0000000083900000| PB 0x0000000083900000| Untracked 
|  58|0x0000000083a00000, 0x0000000083b00000, 0x0000000083b00000|100%| O|  |TAMS 0x0000000083a00000| PB 0x0000000083a00000| Untracked 
|  59|0x0000000083b00000, 0x0000000083c00000, 0x0000000083c00000|100%|HS|  |TAMS 0x0000000083b00000| PB 0x0000000083b00000| Complete 
|  60|0x0000000083c00000, 0x0000000083d00000, 0x0000000083d00000|100%| O|  |TAMS 0x0000000083c00000| PB 0x0000000083c00000| Untracked 
|  61|0x0000000083d00000, 0x0000000083e00000, 0x0000000083e00000|100%| O|  |TAMS 0x0000000083d00000| PB 0x0000000083d00000| Untracked 
|  62|0x0000000083e00000, 0x0000000083f00000, 0x0000000083f00000|100%|HS|  |TAMS 0x0000000083e00000| PB 0x0000000083e00000| Complete 
|  63|0x0000000083f00000, 0x0000000084000000, 0x0000000084000000|100%|HS|  |TAMS 0x0000000083f00000| PB 0x0000000083f00000| Complete 
|  64|0x0000000084000000, 0x0000000084100000, 0x0000000084100000|100%|HC|  |TAMS 0x0000000084000000| PB 0x0000000084000000| Complete 
|  65|0x0000000084100000, 0x0000000084200000, 0x0000000084200000|100%| O|  |TAMS 0x0000000084100000| PB 0x0000000084100000| Untracked 
|  66|0x0000000084200000, 0x0000000084300000, 0x0000000084300000|100%| O|  |TAMS 0x0000000084200000| PB 0x0000000084200000| Untracked 
|  67|0x0000000084300000, 0x0000000084400000, 0x0000000084400000|100%| O|  |TAMS 0x0000000084300000| PB 0x0000000084300000| Untracked 
|  68|0x0000000084400000, 0x0000000084500000, 0x0000000084500000|100%|HS|  |TAMS 0x0000000084400000| PB 0x0000000084400000| Complete 
|  69|0x0000000084500000, 0x0000000084600000, 0x0000000084600000|100%|HC|  |TAMS 0x0000000084500000| PB 0x0000000084500000| Complete 
|  70|0x0000000084600000, 0x0000000084700000, 0x0000000084700000|100%|HC|  |TAMS 0x0000000084600000| PB 0x0000000084600000| Complete 
|  71|0x0000000084700000, 0x0000000084800000, 0x0000000084800000|100%|HC|  |TAMS 0x0000000084700000| PB 0x0000000084700000| Complete 
|  72|0x0000000084800000, 0x0000000084900000, 0x0000000084900000|100%|HC|  |TAMS 0x0000000084800000| PB 0x0000000084800000| Complete 
|  73|0x0000000084900000, 0x0000000084a00000, 0x0000000084a00000|100%|HC|  |TAMS 0x0000000084900000| PB 0x0000000084900000| Complete 
|  74|0x0000000084a00000, 0x0000000084b00000, 0x0000000084b00000|100%| O|  |TAMS 0x0000000084a00000| PB 0x0000000084a00000| Untracked 
|  75|0x0000000084b00000, 0x0000000084c00000, 0x0000000084c00000|100%| O|  |TAMS 0x0000000084b00000| PB 0x0000000084b00000| Untracked 
|  76|0x0000000084c00000, 0x0000000084d00000, 0x0000000084d00000|100%| O|  |TAMS 0x0000000084c00000| PB 0x0000000084c00000| Untracked 
|  77|0x0000000084d00000, 0x0000000084e00000, 0x0000000084e00000|100%| O|  |TAMS 0x0000000084d00000| PB 0x0000000084d00000| Untracked 
|  78|0x0000000084e00000, 0x0000000084f00000, 0x0000000084f00000|100%| O|  |TAMS 0x0000000084e00000| PB 0x0000000084e00000| Untracked 
|  79|0x0000000084f00000, 0x0000000085000000, 0x0000000085000000|100%| O|  |TAMS 0x0000000084f00000| PB 0x0000000084f00000| Untracked 
|  80|0x0000000085000000, 0x0000000085100000, 0x0000000085100000|100%| O|  |TAMS 0x0000000085000000| PB 0x0000000085000000| Untracked 
|  81|0x0000000085100000, 0x0000000085200000, 0x0000000085200000|100%|HS|  |TAMS 0x0000000085100000| PB 0x0000000085100000| Complete 
|  82|0x0000000085200000, 0x0000000085300000, 0x0000000085300000|100%|HC|  |TAMS 0x0000000085200000| PB 0x0000000085200000| Complete 
|  83|0x0000000085300000, 0x0000000085400000, 0x0000000085400000|100%|HC|  |TAMS 0x0000000085300000| PB 0x0000000085300000| Complete 
|  84|0x0000000085400000, 0x0000000085500000, 0x0000000085500000|100%|HC|  |TAMS 0x0000000085400000| PB 0x0000000085400000| Complete 
|  85|0x0000000085500000, 0x0000000085600000, 0x0000000085600000|100%|HC|  |TAMS 0x0000000085500000| PB 0x0000000085500000| Complete 
|  86|0x0000000085600000, 0x0000000085700000, 0x0000000085700000|100%|HC|  |TAMS 0x0000000085600000| PB 0x0000000085600000| Complete 
|  87|0x0000000085700000, 0x0000000085800000, 0x0000000085800000|100%| O|  |TAMS 0x0000000085700000| PB 0x0000000085700000| Untracked 
|  88|0x0000000085800000, 0x0000000085900000, 0x0000000085900000|100%| O|  |TAMS 0x0000000085800000| PB 0x0000000085800000| Untracked 
|  89|0x0000000085900000, 0x0000000085a00000, 0x0000000085a00000|100%| O|  |TAMS 0x0000000085900000| PB 0x0000000085900000| Untracked 
|  90|0x0000000085a00000, 0x0000000085b00000, 0x0000000085b00000|100%| O|  |TAMS 0x0000000085a00000| PB 0x0000000085a00000| Untracked 
|  91|0x0000000085b00000, 0x0000000085b00000, 0x0000000085c00000|  0%| F|  |TAMS 0x0000000085b00000| PB 0x0000000085b00000| Untracked 
|  92|0x0000000085c00000, 0x0000000085d00000, 0x0000000085d00000|100%| O|  |TAMS 0x0000000085c00000| PB 0x0000000085c00000| Untracked 
|  93|0x0000000085d00000, 0x0000000085e00000, 0x0000000085e00000|100%| O|  |TAMS 0x0000000085d00000| PB 0x0000000085d00000| Untracked 
|  94|0x0000000085e00000, 0x0000000085f00000, 0x0000000085f00000|100%| O|  |TAMS 0x0000000085e00000| PB 0x0000000085e00000| Untracked 
|  95|0x0000000085f00000, 0x0000000086000000, 0x0000000086000000|100%| O|  |TAMS 0x0000000085f00000| PB 0x0000000085f00000| Untracked 
|  96|0x0000000086000000, 0x0000000086100000, 0x0000000086100000|100%| O|  |TAMS 0x0000000086000000| PB 0x0000000086000000| Untracked 
|  97|0x0000000086100000, 0x0000000086200000, 0x0000000086200000|100%| O|  |TAMS 0x0000000086100000| PB 0x0000000086100000| Untracked 
|  98|0x0000000086200000, 0x0000000086300000, 0x0000000086300000|100%| O|  |TAMS 0x0000000086200000| PB 0x0000000086200000| Untracked 
|  99|0x0000000086300000, 0x0000000086400000, 0x0000000086400000|100%| O|  |TAMS 0x0000000086300000| PB 0x0000000086300000| Untracked 
| 100|0x0000000086400000, 0x0000000086500000, 0x0000000086500000|100%| O|  |TAMS 0x0000000086400000| PB 0x0000000086400000| Untracked 
| 101|0x0000000086500000, 0x0000000086600000, 0x0000000086600000|100%| O|  |TAMS 0x0000000086500000| PB 0x0000000086500000| Untracked 
| 102|0x0000000086600000, 0x0000000086700000, 0x0000000086700000|100%| O|  |TAMS 0x0000000086600000| PB 0x0000000086600000| Untracked 
| 103|0x0000000086700000, 0x0000000086800000, 0x0000000086800000|100%| O|  |TAMS 0x0000000086700000| PB 0x0000000086700000| Untracked 
| 104|0x0000000086800000, 0x0000000086900000, 0x0000000086900000|100%| O|  |TAMS 0x0000000086800000| PB 0x0000000086800000| Untracked 
| 105|0x0000000086900000, 0x0000000086a00000, 0x0000000086a00000|100%| O|  |TAMS 0x0000000086900000| PB 0x0000000086900000| Untracked 
| 106|0x0000000086a00000, 0x0000000086b00000, 0x0000000086b00000|100%|HS|  |TAMS 0x0000000086a00000| PB 0x0000000086a00000| Complete 
| 107|0x0000000086b00000, 0x0000000086c00000, 0x0000000086c00000|100%|HS|  |TAMS 0x0000000086b00000| PB 0x0000000086b00000| Complete 
| 108|0x0000000086c00000, 0x0000000086c00000, 0x0000000086d00000|  0%| F|  |TAMS 0x0000000086c00000| PB 0x0000000086c00000| Untracked 
| 109|0x0000000086d00000, 0x0000000086e00000, 0x0000000086e00000|100%|HS|  |TAMS 0x0000000086d00000| PB 0x0000000086d00000| Complete 
| 110|0x0000000086e00000, 0x0000000086f00000, 0x0000000086f00000|100%|HS|  |TAMS 0x0000000086e00000| PB 0x0000000086e00000| Complete 
| 111|0x0000000086f00000, 0x0000000087000000, 0x0000000087000000|100%| O|  |TAMS 0x0000000086f00000| PB 0x0000000086f00000| Untracked 
| 112|0x0000000087000000, 0x0000000087100000, 0x0000000087100000|100%|HS|  |TAMS 0x0000000087000000| PB 0x0000000087000000| Complete 
| 113|0x0000000087100000, 0x0000000087100000, 0x0000000087200000|  0%| F|  |TAMS 0x0000000087100000| PB 0x0000000087100000| Untracked 
| 114|0x0000000087200000, 0x0000000087300000, 0x0000000087300000|100%| O|  |TAMS 0x0000000087200000| PB 0x0000000087200000| Untracked 
| 115|0x0000000087300000, 0x0000000087400000, 0x0000000087400000|100%| O|  |TAMS 0x0000000087300000| PB 0x0000000087300000| Untracked 
| 116|0x0000000087400000, 0x0000000087500000, 0x0000000087500000|100%| O|  |TAMS 0x0000000087400000| PB 0x0000000087400000| Untracked 
| 117|0x0000000087500000, 0x0000000087600000, 0x0000000087600000|100%| O|  |TAMS 0x0000000087500000| PB 0x0000000087500000| Untracked 
| 118|0x0000000087600000, 0x0000000087600000, 0x0000000087700000|  0%| F|  |TAMS 0x0000000087600000| PB 0x0000000087600000| Untracked 
| 119|0x0000000087700000, 0x0000000087800000, 0x0000000087800000|100%| O|  |TAMS 0x0000000087700000| PB 0x0000000087700000| Untracked 
| 120|0x0000000087800000, 0x0000000087900000, 0x0000000087900000|100%| O|  |TAMS 0x0000000087800000| PB 0x0000000087800000| Untracked 
| 121|0x0000000087900000, 0x0000000087a00000, 0x0000000087a00000|100%| O|  |TAMS 0x0000000087900000| PB 0x0000000087900000| Untracked 
| 122|0x0000000087a00000, 0x0000000087b00000, 0x0000000087b00000|100%| O|  |TAMS 0x0000000087a00000| PB 0x0000000087a00000| Untracked 
| 123|0x0000000087b00000, 0x0000000087c00000, 0x0000000087c00000|100%| O|  |TAMS 0x0000000087b00000| PB 0x0000000087b00000| Untracked 
| 124|0x0000000087c00000, 0x0000000087d00000, 0x0000000087d00000|100%|HS|  |TAMS 0x0000000087c00000| PB 0x0000000087c00000| Complete 
| 125|0x0000000087d00000, 0x0000000087e00000, 0x0000000087e00000|100%|HS|  |TAMS 0x0000000087d00000| PB 0x0000000087d00000| Complete 
| 126|0x0000000087e00000, 0x0000000087f00000, 0x0000000087f00000|100%|HC|  |TAMS 0x0000000087e00000| PB 0x0000000087e00000| Complete 
| 127|0x0000000087f00000, 0x0000000088000000, 0x0000000088000000|100%|HC|  |TAMS 0x0000000087f00000| PB 0x0000000087f00000| Complete 
| 128|0x0000000088000000, 0x0000000088100000, 0x0000000088100000|100%|HC|  |TAMS 0x0000000088000000| PB 0x0000000088000000| Complete 
| 129|0x0000000088100000, 0x0000000088200000, 0x0000000088200000|100%|HC|  |TAMS 0x0000000088100000| PB 0x0000000088100000| Complete 
| 130|0x0000000088200000, 0x0000000088300000, 0x0000000088300000|100%|HC|  |TAMS 0x0000000088200000| PB 0x0000000088200000| Complete 
| 131|0x0000000088300000, 0x0000000088400000, 0x0000000088400000|100%| O|  |TAMS 0x0000000088300000| PB 0x0000000088300000| Untracked 
| 132|0x0000000088400000, 0x0000000088500000, 0x0000000088500000|100%| O|  |TAMS 0x0000000088400000| PB 0x0000000088400000| Untracked 
| 133|0x0000000088500000, 0x0000000088600000, 0x0000000088600000|100%| O|  |TAMS 0x0000000088500000| PB 0x0000000088500000| Untracked 
| 134|0x0000000088600000, 0x0000000088700000, 0x0000000088700000|100%| O|  |TAMS 0x0000000088600000| PB 0x0000000088600000| Untracked 
| 135|0x0000000088700000, 0x0000000088800000, 0x0000000088800000|100%| O|  |TAMS 0x0000000088700000| PB 0x0000000088700000| Untracked 
| 136|0x0000000088800000, 0x0000000088900000, 0x0000000088900000|100%| O|  |TAMS 0x0000000088800000| PB 0x0000000088800000| Untracked 
| 137|0x0000000088900000, 0x0000000088a00000, 0x0000000088a00000|100%| O|  |TAMS 0x0000000088900000| PB 0x0000000088900000| Untracked 
| 138|0x0000000088a00000, 0x0000000088b00000, 0x0000000088b00000|100%| O|  |TAMS 0x0000000088a00000| PB 0x0000000088a00000| Untracked 
| 139|0x0000000088b00000, 0x0000000088c00000, 0x0000000088c00000|100%| O|  |TAMS 0x0000000088b00000| PB 0x0000000088b00000| Untracked 
| 140|0x0000000088c00000, 0x0000000088d00000, 0x0000000088d00000|100%| O|  |TAMS 0x0000000088c00000| PB 0x0000000088c00000| Untracked 
| 141|0x0000000088d00000, 0x0000000088e00000, 0x0000000088e00000|100%| O|  |TAMS 0x0000000088d00000| PB 0x0000000088d00000| Untracked 
| 142|0x0000000088e00000, 0x0000000088f00000, 0x0000000088f00000|100%| O|  |TAMS 0x0000000088e00000| PB 0x0000000088e00000| Untracked 
| 143|0x0000000088f00000, 0x0000000089000000, 0x0000000089000000|100%| O|  |TAMS 0x0000000088f00000| PB 0x0000000088f00000| Untracked 
| 144|0x0000000089000000, 0x0000000089100000, 0x0000000089100000|100%| O|  |TAMS 0x0000000089000000| PB 0x0000000089000000| Untracked 
| 145|0x0000000089100000, 0x0000000089200000, 0x0000000089200000|100%| O|  |TAMS 0x0000000089100000| PB 0x0000000089100000| Untracked 
| 146|0x0000000089200000, 0x0000000089300000, 0x0000000089300000|100%| O|  |TAMS 0x0000000089200000| PB 0x0000000089200000| Untracked 
| 147|0x0000000089300000, 0x0000000089400000, 0x0000000089400000|100%| O|  |TAMS 0x0000000089300000| PB 0x0000000089300000| Untracked 
| 148|0x0000000089400000, 0x0000000089500000, 0x0000000089500000|100%| O|  |TAMS 0x0000000089400000| PB 0x0000000089400000| Untracked 
| 149|0x0000000089500000, 0x0000000089600000, 0x0000000089600000|100%| O|  |TAMS 0x0000000089500000| PB 0x0000000089500000| Untracked 
| 150|0x0000000089600000, 0x0000000089700000, 0x0000000089700000|100%| O|  |TAMS 0x0000000089600000| PB 0x0000000089600000| Untracked 
| 151|0x0000000089700000, 0x0000000089800000, 0x0000000089800000|100%| O|  |TAMS 0x0000000089700000| PB 0x0000000089700000| Untracked 
| 152|0x0000000089800000, 0x0000000089900000, 0x0000000089900000|100%| O|  |TAMS 0x0000000089800000| PB 0x0000000089800000| Untracked 
| 153|0x0000000089900000, 0x0000000089a00000, 0x0000000089a00000|100%| O|  |TAMS 0x0000000089900000| PB 0x0000000089900000| Untracked 
| 154|0x0000000089a00000, 0x0000000089b00000, 0x0000000089b00000|100%| O|  |TAMS 0x0000000089a00000| PB 0x0000000089a00000| Untracked 
| 155|0x0000000089b00000, 0x0000000089c00000, 0x0000000089c00000|100%| O|  |TAMS 0x0000000089b00000| PB 0x0000000089b00000| Untracked 
| 156|0x0000000089c00000, 0x0000000089d00000, 0x0000000089d00000|100%| O|  |TAMS 0x0000000089c00000| PB 0x0000000089c00000| Untracked 
| 157|0x0000000089d00000, 0x0000000089e00000, 0x0000000089e00000|100%| O|  |TAMS 0x0000000089d00000| PB 0x0000000089d00000| Untracked 
| 158|0x0000000089e00000, 0x0000000089f00000, 0x0000000089f00000|100%| O|  |TAMS 0x0000000089e00000| PB 0x0000000089e00000| Untracked 
| 159|0x0000000089f00000, 0x000000008a000000, 0x000000008a000000|100%| O|  |TAMS 0x0000000089f00000| PB 0x0000000089f00000| Untracked 
| 160|0x000000008a000000, 0x000000008a100000, 0x000000008a100000|100%| O|  |TAMS 0x000000008a000000| PB 0x000000008a000000| Untracked 
| 161|0x000000008a100000, 0x000000008a200000, 0x000000008a200000|100%| O|  |TAMS 0x000000008a100000| PB 0x000000008a100000| Untracked 
| 162|0x000000008a200000, 0x000000008a300000, 0x000000008a300000|100%| O|  |TAMS 0x000000008a200000| PB 0x000000008a200000| Untracked 
| 163|0x000000008a300000, 0x000000008a400000, 0x000000008a400000|100%| O|  |TAMS 0x000000008a300000| PB 0x000000008a300000| Untracked 
| 164|0x000000008a400000, 0x000000008a500000, 0x000000008a500000|100%| O|  |TAMS 0x000000008a400000| PB 0x000000008a400000| Untracked 
| 165|0x000000008a500000, 0x000000008a600000, 0x000000008a600000|100%| O|  |TAMS 0x000000008a500000| PB 0x000000008a500000| Untracked 
| 166|0x000000008a600000, 0x000000008a700000, 0x000000008a700000|100%| O|  |TAMS 0x000000008a600000| PB 0x000000008a600000| Untracked 
| 167|0x000000008a700000, 0x000000008a800000, 0x000000008a800000|100%| O|  |TAMS 0x000000008a700000| PB 0x000000008a700000| Untracked 
| 168|0x000000008a800000, 0x000000008a900000, 0x000000008a900000|100%| O|  |TAMS 0x000000008a800000| PB 0x000000008a800000| Untracked 
| 169|0x000000008a900000, 0x000000008aa00000, 0x000000008aa00000|100%| O|  |TAMS 0x000000008a900000| PB 0x000000008a900000| Untracked 
| 170|0x000000008aa00000, 0x000000008ab00000, 0x000000008ab00000|100%| O|  |TAMS 0x000000008aa00000| PB 0x000000008aa00000| Untracked 
| 171|0x000000008ab00000, 0x000000008ac00000, 0x000000008ac00000|100%| O|  |TAMS 0x000000008ab00000| PB 0x000000008ab00000| Untracked 
| 172|0x000000008ac00000, 0x000000008ad00000, 0x000000008ad00000|100%| O|  |TAMS 0x000000008ac00000| PB 0x000000008ac00000| Untracked 
| 173|0x000000008ad00000, 0x000000008ae00000, 0x000000008ae00000|100%| O|  |TAMS 0x000000008ad00000| PB 0x000000008ad00000| Untracked 
| 174|0x000000008ae00000, 0x000000008af00000, 0x000000008af00000|100%| O|  |TAMS 0x000000008ae00000| PB 0x000000008ae00000| Untracked 
| 175|0x000000008af00000, 0x000000008b000000, 0x000000008b000000|100%| O|  |TAMS 0x000000008af00000| PB 0x000000008af00000| Untracked 
| 176|0x000000008b000000, 0x000000008b100000, 0x000000008b100000|100%| O|  |TAMS 0x000000008b000000| PB 0x000000008b000000| Untracked 
| 177|0x000000008b100000, 0x000000008b200000, 0x000000008b200000|100%| O|  |TAMS 0x000000008b100000| PB 0x000000008b100000| Untracked 
| 178|0x000000008b200000, 0x000000008b300000, 0x000000008b300000|100%| O|  |TAMS 0x000000008b200000| PB 0x000000008b200000| Untracked 
| 179|0x000000008b300000, 0x000000008b400000, 0x000000008b400000|100%| O|  |TAMS 0x000000008b300000| PB 0x000000008b300000| Untracked 
| 180|0x000000008b400000, 0x000000008b500000, 0x000000008b500000|100%| O|  |TAMS 0x000000008b400000| PB 0x000000008b400000| Untracked 
| 181|0x000000008b500000, 0x000000008b600000, 0x000000008b600000|100%| O|  |TAMS 0x000000008b500000| PB 0x000000008b500000| Untracked 
| 182|0x000000008b600000, 0x000000008b700000, 0x000000008b700000|100%| O|  |TAMS 0x000000008b600000| PB 0x000000008b600000| Untracked 
| 183|0x000000008b700000, 0x000000008b800000, 0x000000008b800000|100%| O|  |TAMS 0x000000008b700000| PB 0x000000008b700000| Untracked 
| 184|0x000000008b800000, 0x000000008b900000, 0x000000008b900000|100%| O|  |TAMS 0x000000008b800000| PB 0x000000008b800000| Untracked 
| 185|0x000000008b900000, 0x000000008ba00000, 0x000000008ba00000|100%| O|  |TAMS 0x000000008b900000| PB 0x000000008b900000| Untracked 
| 186|0x000000008ba00000, 0x000000008bb00000, 0x000000008bb00000|100%| O|  |TAMS 0x000000008ba00000| PB 0x000000008ba00000| Untracked 
| 187|0x000000008bb00000, 0x000000008bc00000, 0x000000008bc00000|100%| O|  |TAMS 0x000000008bb00000| PB 0x000000008bb00000| Untracked 
| 188|0x000000008bc00000, 0x000000008bd00000, 0x000000008bd00000|100%| O|  |TAMS 0x000000008bc00000| PB 0x000000008bc00000| Untracked 
| 189|0x000000008bd00000, 0x000000008bd67898, 0x000000008be00000| 40%| O|  |TAMS 0x000000008bd00000| PB 0x000000008bd00000| Untracked 
| 190|0x000000008be00000, 0x000000008be00000, 0x000000008bf00000|  0%| F|  |TAMS 0x000000008be00000| PB 0x000000008be00000| Untracked 
| 191|0x000000008bf00000, 0x000000008bf00000, 0x000000008c000000|  0%| F|  |TAMS 0x000000008bf00000| PB 0x000000008bf00000| Untracked 
| 192|0x000000008c000000, 0x000000008c000000, 0x000000008c100000|  0%| F|  |TAMS 0x000000008c000000| PB 0x000000008c000000| Untracked 
| 193|0x000000008c100000, 0x000000008c100000, 0x000000008c200000|  0%| F|  |TAMS 0x000000008c100000| PB 0x000000008c100000| Untracked 
| 194|0x000000008c200000, 0x000000008c200000, 0x000000008c300000|  0%| F|  |TAMS 0x000000008c200000| PB 0x000000008c200000| Untracked 
| 195|0x000000008c300000, 0x000000008c300000, 0x000000008c400000|  0%| F|  |TAMS 0x000000008c300000| PB 0x000000008c300000| Untracked 
| 196|0x000000008c400000, 0x000000008c400000, 0x000000008c500000|  0%| F|  |TAMS 0x000000008c400000| PB 0x000000008c400000| Untracked 
| 197|0x000000008c500000, 0x000000008c500000, 0x000000008c600000|  0%| F|  |TAMS 0x000000008c500000| PB 0x000000008c500000| Untracked 
| 198|0x000000008c600000, 0x000000008c600000, 0x000000008c700000|  0%| F|  |TAMS 0x000000008c600000| PB 0x000000008c600000| Untracked 
| 199|0x000000008c700000, 0x000000008c700000, 0x000000008c800000|  0%| F|  |TAMS 0x000000008c700000| PB 0x000000008c700000| Untracked 
| 200|0x000000008c800000, 0x000000008c800000, 0x000000008c900000|  0%| F|  |TAMS 0x000000008c800000| PB 0x000000008c800000| Untracked 
| 201|0x000000008c900000, 0x000000008c900000, 0x000000008ca00000|  0%| F|  |TAMS 0x000000008c900000| PB 0x000000008c900000| Untracked 
| 202|0x000000008ca00000, 0x000000008ca00000, 0x000000008cb00000|  0%| F|  |TAMS 0x000000008ca00000| PB 0x000000008ca00000| Untracked 
| 203|0x000000008cb00000, 0x000000008cb00000, 0x000000008cc00000|  0%| F|  |TAMS 0x000000008cb00000| PB 0x000000008cb00000| Untracked 
| 204|0x000000008cc00000, 0x000000008cc00000, 0x000000008cd00000|  0%| F|  |TAMS 0x000000008cc00000| PB 0x000000008cc00000| Untracked 
| 205|0x000000008cd00000, 0x000000008cd00000, 0x000000008ce00000|  0%| F|  |TAMS 0x000000008cd00000| PB 0x000000008cd00000| Untracked 
| 206|0x000000008ce00000, 0x000000008ce00000, 0x000000008cf00000|  0%| F|  |TAMS 0x000000008ce00000| PB 0x000000008ce00000| Untracked 
| 207|0x000000008cf00000, 0x000000008cf00000, 0x000000008d000000|  0%| F|  |TAMS 0x000000008cf00000| PB 0x000000008cf00000| Untracked 
| 208|0x000000008d000000, 0x000000008d000000, 0x000000008d100000|  0%| F|  |TAMS 0x000000008d000000| PB 0x000000008d000000| Untracked 
| 209|0x000000008d100000, 0x000000008d100000, 0x000000008d200000|  0%| F|  |TAMS 0x000000008d100000| PB 0x000000008d100000| Untracked 
| 210|0x000000008d200000, 0x000000008d200000, 0x000000008d300000|  0%| F|  |TAMS 0x000000008d200000| PB 0x000000008d200000| Untracked 
| 211|0x000000008d300000, 0x000000008d300000, 0x000000008d400000|  0%| F|  |TAMS 0x000000008d300000| PB 0x000000008d300000| Untracked 
| 212|0x000000008d400000, 0x000000008d400000, 0x000000008d500000|  0%| F|  |TAMS 0x000000008d400000| PB 0x000000008d400000| Untracked 
| 213|0x000000008d500000, 0x000000008d500000, 0x000000008d600000|  0%| F|  |TAMS 0x000000008d500000| PB 0x000000008d500000| Untracked 
| 214|0x000000008d600000, 0x000000008d600000, 0x000000008d700000|  0%| F|  |TAMS 0x000000008d600000| PB 0x000000008d600000| Untracked 
| 215|0x000000008d700000, 0x000000008d700000, 0x000000008d800000|  0%| F|  |TAMS 0x000000008d700000| PB 0x000000008d700000| Untracked 
| 216|0x000000008d800000, 0x000000008d800000, 0x000000008d900000|  0%| F|  |TAMS 0x000000008d800000| PB 0x000000008d800000| Untracked 
| 217|0x000000008d900000, 0x000000008d900000, 0x000000008da00000|  0%| F|  |TAMS 0x000000008d900000| PB 0x000000008d900000| Untracked 
| 218|0x000000008da00000, 0x000000008da00000, 0x000000008db00000|  0%| F|  |TAMS 0x000000008da00000| PB 0x000000008da00000| Untracked 
| 219|0x000000008db00000, 0x000000008db00000, 0x000000008dc00000|  0%| F|  |TAMS 0x000000008db00000| PB 0x000000008db00000| Untracked 
| 220|0x000000008dc00000, 0x000000008dc00000, 0x000000008dd00000|  0%| F|  |TAMS 0x000000008dc00000| PB 0x000000008dc00000| Untracked 
| 221|0x000000008dd00000, 0x000000008dd00000, 0x000000008de00000|  0%| F|  |TAMS 0x000000008dd00000| PB 0x000000008dd00000| Untracked 
| 222|0x000000008de00000, 0x000000008de00000, 0x000000008df00000|  0%| F|  |TAMS 0x000000008de00000| PB 0x000000008de00000| Untracked 
| 223|0x000000008df00000, 0x000000008df00000, 0x000000008e000000|  0%| F|  |TAMS 0x000000008df00000| PB 0x000000008df00000| Untracked 
| 224|0x000000008e000000, 0x000000008e000000, 0x000000008e100000|  0%| F|  |TAMS 0x000000008e000000| PB 0x000000008e000000| Untracked 
| 225|0x000000008e100000, 0x000000008e100000, 0x000000008e200000|  0%| F|  |TAMS 0x000000008e100000| PB 0x000000008e100000| Untracked 
| 226|0x000000008e200000, 0x000000008e200000, 0x000000008e300000|  0%| F|  |TAMS 0x000000008e200000| PB 0x000000008e200000| Untracked 
| 227|0x000000008e300000, 0x000000008e300000, 0x000000008e400000|  0%| F|  |TAMS 0x000000008e300000| PB 0x000000008e300000| Untracked 
| 228|0x000000008e400000, 0x000000008e400000, 0x000000008e500000|  0%| F|  |TAMS 0x000000008e400000| PB 0x000000008e400000| Untracked 
| 229|0x000000008e500000, 0x000000008e500000, 0x000000008e600000|  0%| F|  |TAMS 0x000000008e500000| PB 0x000000008e500000| Untracked 
| 230|0x000000008e600000, 0x000000008e600000, 0x000000008e700000|  0%| F|  |TAMS 0x000000008e600000| PB 0x000000008e600000| Untracked 
| 231|0x000000008e700000, 0x000000008e700000, 0x000000008e800000|  0%| F|  |TAMS 0x000000008e700000| PB 0x000000008e700000| Untracked 
| 232|0x000000008e800000, 0x000000008e800000, 0x000000008e900000|  0%| F|  |TAMS 0x000000008e800000| PB 0x000000008e800000| Untracked 
| 233|0x000000008e900000, 0x000000008e900000, 0x000000008ea00000|  0%| F|  |TAMS 0x000000008e900000| PB 0x000000008e900000| Untracked 
| 234|0x000000008ea00000, 0x000000008ea00000, 0x000000008eb00000|  0%| F|  |TAMS 0x000000008ea00000| PB 0x000000008ea00000| Untracked 
| 235|0x000000008eb00000, 0x000000008eb00000, 0x000000008ec00000|  0%| F|  |TAMS 0x000000008eb00000| PB 0x000000008eb00000| Untracked 
| 236|0x000000008ec00000, 0x000000008ec00000, 0x000000008ed00000|  0%| F|  |TAMS 0x000000008ec00000| PB 0x000000008ec00000| Untracked 
| 237|0x000000008ed00000, 0x000000008ed00000, 0x000000008ee00000|  0%| F|  |TAMS 0x000000008ed00000| PB 0x000000008ed00000| Untracked 
| 238|0x000000008ee00000, 0x000000008ee00000, 0x000000008ef00000|  0%| F|  |TAMS 0x000000008ee00000| PB 0x000000008ee00000| Untracked 
| 239|0x000000008ef00000, 0x000000008ef00000, 0x000000008f000000|  0%| F|  |TAMS 0x000000008ef00000| PB 0x000000008ef00000| Untracked 
| 240|0x000000008f000000, 0x000000008f000000, 0x000000008f100000|  0%| F|  |TAMS 0x000000008f000000| PB 0x000000008f000000| Untracked 
| 241|0x000000008f100000, 0x000000008f200000, 0x000000008f200000|100%| S|CS|TAMS 0x000000008f100000| PB 0x000000008f100000| Complete 
| 242|0x000000008f200000, 0x000000008f300000, 0x000000008f300000|100%| S|CS|TAMS 0x000000008f200000| PB 0x000000008f200000| Complete 
| 243|0x000000008f300000, 0x000000008f400000, 0x000000008f400000|100%| S|CS|TAMS 0x000000008f300000| PB 0x000000008f300000| Complete 
| 244|0x000000008f400000, 0x000000008f500000, 0x000000008f500000|100%| S|CS|TAMS 0x000000008f400000| PB 0x000000008f400000| Complete 
| 245|0x000000008f500000, 0x000000008f600000, 0x000000008f600000|100%| S|CS|TAMS 0x000000008f500000| PB 0x000000008f500000| Complete 
| 246|0x000000008f600000, 0x000000008f700000, 0x000000008f700000|100%| S|CS|TAMS 0x000000008f600000| PB 0x000000008f600000| Complete 
| 247|0x000000008f700000, 0x000000008f800000, 0x000000008f800000|100%| S|CS|TAMS 0x000000008f700000| PB 0x000000008f700000| Complete 
| 248|0x000000008f800000, 0x000000008f900000, 0x000000008f900000|100%| S|CS|TAMS 0x000000008f800000| PB 0x000000008f800000| Complete 
| 249|0x000000008f900000, 0x000000008fa00000, 0x000000008fa00000|100%| S|CS|TAMS 0x000000008f900000| PB 0x000000008f900000| Complete 
| 250|0x000000008fa00000, 0x000000008fb00000, 0x000000008fb00000|100%| S|CS|TAMS 0x000000008fa00000| PB 0x000000008fa00000| Complete 
| 251|0x000000008fb00000, 0x000000008fc00000, 0x000000008fc00000|100%| S|CS|TAMS 0x000000008fb00000| PB 0x000000008fb00000| Complete 
| 252|0x000000008fc00000, 0x000000008fd00000, 0x000000008fd00000|100%| S|CS|TAMS 0x000000008fc00000| PB 0x000000008fc00000| Complete 
| 253|0x000000008fd00000, 0x000000008fe00000, 0x000000008fe00000|100%| S|CS|TAMS 0x000000008fd00000| PB 0x000000008fd00000| Complete 
| 254|0x000000008fe00000, 0x000000008fe00000, 0x000000008ff00000|  0%| F|  |TAMS 0x000000008fe00000| PB 0x000000008fe00000| Untracked 
| 255|0x000000008ff00000, 0x000000008ff00000, 0x0000000090000000|  0%| F|  |TAMS 0x000000008ff00000| PB 0x000000008ff00000| Untracked 
| 256|0x0000000090000000, 0x0000000090000000, 0x0000000090100000|  0%| F|  |TAMS 0x0000000090000000| PB 0x0000000090000000| Untracked 
| 257|0x0000000090100000, 0x0000000090100000, 0x0000000090200000|  0%| F|  |TAMS 0x0000000090100000| PB 0x0000000090100000| Untracked 
| 258|0x0000000090200000, 0x0000000090200000, 0x0000000090300000|  0%| F|  |TAMS 0x0000000090200000| PB 0x0000000090200000| Untracked 
| 259|0x0000000090300000, 0x0000000090300000, 0x0000000090400000|  0%| F|  |TAMS 0x0000000090300000| PB 0x0000000090300000| Untracked 
| 260|0x0000000090400000, 0x0000000090400000, 0x0000000090500000|  0%| F|  |TAMS 0x0000000090400000| PB 0x0000000090400000| Untracked 
| 261|0x0000000090500000, 0x0000000090500000, 0x0000000090600000|  0%| F|  |TAMS 0x0000000090500000| PB 0x0000000090500000| Untracked 
| 262|0x0000000090600000, 0x0000000090600000, 0x0000000090700000|  0%| F|  |TAMS 0x0000000090600000| PB 0x0000000090600000| Untracked 
| 263|0x0000000090700000, 0x0000000090700000, 0x0000000090800000|  0%| F|  |TAMS 0x0000000090700000| PB 0x0000000090700000| Untracked 
| 264|0x0000000090800000, 0x0000000090800000, 0x0000000090900000|  0%| F|  |TAMS 0x0000000090800000| PB 0x0000000090800000| Untracked 
| 265|0x0000000090900000, 0x0000000090900000, 0x0000000090a00000|  0%| F|  |TAMS 0x0000000090900000| PB 0x0000000090900000| Untracked 
| 266|0x0000000090a00000, 0x0000000090a00000, 0x0000000090b00000|  0%| F|  |TAMS 0x0000000090a00000| PB 0x0000000090a00000| Untracked 
| 267|0x0000000090b00000, 0x0000000090b00000, 0x0000000090c00000|  0%| F|  |TAMS 0x0000000090b00000| PB 0x0000000090b00000| Untracked 
| 268|0x0000000090c00000, 0x0000000090c00000, 0x0000000090d00000|  0%| F|  |TAMS 0x0000000090c00000| PB 0x0000000090c00000| Untracked 
| 269|0x0000000090d00000, 0x0000000090d00000, 0x0000000090e00000|  0%| F|  |TAMS 0x0000000090d00000| PB 0x0000000090d00000| Untracked 
| 270|0x0000000090e00000, 0x0000000090e00000, 0x0000000090f00000|  0%| F|  |TAMS 0x0000000090e00000| PB 0x0000000090e00000| Untracked 
| 271|0x0000000090f00000, 0x0000000090f00000, 0x0000000091000000|  0%| F|  |TAMS 0x0000000090f00000| PB 0x0000000090f00000| Untracked 
| 272|0x0000000091000000, 0x0000000091000000, 0x0000000091100000|  0%| F|  |TAMS 0x0000000091000000| PB 0x0000000091000000| Untracked 
| 273|0x0000000091100000, 0x0000000091100000, 0x0000000091200000|  0%| F|  |TAMS 0x0000000091100000| PB 0x0000000091100000| Untracked 
| 274|0x0000000091200000, 0x0000000091200000, 0x0000000091300000|  0%| F|  |TAMS 0x0000000091200000| PB 0x0000000091200000| Untracked 
| 275|0x0000000091300000, 0x0000000091300000, 0x0000000091400000|  0%| F|  |TAMS 0x0000000091300000| PB 0x0000000091300000| Untracked 
| 276|0x0000000091400000, 0x0000000091400000, 0x0000000091500000|  0%| F|  |TAMS 0x0000000091400000| PB 0x0000000091400000| Untracked 
| 277|0x0000000091500000, 0x0000000091500000, 0x0000000091600000|  0%| F|  |TAMS 0x0000000091500000| PB 0x0000000091500000| Untracked 
| 278|0x0000000091600000, 0x0000000091600000, 0x0000000091700000|  0%| F|  |TAMS 0x0000000091600000| PB 0x0000000091600000| Untracked 
| 279|0x0000000091700000, 0x0000000091700000, 0x0000000091800000|  0%| F|  |TAMS 0x0000000091700000| PB 0x0000000091700000| Untracked 
| 280|0x0000000091800000, 0x0000000091800000, 0x0000000091900000|  0%| F|  |TAMS 0x0000000091800000| PB 0x0000000091800000| Untracked 
| 281|0x0000000091900000, 0x0000000091900000, 0x0000000091a00000|  0%| F|  |TAMS 0x0000000091900000| PB 0x0000000091900000| Untracked 
| 282|0x0000000091a00000, 0x0000000091a00000, 0x0000000091b00000|  0%| F|  |TAMS 0x0000000091a00000| PB 0x0000000091a00000| Untracked 
| 283|0x0000000091b00000, 0x0000000091b00000, 0x0000000091c00000|  0%| F|  |TAMS 0x0000000091b00000| PB 0x0000000091b00000| Untracked 
| 284|0x0000000091c00000, 0x0000000091c00000, 0x0000000091d00000|  0%| F|  |TAMS 0x0000000091c00000| PB 0x0000000091c00000| Untracked 
| 285|0x0000000091d00000, 0x0000000091d00000, 0x0000000091e00000|  0%| F|  |TAMS 0x0000000091d00000| PB 0x0000000091d00000| Untracked 
| 286|0x0000000091e00000, 0x0000000091e00000, 0x0000000091f00000|  0%| F|  |TAMS 0x0000000091e00000| PB 0x0000000091e00000| Untracked 
| 287|0x0000000091f00000, 0x0000000091f00000, 0x0000000092000000|  0%| F|  |TAMS 0x0000000091f00000| PB 0x0000000091f00000| Untracked 
| 288|0x0000000092000000, 0x0000000092000000, 0x0000000092100000|  0%| F|  |TAMS 0x0000000092000000| PB 0x0000000092000000| Untracked 
| 289|0x0000000092100000, 0x0000000092100000, 0x0000000092200000|  0%| F|  |TAMS 0x0000000092100000| PB 0x0000000092100000| Untracked 
| 290|0x0000000092200000, 0x0000000092200000, 0x0000000092300000|  0%| F|  |TAMS 0x0000000092200000| PB 0x0000000092200000| Untracked 
| 291|0x0000000092300000, 0x0000000092300000, 0x0000000092400000|  0%| F|  |TAMS 0x0000000092300000| PB 0x0000000092300000| Untracked 
| 292|0x0000000092400000, 0x0000000092400000, 0x0000000092500000|  0%| F|  |TAMS 0x0000000092400000| PB 0x0000000092400000| Untracked 
| 293|0x0000000092500000, 0x0000000092500000, 0x0000000092600000|  0%| F|  |TAMS 0x0000000092500000| PB 0x0000000092500000| Untracked 
| 294|0x0000000092600000, 0x0000000092600000, 0x0000000092700000|  0%| F|  |TAMS 0x0000000092600000| PB 0x0000000092600000| Untracked 
| 295|0x0000000092700000, 0x0000000092700000, 0x0000000092800000|  0%| F|  |TAMS 0x0000000092700000| PB 0x0000000092700000| Untracked 
| 296|0x0000000092800000, 0x0000000092800000, 0x0000000092900000|  0%| F|  |TAMS 0x0000000092800000| PB 0x0000000092800000| Untracked 
| 297|0x0000000092900000, 0x0000000092900000, 0x0000000092a00000|  0%| F|  |TAMS 0x0000000092900000| PB 0x0000000092900000| Untracked 
| 298|0x0000000092a00000, 0x0000000092a00000, 0x0000000092b00000|  0%| F|  |TAMS 0x0000000092a00000| PB 0x0000000092a00000| Untracked 
| 299|0x0000000092b00000, 0x0000000092b00000, 0x0000000092c00000|  0%| F|  |TAMS 0x0000000092b00000| PB 0x0000000092b00000| Untracked 
| 300|0x0000000092c00000, 0x0000000092c00000, 0x0000000092d00000|  0%| F|  |TAMS 0x0000000092c00000| PB 0x0000000092c00000| Untracked 
| 301|0x0000000092d00000, 0x0000000092d00000, 0x0000000092e00000|  0%| F|  |TAMS 0x0000000092d00000| PB 0x0000000092d00000| Untracked 
| 302|0x0000000092e00000, 0x0000000092e00000, 0x0000000092f00000|  0%| F|  |TAMS 0x0000000092e00000| PB 0x0000000092e00000| Untracked 
| 303|0x0000000092f00000, 0x0000000092f00000, 0x0000000093000000|  0%| F|  |TAMS 0x0000000092f00000| PB 0x0000000092f00000| Untracked 
| 304|0x0000000093000000, 0x0000000093000000, 0x0000000093100000|  0%| F|  |TAMS 0x0000000093000000| PB 0x0000000093000000| Untracked 
| 305|0x0000000093100000, 0x0000000093100000, 0x0000000093200000|  0%| F|  |TAMS 0x0000000093100000| PB 0x0000000093100000| Untracked 
| 306|0x0000000093200000, 0x0000000093200000, 0x0000000093300000|  0%| F|  |TAMS 0x0000000093200000| PB 0x0000000093200000| Untracked 
| 307|0x0000000093300000, 0x0000000093300000, 0x0000000093400000|  0%| F|  |TAMS 0x0000000093300000| PB 0x0000000093300000| Untracked 
| 308|0x0000000093400000, 0x0000000093400000, 0x0000000093500000|  0%| F|  |TAMS 0x0000000093400000| PB 0x0000000093400000| Untracked 
| 309|0x0000000093500000, 0x0000000093500000, 0x0000000093600000|  0%| F|  |TAMS 0x0000000093500000| PB 0x0000000093500000| Untracked 
| 310|0x0000000093600000, 0x0000000093600000, 0x0000000093700000|  0%| F|  |TAMS 0x0000000093600000| PB 0x0000000093600000| Untracked 
| 311|0x0000000093700000, 0x0000000093700000, 0x0000000093800000|  0%| F|  |TAMS 0x0000000093700000| PB 0x0000000093700000| Untracked 
| 312|0x0000000093800000, 0x0000000093800000, 0x0000000093900000|  0%| F|  |TAMS 0x0000000093800000| PB 0x0000000093800000| Untracked 
| 313|0x0000000093900000, 0x0000000093900000, 0x0000000093a00000|  0%| F|  |TAMS 0x0000000093900000| PB 0x0000000093900000| Untracked 
| 314|0x0000000093a00000, 0x0000000093a00000, 0x0000000093b00000|  0%| F|  |TAMS 0x0000000093a00000| PB 0x0000000093a00000| Untracked 
| 315|0x0000000093b00000, 0x0000000093b00000, 0x0000000093c00000|  0%| F|  |TAMS 0x0000000093b00000| PB 0x0000000093b00000| Untracked 
| 316|0x0000000093c00000, 0x0000000093c00000, 0x0000000093d00000|  0%| F|  |TAMS 0x0000000093c00000| PB 0x0000000093c00000| Untracked 
| 317|0x0000000093d00000, 0x0000000093d00000, 0x0000000093e00000|  0%| F|  |TAMS 0x0000000093d00000| PB 0x0000000093d00000| Untracked 
| 318|0x0000000093e00000, 0x0000000093e00000, 0x0000000093f00000|  0%| F|  |TAMS 0x0000000093e00000| PB 0x0000000093e00000| Untracked 
| 319|0x0000000093f00000, 0x0000000093f00000, 0x0000000094000000|  0%| F|  |TAMS 0x0000000093f00000| PB 0x0000000093f00000| Untracked 
| 320|0x0000000094000000, 0x0000000094000000, 0x0000000094100000|  0%| F|  |TAMS 0x0000000094000000| PB 0x0000000094000000| Untracked 
| 321|0x0000000094100000, 0x0000000094100000, 0x0000000094200000|  0%| F|  |TAMS 0x0000000094100000| PB 0x0000000094100000| Untracked 
| 322|0x0000000094200000, 0x0000000094200000, 0x0000000094300000|  0%| F|  |TAMS 0x0000000094200000| PB 0x0000000094200000| Untracked 
| 323|0x0000000094300000, 0x0000000094300000, 0x0000000094400000|  0%| F|  |TAMS 0x0000000094300000| PB 0x0000000094300000| Untracked 
| 324|0x0000000094400000, 0x0000000094400000, 0x0000000094500000|  0%| F|  |TAMS 0x0000000094400000| PB 0x0000000094400000| Untracked 
| 325|0x0000000094500000, 0x0000000094500000, 0x0000000094600000|  0%| F|  |TAMS 0x0000000094500000| PB 0x0000000094500000| Untracked 
| 326|0x0000000094600000, 0x0000000094600000, 0x0000000094700000|  0%| F|  |TAMS 0x0000000094600000| PB 0x0000000094600000| Untracked 
| 327|0x0000000094700000, 0x0000000094700000, 0x0000000094800000|  0%| F|  |TAMS 0x0000000094700000| PB 0x0000000094700000| Untracked 
| 328|0x0000000094800000, 0x0000000094800000, 0x0000000094900000|  0%| F|  |TAMS 0x0000000094800000| PB 0x0000000094800000| Untracked 
| 329|0x0000000094900000, 0x0000000094900000, 0x0000000094a00000|  0%| F|  |TAMS 0x0000000094900000| PB 0x0000000094900000| Untracked 
| 330|0x0000000094a00000, 0x0000000094a00000, 0x0000000094b00000|  0%| F|  |TAMS 0x0000000094a00000| PB 0x0000000094a00000| Untracked 
| 331|0x0000000094b00000, 0x0000000094b00000, 0x0000000094c00000|  0%| F|  |TAMS 0x0000000094b00000| PB 0x0000000094b00000| Untracked 
| 332|0x0000000094c00000, 0x0000000094c00000, 0x0000000094d00000|  0%| F|  |TAMS 0x0000000094c00000| PB 0x0000000094c00000| Untracked 
| 333|0x0000000094d00000, 0x0000000094d00000, 0x0000000094e00000|  0%| F|  |TAMS 0x0000000094d00000| PB 0x0000000094d00000| Untracked 
| 334|0x0000000094e00000, 0x0000000094e00000, 0x0000000094f00000|  0%| F|  |TAMS 0x0000000094e00000| PB 0x0000000094e00000| Untracked 
| 335|0x0000000094f00000, 0x0000000094f00000, 0x0000000095000000|  0%| F|  |TAMS 0x0000000094f00000| PB 0x0000000094f00000| Untracked 
| 336|0x0000000095000000, 0x0000000095000000, 0x0000000095100000|  0%| F|  |TAMS 0x0000000095000000| PB 0x0000000095000000| Untracked 
| 337|0x0000000095100000, 0x0000000095100000, 0x0000000095200000|  0%| F|  |TAMS 0x0000000095100000| PB 0x0000000095100000| Untracked 
| 338|0x0000000095200000, 0x0000000095200000, 0x0000000095300000|  0%| F|  |TAMS 0x0000000095200000| PB 0x0000000095200000| Untracked 
| 339|0x0000000095300000, 0x0000000095300000, 0x0000000095400000|  0%| F|  |TAMS 0x0000000095300000| PB 0x0000000095300000| Untracked 
| 340|0x0000000095400000, 0x0000000095400000, 0x0000000095500000|  0%| F|  |TAMS 0x0000000095400000| PB 0x0000000095400000| Untracked 
| 341|0x0000000095500000, 0x0000000095500000, 0x0000000095600000|  0%| F|  |TAMS 0x0000000095500000| PB 0x0000000095500000| Untracked 
| 342|0x0000000095600000, 0x0000000095600000, 0x0000000095700000|  0%| F|  |TAMS 0x0000000095600000| PB 0x0000000095600000| Untracked 
| 343|0x0000000095700000, 0x0000000095700000, 0x0000000095800000|  0%| F|  |TAMS 0x0000000095700000| PB 0x0000000095700000| Untracked 
| 344|0x0000000095800000, 0x0000000095800000, 0x0000000095900000|  0%| F|  |TAMS 0x0000000095800000| PB 0x0000000095800000| Untracked 
| 345|0x0000000095900000, 0x0000000095900000, 0x0000000095a00000|  0%| F|  |TAMS 0x0000000095900000| PB 0x0000000095900000| Untracked 
| 346|0x0000000095a00000, 0x0000000095a00000, 0x0000000095b00000|  0%| F|  |TAMS 0x0000000095a00000| PB 0x0000000095a00000| Untracked 
| 347|0x0000000095b00000, 0x0000000095b00000, 0x0000000095c00000|  0%| F|  |TAMS 0x0000000095b00000| PB 0x0000000095b00000| Untracked 
| 348|0x0000000095c00000, 0x0000000095c00000, 0x0000000095d00000|  0%| F|  |TAMS 0x0000000095c00000| PB 0x0000000095c00000| Untracked 
| 349|0x0000000095d00000, 0x0000000095d00000, 0x0000000095e00000|  0%| F|  |TAMS 0x0000000095d00000| PB 0x0000000095d00000| Untracked 
| 350|0x0000000095e00000, 0x0000000095e00000, 0x0000000095f00000|  0%| F|  |TAMS 0x0000000095e00000| PB 0x0000000095e00000| Untracked 
| 351|0x0000000095f00000, 0x0000000095f00000, 0x0000000096000000|  0%| F|  |TAMS 0x0000000095f00000| PB 0x0000000095f00000| Untracked 
| 352|0x0000000096000000, 0x0000000096000000, 0x0000000096100000|  0%| F|  |TAMS 0x0000000096000000| PB 0x0000000096000000| Untracked 
| 353|0x0000000096100000, 0x0000000096100000, 0x0000000096200000|  0%| F|  |TAMS 0x0000000096100000| PB 0x0000000096100000| Untracked 
| 354|0x0000000096200000, 0x0000000096200000, 0x0000000096300000|  0%| F|  |TAMS 0x0000000096200000| PB 0x0000000096200000| Untracked 
| 355|0x0000000096300000, 0x0000000096300000, 0x0000000096400000|  0%| F|  |TAMS 0x0000000096300000| PB 0x0000000096300000| Untracked 
| 356|0x0000000096400000, 0x0000000096400000, 0x0000000096500000|  0%| F|  |TAMS 0x0000000096400000| PB 0x0000000096400000| Untracked 
| 357|0x0000000096500000, 0x0000000096500000, 0x0000000096600000|  0%| F|  |TAMS 0x0000000096500000| PB 0x0000000096500000| Untracked 
| 358|0x0000000096600000, 0x0000000096600000, 0x0000000096700000|  0%| F|  |TAMS 0x0000000096600000| PB 0x0000000096600000| Untracked 
| 359|0x0000000096700000, 0x0000000096700000, 0x0000000096800000|  0%| F|  |TAMS 0x0000000096700000| PB 0x0000000096700000| Untracked 
| 360|0x0000000096800000, 0x0000000096800000, 0x0000000096900000|  0%| F|  |TAMS 0x0000000096800000| PB 0x0000000096800000| Untracked 
| 361|0x0000000096900000, 0x0000000096900000, 0x0000000096a00000|  0%| F|  |TAMS 0x0000000096900000| PB 0x0000000096900000| Untracked 
| 362|0x0000000096a00000, 0x0000000096a00000, 0x0000000096b00000|  0%| F|  |TAMS 0x0000000096a00000| PB 0x0000000096a00000| Untracked 
| 363|0x0000000096b00000, 0x0000000096b00000, 0x0000000096c00000|  0%| F|  |TAMS 0x0000000096b00000| PB 0x0000000096b00000| Untracked 
| 364|0x0000000096c00000, 0x0000000096c00000, 0x0000000096d00000|  0%| F|  |TAMS 0x0000000096c00000| PB 0x0000000096c00000| Untracked 
| 365|0x0000000096d00000, 0x0000000096d00000, 0x0000000096e00000|  0%| F|  |TAMS 0x0000000096d00000| PB 0x0000000096d00000| Untracked 
| 366|0x0000000096e00000, 0x0000000096e00000, 0x0000000096f00000|  0%| F|  |TAMS 0x0000000096e00000| PB 0x0000000096e00000| Untracked 
| 367|0x0000000096f00000, 0x0000000096f00000, 0x0000000097000000|  0%| F|  |TAMS 0x0000000096f00000| PB 0x0000000096f00000| Untracked 
| 368|0x0000000097000000, 0x0000000097000000, 0x0000000097100000|  0%| F|  |TAMS 0x0000000097000000| PB 0x0000000097000000| Untracked 
| 369|0x0000000097100000, 0x0000000097100000, 0x0000000097200000|  0%| F|  |TAMS 0x0000000097100000| PB 0x0000000097100000| Untracked 
| 370|0x0000000097200000, 0x0000000097200000, 0x0000000097300000|  0%| F|  |TAMS 0x0000000097200000| PB 0x0000000097200000| Untracked 
| 371|0x0000000097300000, 0x0000000097300000, 0x0000000097400000|  0%| F|  |TAMS 0x0000000097300000| PB 0x0000000097300000| Untracked 
| 372|0x0000000097400000, 0x0000000097400000, 0x0000000097500000|  0%| F|  |TAMS 0x0000000097400000| PB 0x0000000097400000| Untracked 
| 373|0x0000000097500000, 0x0000000097500000, 0x0000000097600000|  0%| F|  |TAMS 0x0000000097500000| PB 0x0000000097500000| Untracked 
| 374|0x0000000097600000, 0x0000000097600000, 0x0000000097700000|  0%| F|  |TAMS 0x0000000097600000| PB 0x0000000097600000| Untracked 
| 375|0x0000000097700000, 0x0000000097700000, 0x0000000097800000|  0%| F|  |TAMS 0x0000000097700000| PB 0x0000000097700000| Untracked 
| 376|0x0000000097800000, 0x0000000097800000, 0x0000000097900000|  0%| F|  |TAMS 0x0000000097800000| PB 0x0000000097800000| Untracked 
| 377|0x0000000097900000, 0x0000000097900000, 0x0000000097a00000|  0%| F|  |TAMS 0x0000000097900000| PB 0x0000000097900000| Untracked 
| 378|0x0000000097a00000, 0x0000000097a00000, 0x0000000097b00000|  0%| F|  |TAMS 0x0000000097a00000| PB 0x0000000097a00000| Untracked 
| 379|0x0000000097b00000, 0x0000000097b00000, 0x0000000097c00000|  0%| F|  |TAMS 0x0000000097b00000| PB 0x0000000097b00000| Untracked 
| 380|0x0000000097c00000, 0x0000000097c00000, 0x0000000097d00000|  0%| F|  |TAMS 0x0000000097c00000| PB 0x0000000097c00000| Untracked 
| 381|0x0000000097d00000, 0x0000000097d00000, 0x0000000097e00000|  0%| F|  |TAMS 0x0000000097d00000| PB 0x0000000097d00000| Untracked 
| 382|0x0000000097e00000, 0x0000000097e00000, 0x0000000097f00000|  0%| F|  |TAMS 0x0000000097e00000| PB 0x0000000097e00000| Untracked 
| 383|0x0000000097f00000, 0x0000000097f00000, 0x0000000098000000|  0%| F|  |TAMS 0x0000000097f00000| PB 0x0000000097f00000| Untracked 
| 384|0x0000000098000000, 0x0000000098000000, 0x0000000098100000|  0%| F|  |TAMS 0x0000000098000000| PB 0x0000000098000000| Untracked 
| 385|0x0000000098100000, 0x0000000098100000, 0x0000000098200000|  0%| F|  |TAMS 0x0000000098100000| PB 0x0000000098100000| Untracked 
| 386|0x0000000098200000, 0x0000000098200000, 0x0000000098300000|  0%| F|  |TAMS 0x0000000098200000| PB 0x0000000098200000| Untracked 
| 387|0x0000000098300000, 0x0000000098300000, 0x0000000098400000|  0%| F|  |TAMS 0x0000000098300000| PB 0x0000000098300000| Untracked 
| 388|0x0000000098400000, 0x0000000098400000, 0x0000000098500000|  0%| F|  |TAMS 0x0000000098400000| PB 0x0000000098400000| Untracked 
| 389|0x0000000098500000, 0x0000000098500000, 0x0000000098600000|  0%| F|  |TAMS 0x0000000098500000| PB 0x0000000098500000| Untracked 
| 390|0x0000000098600000, 0x0000000098600000, 0x0000000098700000|  0%| F|  |TAMS 0x0000000098600000| PB 0x0000000098600000| Untracked 
| 391|0x0000000098700000, 0x0000000098700000, 0x0000000098800000|  0%| F|  |TAMS 0x0000000098700000| PB 0x0000000098700000| Untracked 
| 392|0x0000000098800000, 0x0000000098800000, 0x0000000098900000|  0%| F|  |TAMS 0x0000000098800000| PB 0x0000000098800000| Untracked 
| 393|0x0000000098900000, 0x0000000098900000, 0x0000000098a00000|  0%| F|  |TAMS 0x0000000098900000| PB 0x0000000098900000| Untracked 
| 394|0x0000000098a00000, 0x0000000098a00000, 0x0000000098b00000|  0%| F|  |TAMS 0x0000000098a00000| PB 0x0000000098a00000| Untracked 
| 395|0x0000000098b00000, 0x0000000098b00000, 0x0000000098c00000|  0%| F|  |TAMS 0x0000000098b00000| PB 0x0000000098b00000| Untracked 
| 396|0x0000000098c00000, 0x0000000098c00000, 0x0000000098d00000|  0%| F|  |TAMS 0x0000000098c00000| PB 0x0000000098c00000| Untracked 
| 397|0x0000000098d00000, 0x0000000098d00000, 0x0000000098e00000|  0%| F|  |TAMS 0x0000000098d00000| PB 0x0000000098d00000| Untracked 
| 398|0x0000000098e00000, 0x0000000098e00000, 0x0000000098f00000|  0%| F|  |TAMS 0x0000000098e00000| PB 0x0000000098e00000| Untracked 
| 399|0x0000000098f00000, 0x0000000098f80000, 0x0000000099000000| 50%| E|  |TAMS 0x0000000098f00000| PB 0x0000000098f00000| Complete 
| 400|0x0000000099000000, 0x0000000099100000, 0x0000000099100000|100%| E|CS|TAMS 0x0000000099000000| PB 0x0000000099000000| Complete 
| 401|0x0000000099100000, 0x0000000099200000, 0x0000000099200000|100%| E|CS|TAMS 0x0000000099100000| PB 0x0000000099100000| Complete 
| 402|0x0000000099200000, 0x0000000099300000, 0x0000000099300000|100%| E|CS|TAMS 0x0000000099200000| PB 0x0000000099200000| Complete 
| 403|0x0000000099300000, 0x0000000099400000, 0x0000000099400000|100%| E|CS|TAMS 0x0000000099300000| PB 0x0000000099300000| Complete 
| 404|0x0000000099400000, 0x0000000099500000, 0x0000000099500000|100%| E|CS|TAMS 0x0000000099400000| PB 0x0000000099400000| Complete 
| 405|0x0000000099500000, 0x0000000099600000, 0x0000000099600000|100%| E|CS|TAMS 0x0000000099500000| PB 0x0000000099500000| Complete 
| 406|0x0000000099600000, 0x0000000099700000, 0x0000000099700000|100%| E|CS|TAMS 0x0000000099600000| PB 0x0000000099600000| Complete 
| 407|0x0000000099700000, 0x0000000099800000, 0x0000000099800000|100%| E|CS|TAMS 0x0000000099700000| PB 0x0000000099700000| Complete 
| 408|0x0000000099800000, 0x0000000099900000, 0x0000000099900000|100%| E|CS|TAMS 0x0000000099800000| PB 0x0000000099800000| Complete 
| 409|0x0000000099900000, 0x0000000099a00000, 0x0000000099a00000|100%| E|CS|TAMS 0x0000000099900000| PB 0x0000000099900000| Complete 
| 410|0x0000000099a00000, 0x0000000099b00000, 0x0000000099b00000|100%| E|CS|TAMS 0x0000000099a00000| PB 0x0000000099a00000| Complete 
| 411|0x0000000099b00000, 0x0000000099c00000, 0x0000000099c00000|100%| E|CS|TAMS 0x0000000099b00000| PB 0x0000000099b00000| Complete 
| 412|0x0000000099c00000, 0x0000000099d00000, 0x0000000099d00000|100%| E|CS|TAMS 0x0000000099c00000| PB 0x0000000099c00000| Complete 
| 413|0x0000000099d00000, 0x0000000099e00000, 0x0000000099e00000|100%| E|CS|TAMS 0x0000000099d00000| PB 0x0000000099d00000| Complete 
| 414|0x0000000099e00000, 0x0000000099f00000, 0x0000000099f00000|100%| E|CS|TAMS 0x0000000099e00000| PB 0x0000000099e00000| Complete 
| 415|0x0000000099f00000, 0x000000009a000000, 0x000000009a000000|100%| E|CS|TAMS 0x0000000099f00000| PB 0x0000000099f00000| Complete 
| 416|0x000000009a000000, 0x000000009a100000, 0x000000009a100000|100%| E|CS|TAMS 0x000000009a000000| PB 0x000000009a000000| Complete 
| 417|0x000000009a100000, 0x000000009a200000, 0x000000009a200000|100%| E|CS|TAMS 0x000000009a100000| PB 0x000000009a100000| Complete 
| 418|0x000000009a200000, 0x000000009a300000, 0x000000009a300000|100%| E|CS|TAMS 0x000000009a200000| PB 0x000000009a200000| Complete 
| 419|0x000000009a300000, 0x000000009a400000, 0x000000009a400000|100%| E|CS|TAMS 0x000000009a300000| PB 0x000000009a300000| Complete 
| 420|0x000000009a400000, 0x000000009a500000, 0x000000009a500000|100%| E|CS|TAMS 0x000000009a400000| PB 0x000000009a400000| Complete 
| 421|0x000000009a500000, 0x000000009a600000, 0x000000009a600000|100%| E|CS|TAMS 0x000000009a500000| PB 0x000000009a500000| Complete 
| 422|0x000000009a600000, 0x000000009a700000, 0x000000009a700000|100%| E|CS|TAMS 0x000000009a600000| PB 0x000000009a600000| Complete 
| 423|0x000000009a700000, 0x000000009a800000, 0x000000009a800000|100%| E|CS|TAMS 0x000000009a700000| PB 0x000000009a700000| Complete 
| 424|0x000000009a800000, 0x000000009a900000, 0x000000009a900000|100%| E|CS|TAMS 0x000000009a800000| PB 0x000000009a800000| Complete 
| 425|0x000000009a900000, 0x000000009aa00000, 0x000000009aa00000|100%| E|CS|TAMS 0x000000009a900000| PB 0x000000009a900000| Complete 
| 426|0x000000009aa00000, 0x000000009ab00000, 0x000000009ab00000|100%| E|CS|TAMS 0x000000009aa00000| PB 0x000000009aa00000| Complete 
| 427|0x000000009ab00000, 0x000000009ac00000, 0x000000009ac00000|100%| E|CS|TAMS 0x000000009ab00000| PB 0x000000009ab00000| Complete 
| 428|0x000000009ac00000, 0x000000009ad00000, 0x000000009ad00000|100%| E|CS|TAMS 0x000000009ac00000| PB 0x000000009ac00000| Complete 
| 429|0x000000009ad00000, 0x000000009ae00000, 0x000000009ae00000|100%| E|CS|TAMS 0x000000009ad00000| PB 0x000000009ad00000| Complete 
| 430|0x000000009ae00000, 0x000000009af00000, 0x000000009af00000|100%| E|CS|TAMS 0x000000009ae00000| PB 0x000000009ae00000| Complete 
| 431|0x000000009af00000, 0x000000009b000000, 0x000000009b000000|100%| E|CS|TAMS 0x000000009af00000| PB 0x000000009af00000| Complete 
| 432|0x000000009b000000, 0x000000009b100000, 0x000000009b100000|100%| E|CS|TAMS 0x000000009b000000| PB 0x000000009b000000| Complete 
|2041|0x00000000ff900000, 0x00000000ffa00000, 0x00000000ffa00000|100%| O|  |TAMS 0x00000000ff900000| PB 0x00000000ff900000| Untracked 
|2042|0x00000000ffa00000, 0x00000000ffb00000, 0x00000000ffb00000|100%| O|  |TAMS 0x00000000ffa00000| PB 0x00000000ffa00000| Untracked 
|2043|0x00000000ffb00000, 0x00000000ffc00000, 0x00000000ffc00000|100%| E|CS|TAMS 0x00000000ffb00000| PB 0x00000000ffb00000| Complete 
|2044|0x00000000ffc00000, 0x00000000ffd00000, 0x00000000ffd00000|100%| O|  |TAMS 0x00000000ffc00000| PB 0x00000000ffc00000| Untracked 
|2045|0x00000000ffd00000, 0x00000000ffe00000, 0x00000000ffe00000|100%| E|CS|TAMS 0x00000000ffd00000| PB 0x00000000ffd00000| Complete 
|2046|0x00000000ffe00000, 0x00000000fff00000, 0x00000000fff00000|100%| O|  |TAMS 0x00000000ffe00000| PB 0x00000000ffe00000| Untracked 
|2047|0x00000000fff00000, 0x0000000100000000, 0x0000000100000000|100%| O|  |TAMS 0x00000000fff00000| PB 0x00000000fff00000| Untracked 

Card table byte_map: [0x0000018158ce0000,0x00000181590e0000] _byte_map_base: 0x00000181588e0000

Marking Bits: (CMBitMap*) 0x00000181462955c0
 Bits: [0x00000181590e0000, 0x000001815b0e0000)

Polling page: 0x0000018144060000

Metaspace:

Usage:
  Non-class:    134.62 MB used.
      Class:     19.51 MB used.
       Both:    154.13 MB used.

Virtual space:
  Non-class space:      192.00 MB reserved,     135.94 MB ( 71%) committed,  3 nodes.
      Class space:        1.00 GB reserved,      20.69 MB (  2%) committed,  1 nodes.
             Both:        1.19 GB reserved,     156.62 MB ( 13%) committed. 

Chunk freelists:
   Non-Class:  7.41 MB
       Class:  11.25 MB
        Both:  18.66 MB

MaxMetaspaceSize: unlimited
CompressedClassSpaceSize: 1.00 GB
Initial GC threshold: 21.00 MB
Current GC threshold: 190.62 MB
CDS: off
 - commit_granule_bytes: 65536.
 - commit_granule_words: 8192.
 - virtual_space_node_default_size: 8388608.
 - enlarge_chunks_in_place: 1.
 - use_allocation_guard: 0.


Internal statistics:

num_allocs_failed_limit: 8.
num_arena_births: 4804.
num_arena_deaths: 2.
num_vsnodes_births: 4.
num_vsnodes_deaths: 0.
num_space_committed: 2504.
num_space_uncommitted: 0.
num_chunks_returned_to_freelist: 10.
num_chunks_taken_from_freelist: 11193.
num_chunk_merges: 8.
num_chunk_splits: 7803.
num_chunks_enlarged: 5412.
num_inconsistent_stats: 0.

CodeHeap 'non-profiled nmethods': size=120000Kb used=12117Kb max_used=12117Kb free=107882Kb
 bounds [0x0000018150e60000, 0x0000018151a40000, 0x0000018158390000]
CodeHeap 'profiled nmethods': size=120000Kb used=32441Kb max_used=32441Kb free=87558Kb
 bounds [0x0000018149390000, 0x000001814b340000, 0x00000181508c0000]
CodeHeap 'non-nmethods': size=5760Kb used=3093Kb max_used=3157Kb free=2666Kb
 bounds [0x00000181508c0000, 0x0000018150bf0000, 0x0000018150e60000]
 total_blobs=16956 nmethods=15797 adapters=1062
 compilation: enabled
              stopped_count=0, restarted_count=0
 full_count=0

Compilation events (20 events):
Event: 27.458 Thread 0x000001815de90f50 nmethod 17821 0x0000018151a31690 code [0x0000018151a31820, 0x0000018151a318e8]
Event: 27.458 Thread 0x000001815de90f50 17822       3       org.gradle.api.internal.artifacts.configurations.DefaultConfiguration::isFullyResoled (20 bytes)
Event: 27.458 Thread 0x000001815de90f50 nmethod 17822 0x000001814b32cc10 code [0x000001814b32ce60, 0x000001814b32d970]
Event: 27.458 Thread 0x000001815de90f50 17826       3       org.gradle.api.internal.artifacts.configurations.DefaultConfiguration::notifyChildren (40 bytes)
Event: 27.459 Thread 0x000001815de90f50 nmethod 17826 0x000001814b32dd10 code [0x000001814b32df20, 0x000001814b32e4d0]
Event: 27.459 Thread 0x000001815de90f50 17823       3       org.gradle.api.internal.artifacts.configurations.DefaultConfiguration::validateMutation (38 bytes)
Event: 27.459 Thread 0x000001815de8f950 nmethod 17820 0x0000018151a31990 code [0x0000018151a31bc0, 0x0000018151a32278]
Event: 27.459 Thread 0x000001815de8f950 17827       4       com.google.common.collect.SingletonImmutableList::iterator (5 bytes)
Event: 27.459 Thread 0x000001815de90f50 nmethod 17823 0x000001814b32e690 code [0x000001814b32e9a0, 0x000001814b32fa38]
Event: 27.459 Thread 0x000001815de90f50 17824       3       org.gradle.api.internal.artifacts.configurations.DefaultConfiguration::preventIllegalMutation (168 bytes)
Event: 27.459 Thread 0x000001815de8f950 nmethod 17827 0x0000018151a32a90 code [0x0000018151a32c20, 0x0000018151a32d10]
Event: 27.459 Thread 0x000001815de8f950 17828       4       org.gradle.internal.operations.BuildOperationState::setRunning (9 bytes)
Event: 27.460 Thread 0x000001815de8f950 nmethod 17828 0x0000018151a32e10 code [0x0000018151a32fa0, 0x0000018151a33060]
Event: 27.460 Thread 0x000001815de90f50 nmethod 17824 0x000001814b32ff10 code [0x000001814b330480, 0x000001814b3331f8]
Event: 27.460 Thread 0x000001815de90f50 17825       3       org.gradle.api.internal.artifacts.configurations.DefaultConfiguration::maybePreventMutation (110 bytes)
Event: 27.461 Thread 0x000001815de8f950 17830       4       java.lang.invoke.LambdaFormEditor::getInCache (165 bytes)
Event: 27.461 Thread 0x000001815de90f50 nmethod 17825 0x000001814b334010 code [0x000001814b334380, 0x000001814b3359c0]
Event: 27.461 Thread 0x000001815de90f50 17829       1       org.gradle.api.internal.project.DefaultProject::getOwner (5 bytes)
Event: 27.461 Thread 0x000001815de90f50 nmethod 17829 0x0000018151a33110 code [0x0000018151a332a0, 0x0000018151a33368]
Event: 27.463 Thread 0x000001815de8f950 nmethod 17830 0x0000018151a33410 code [0x0000018151a335c0, 0x0000018151a33af0]

GC Heap History (20 events):
Event: 12.375 GC heap before
{Heap before GC invocations=51 (full 0):
 garbage-first heap   total 450560K, used 391464K [0x0000000080000000, 0x0000000100000000)
  region size 1024K, 264 young (270336K), 6 survivors (6144K)
 Metaspace       used 76842K, committed 78720K, reserved 1179648K
  class space    used 10286K, committed 11200K, reserved 1048576K
}
Event: 12.378 GC heap after
{Heap after GC invocations=52 (full 0):
 garbage-first heap   total 450560K, used 125937K [0x0000000080000000, 0x0000000100000000)
  region size 1024K, 6 young (6144K), 6 survivors (6144K)
 Metaspace       used 76842K, committed 78720K, reserved 1179648K
  class space    used 10286K, committed 11200K, reserved 1048576K
}
Event: 13.073 GC heap before
{Heap before GC invocations=52 (full 0):
 garbage-first heap   total 450560K, used 391153K [0x0000000080000000, 0x0000000100000000)
  region size 1024K, 264 young (270336K), 6 survivors (6144K)
 Metaspace       used 77054K, committed 78912K, reserved 1179648K
  class space    used 10309K, committed 11200K, reserved 1048576K
}
Event: 13.116 GC heap after
{Heap after GC invocations=53 (full 0):
 garbage-first heap   total 450560K, used 124533K [0x0000000080000000, 0x0000000100000000)
  region size 1024K, 5 young (5120K), 5 survivors (5120K)
 Metaspace       used 77054K, committed 78912K, reserved 1179648K
  class space    used 10309K, committed 11200K, reserved 1048576K
}
Event: 13.498 GC heap before
{Heap before GC invocations=53 (full 0):
 garbage-first heap   total 450560K, used 390773K [0x0000000080000000, 0x0000000100000000)
  region size 1024K, 264 young (270336K), 5 survivors (5120K)
 Metaspace       used 77054K, committed 78912K, reserved 1179648K
  class space    used 10309K, committed 11200K, reserved 1048576K
}
Event: 13.501 GC heap after
{Heap after GC invocations=54 (full 0):
 garbage-first heap   total 450560K, used 125546K [0x0000000080000000, 0x0000000100000000)
  region size 1024K, 6 young (6144K), 6 survivors (6144K)
 Metaspace       used 77054K, committed 78912K, reserved 1179648K
  class space    used 10309K, committed 11200K, reserved 1048576K
}
Event: 13.980 GC heap before
{Heap before GC invocations=54 (full 0):
 garbage-first heap   total 450560K, used 389738K [0x0000000080000000, 0x0000000100000000)
  region size 1024K, 264 young (270336K), 6 survivors (6144K)
 Metaspace       used 77062K, committed 78912K, reserved 1179648K
  class space    used 10309K, committed 11200K, reserved 1048576K
}
Event: 13.983 GC heap after
{Heap after GC invocations=55 (full 0):
 garbage-first heap   total 450560K, used 124561K [0x0000000080000000, 0x0000000100000000)
  region size 1024K, 5 young (5120K), 5 survivors (5120K)
 Metaspace       used 77062K, committed 78912K, reserved 1179648K
  class space    used 10309K, committed 11200K, reserved 1048576K
}
Event: 14.848 GC heap before
{Heap before GC invocations=55 (full 0):
 garbage-first heap   total 450560K, used 390801K [0x0000000080000000, 0x0000000100000000)
  region size 1024K, 264 young (270336K), 5 survivors (5120K)
 Metaspace       used 77064K, committed 78912K, reserved 1179648K
  class space    used 10309K, committed 11200K, reserved 1048576K
}
Event: 14.851 GC heap after
{Heap after GC invocations=56 (full 0):
 garbage-first heap   total 450560K, used 124653K [0x0000000080000000, 0x0000000100000000)
  region size 1024K, 4 young (4096K), 4 survivors (4096K)
 Metaspace       used 77064K, committed 78912K, reserved 1179648K
  class space    used 10309K, committed 11200K, reserved 1048576K
}
Event: 18.410 GC heap before
{Heap before GC invocations=56 (full 0):
 garbage-first heap   total 450560K, used 388845K [0x0000000080000000, 0x0000000100000000)
  region size 1024K, 252 young (258048K), 4 survivors (4096K)
 Metaspace       used 96625K, committed 98624K, reserved 1179648K
  class space    used 13211K, committed 14208K, reserved 1048576K
}
Event: 18.419 GC heap after
{Heap after GC invocations=57 (full 0):
 garbage-first heap   total 450560K, used 148448K [0x0000000080000000, 0x0000000100000000)
  region size 1024K, 20 young (20480K), 20 survivors (20480K)
 Metaspace       used 96625K, committed 98624K, reserved 1179648K
  class space    used 13211K, committed 14208K, reserved 1048576K
}
Event: 20.368 GC heap before
{Heap before GC invocations=57 (full 0):
 garbage-first heap   total 450560K, used 328672K [0x0000000080000000, 0x0000000100000000)
  region size 1024K, 190 young (194560K), 20 survivors (20480K)
 Metaspace       used 111165K, committed 113280K, reserved 1179648K
  class space    used 14889K, committed 15936K, reserved 1048576K
}
Event: 20.375 GC heap after
{Heap after GC invocations=58 (full 0):
 garbage-first heap   total 450560K, used 153275K [0x0000000080000000, 0x0000000100000000)
  region size 1024K, 22 young (22528K), 22 survivors (22528K)
 Metaspace       used 111165K, committed 113280K, reserved 1179648K
  class space    used 14889K, committed 15936K, reserved 1048576K
}
Event: 20.969 GC heap before
{Heap before GC invocations=58 (full 0):
 garbage-first heap   total 450560K, used 261819K [0x0000000080000000, 0x0000000100000000)
  region size 1024K, 121 young (123904K), 22 survivors (22528K)
 Metaspace       used 114860K, committed 116928K, reserved 1179648K
  class space    used 15298K, committed 16320K, reserved 1048576K
}
Event: 21.164 GC heap after
{Heap after GC invocations=59 (full 0):
 garbage-first heap   total 450560K, used 178121K [0x0000000080000000, 0x0000000100000000)
  region size 1024K, 28 young (28672K), 28 survivors (28672K)
 Metaspace       used 114860K, committed 116928K, reserved 1179648K
  class space    used 15298K, committed 16320K, reserved 1048576K
}
Event: 23.296 GC heap before
{Heap before GC invocations=60 (full 0):
 garbage-first heap   total 450560K, used 378825K [0x0000000080000000, 0x0000000100000000)
  region size 1024K, 217 young (222208K), 28 survivors (28672K)
 Metaspace       used 132629K, committed 135104K, reserved 1179648K
  class space    used 17351K, committed 18560K, reserved 1048576K
}
Event: 23.322 GC heap after
{Heap after GC invocations=61 (full 0):
 garbage-first heap   total 450560K, used 198459K [0x0000000080000000, 0x0000000100000000)
  region size 1024K, 15 young (15360K), 15 survivors (15360K)
 Metaspace       used 132629K, committed 135104K, reserved 1179648K
  class space    used 17351K, committed 18560K, reserved 1048576K
}
Event: 26.992 GC heap before
{Heap before GC invocations=61 (full 0):
 garbage-first heap   total 450560K, used 383803K [0x0000000080000000, 0x0000000100000000)
  region size 1024K, 196 young (200704K), 15 survivors (15360K)
 Metaspace       used 154902K, committed 157440K, reserved 1245184K
  class space    used 19561K, committed 20800K, reserved 1048576K
}
Event: 27.001 GC heap after
{Heap after GC invocations=62 (full 0):
 garbage-first heap   total 450560K, used 208286K [0x0000000080000000, 0x0000000100000000)
  region size 1024K, 13 young (13312K), 13 survivors (13312K)
 Metaspace       used 154902K, committed 157440K, reserved 1245184K
  class space    used 19561K, committed 20800K, reserved 1048576K
}

Dll operation events (3 events):
Event: 0.006 Loaded shared library C:\Program Files\Android\Android Studio1\jbr\bin\java.dll
Event: 0.010 Loaded shared library C:\Program Files\Android\Android Studio1\jbr\bin\zip.dll
Event: 0.329 Loaded shared library C:\Program Files\Android\Android Studio1\jbr\bin\verify.dll

Deoptimization events (20 events):
Event: 27.065 Thread 0x00000181643da0a0 Uncommon trap: trap_request=0xffffffde fr.pc=0x00000181517f7644 relative=0x0000000000003024
Event: 27.065 Thread 0x00000181643da0a0 Uncommon trap: reason=class_check action=maybe_recompile pc=0x00000181517f7644 method=java.net.URLClassLoader.defineClass(Ljava/lang/String;Ljdk/internal/loader/Resource;)Ljava/lang/Class; @ 34 c2
Event: 27.065 Thread 0x00000181643da0a0 DEOPT PACKING pc=0x00000181517f7644 sp=0x0000004f720f7410
Event: 27.065 Thread 0x00000181643da0a0 DEOPT UNPACKING pc=0x00000181509146a2 sp=0x0000004f720f73a0 mode 2
Event: 27.065 Thread 0x00000181643da0a0 Uncommon trap: trap_request=0xffffffde fr.pc=0x00000181517f7644 relative=0x0000000000003024
Event: 27.065 Thread 0x00000181643da0a0 Uncommon trap: reason=class_check action=maybe_recompile pc=0x00000181517f7644 method=java.net.URLClassLoader.defineClass(Ljava/lang/String;Ljdk/internal/loader/Resource;)Ljava/lang/Class; @ 34 c2
Event: 27.066 Thread 0x00000181643da0a0 DEOPT PACKING pc=0x00000181517f7644 sp=0x0000004f720f7410
Event: 27.066 Thread 0x00000181643da0a0 DEOPT UNPACKING pc=0x00000181509146a2 sp=0x0000004f720f73a0 mode 2
Event: 27.145 Thread 0x00000181643da0a0 Uncommon trap: trap_request=0xffffff45 fr.pc=0x000001815147daa8 relative=0x0000000000000628
Event: 27.145 Thread 0x00000181643da0a0 Uncommon trap: reason=unstable_if action=reinterpret pc=0x000001815147daa8 method=org.objectweb.asm.ClassWriter.visit(IILjava/lang/String;Ljava/lang/String;Ljava/lang/String;[Ljava/lang/String;)V @ 71 c2
Event: 27.145 Thread 0x00000181643da0a0 DEOPT PACKING pc=0x000001815147daa8 sp=0x0000004f720f77e0
Event: 27.145 Thread 0x00000181643da0a0 DEOPT UNPACKING pc=0x00000181509146a2 sp=0x0000004f720f7770 mode 2
Event: 27.154 Thread 0x00000181643da0a0 Uncommon trap: trap_request=0xffffffc6 fr.pc=0x00000181514bb79c relative=0x000000000000023c
Event: 27.154 Thread 0x00000181643da0a0 Uncommon trap: reason=bimorphic_or_optimized_type_check action=maybe_recompile pc=0x00000181514bb79c method=java.util.TreeSet.addAll(Ljava/util/Collection;)Z @ 13 c2
Event: 27.154 Thread 0x00000181643da0a0 DEOPT PACKING pc=0x00000181514bb79c sp=0x0000004f720f7aa0
Event: 27.154 Thread 0x00000181643da0a0 DEOPT UNPACKING pc=0x00000181509146a2 sp=0x0000004f720f7a40 mode 2
Event: 27.154 Thread 0x00000181643da0a0 Uncommon trap: trap_request=0xffffffc6 fr.pc=0x00000181514bb79c relative=0x000000000000023c
Event: 27.154 Thread 0x00000181643da0a0 Uncommon trap: reason=bimorphic_or_optimized_type_check action=maybe_recompile pc=0x00000181514bb79c method=java.util.TreeSet.addAll(Ljava/util/Collection;)Z @ 13 c2
Event: 27.154 Thread 0x00000181643da0a0 DEOPT PACKING pc=0x00000181514bb79c sp=0x0000004f720f7aa0
Event: 27.154 Thread 0x00000181643da0a0 DEOPT UNPACKING pc=0x00000181509146a2 sp=0x0000004f720f7a40 mode 2

Classes loaded (20 events):
Event: 22.317 Loading class java/util/AbstractList$ListItr
Event: 22.317 Loading class java/util/AbstractList$ListItr done
Event: 22.514 Loading class java/util/function/IntUnaryOperator
Event: 22.514 Loading class java/util/function/IntUnaryOperator done
Event: 22.551 Loading class java/util/AbstractList$SubList
Event: 22.551 Loading class java/util/AbstractList$SubList done
Event: 22.551 Loading class java/util/AbstractList$SubList$1
Event: 22.551 Loading class java/util/AbstractList$SubList$1 done
Event: 22.632 Loading class java/util/EnumMap$EntrySet
Event: 22.632 Loading class java/util/EnumMap$EntrySet done
Event: 22.632 Loading class java/util/EnumMap$EntryIterator
Event: 22.632 Loading class java/util/EnumMap$EnumMapIterator
Event: 22.632 Loading class java/util/EnumMap$EnumMapIterator done
Event: 22.632 Loading class java/util/EnumMap$EntryIterator done
Event: 22.632 Loading class java/util/EnumMap$EntryIterator$Entry
Event: 22.632 Loading class java/util/EnumMap$EntryIterator$Entry done
Event: 23.732 Loading class java/util/AbstractList$RandomAccessSubList
Event: 23.732 Loading class java/util/AbstractList$RandomAccessSubList done
Event: 26.894 Loading class java/util/Vector$Itr
Event: 26.894 Loading class java/util/Vector$Itr done

Classes unloaded (1 events):
Event: 5.167 Thread 0x000001815dd6bfe0 Unloading class 0x0000000100a70400 'java/lang/invoke/LambdaForm$DMH+0x0000000100a70400'

Classes redefined (0 events):
No events

Internal exceptions (20 events):
Event: 25.167 Thread 0x00000181643da0a0 Exception <a 'java/lang/NoSuchMethodError'{0x000000009468d208}: 'java.lang.Object java.lang.invoke.DirectMethodHandle$Holder.invokeStaticInit(java.lang.Object, int, java.lang.Object, java.lang.Object, java.lang.Object)'> (0x000000009468d208) 
thrown [s\src\hotspot\share\interpreter\linkResolver.cpp, line 784]
Event: 25.793 Thread 0x00000181643da0a0 Exception <a 'java/lang/NoSuchMethodError'{0x000000009200dcc0}: 'java.lang.Object java.lang.invoke.DirectMethodHandle$Holder.invokeStatic(java.lang.Object, java.lang.Object, int, java.lang.Object, java.lang.Object)'> (0x000000009200dcc0) 
thrown [s\src\hotspot\share\interpreter\linkResolver.cpp, line 784]
Event: 26.766 Thread 0x00000181643da0a0 Exception <a 'java/lang/NoSuchMethodError'{0x00000000905b02a0}: 'java.lang.Object java.lang.invoke.DirectMethodHandle$Holder.invokeStatic(java.lang.Object, int, int)'> (0x00000000905b02a0) 
thrown [s\src\hotspot\share\interpreter\linkResolver.cpp, line 784]
Event: 26.896 Thread 0x00000181643da0a0 Exception <a 'java/lang/NoSuchMethodError'{0x00000000901ae338}: 'java.lang.Object java.lang.invoke.DirectMethodHandle$Holder.invokeStatic(java.lang.Object, java.lang.Object, int, int)'> (0x00000000901ae338) 
thrown [s\src\hotspot\share\interpreter\linkResolver.cpp, line 784]
Event: 27.023 Thread 0x00000181643da0a0 Exception <a 'sun/nio/fs/WindowsException'{0x00000000ffbbd9a8}> (0x00000000ffbbd9a8) 
thrown [s\src\hotspot\share\prims\jni.cpp, line 535]
Event: 27.024 Thread 0x00000181643da0a0 Exception <a 'sun/nio/fs/WindowsException'{0x00000000ffbbf600}> (0x00000000ffbbf600) 
thrown [s\src\hotspot\share\prims\jni.cpp, line 535]
Event: 27.025 Thread 0x00000181643da0a0 Exception <a 'sun/nio/fs/WindowsException'{0x00000000ffbca508}> (0x00000000ffbca508) 
thrown [s\src\hotspot\share\prims\jni.cpp, line 535]
Event: 27.026 Thread 0x00000181643da0a0 Exception <a 'sun/nio/fs/WindowsException'{0x00000000ffbd36c8}> (0x00000000ffbd36c8) 
thrown [s\src\hotspot\share\prims\jni.cpp, line 535]
Event: 27.026 Thread 0x00000181643da0a0 Exception <a 'sun/nio/fs/WindowsException'{0x00000000ffbdc938}> (0x00000000ffbdc938) 
thrown [s\src\hotspot\share\prims\jni.cpp, line 535]
Event: 27.027 Thread 0x00000181643da0a0 Exception <a 'sun/nio/fs/WindowsException'{0x00000000ffbe54a0}> (0x00000000ffbe54a0) 
thrown [s\src\hotspot\share\prims\jni.cpp, line 535]
Event: 27.028 Thread 0x00000181643da0a0 Exception <a 'sun/nio/fs/WindowsException'{0x00000000ffbee8b8}> (0x00000000ffbee8b8) 
thrown [s\src\hotspot\share\prims\jni.cpp, line 535]
Event: 27.029 Thread 0x00000181643da0a0 Exception <a 'sun/nio/fs/WindowsException'{0x00000000ffbf9940}> (0x00000000ffbf9940) 
thrown [s\src\hotspot\share\prims\jni.cpp, line 535]
Event: 27.030 Thread 0x00000181643da0a0 Exception <a 'sun/nio/fs/WindowsException'{0x000000009b003880}> (0x000000009b003880) 
thrown [s\src\hotspot\share\prims\jni.cpp, line 535]
Event: 27.032 Thread 0x00000181643da0a0 Exception <a 'sun/nio/fs/WindowsException'{0x000000009b00ac60}> (0x000000009b00ac60) 
thrown [s\src\hotspot\share\prims\jni.cpp, line 535]
Event: 27.145 Thread 0x00000181643da0a0 Implicit null exception at 0x000001815147d5e0 to 0x000001815147da94
Event: 27.149 Thread 0x00000181643da0a0 Exception <a 'java/lang/NoClassDefFoundError'{0x000000009a55d2b0}: org/jetbrains/kotlin/gradle/plugin/KotlinBasePluginWrapper> (0x000000009a55d2b0) 
thrown [s\src\hotspot\share\classfile\systemDictionary.cpp, line 301]
Event: 27.360 Thread 0x00000181643da0a0 Exception <a 'java/lang/NoClassDefFoundError'{0x0000000099819ca8}: org/jetbrains/kotlin/gradle/plugin/KotlinBasePluginWrapper> (0x0000000099819ca8) 
thrown [s\src\hotspot\share\oops\constantPool.cpp, line 873]
Event: 27.444 Thread 0x00000181643da0a0 Exception <a 'java/lang/NoClassDefFoundError'{0x0000000099549900}: org/jetbrains/kotlin/gradle/plugin/KotlinBasePluginWrapper> (0x0000000099549900) 
thrown [s\src\hotspot\share\oops\constantPool.cpp, line 873]
Event: 27.458 Thread 0x00000181643da0a0 Exception <a 'java/lang/NoClassDefFoundError'{0x000000009935b098}: org/jetbrains/kotlin/gradle/plugin/KotlinBasePluginWrapper> (0x000000009935b098) 
thrown [s\src\hotspot\share\oops\constantPool.cpp, line 873]
Event: 27.460 Thread 0x00000181643da0a0 Exception <a 'java/lang/NoClassDefFoundError'{0x0000000099377140}: org/jetbrains/kotlin/gradle/plugin/KotlinBasePluginWrapper> (0x0000000099377140) 
thrown [s\src\hotspot\share\oops\constantPool.cpp, line 873]

ZGC Phase Switch (0 events):
No events

VM Operations (20 events):
Event: 25.896 Executing VM operation: HandshakeAllThreads (Deoptimize)
Event: 25.896 Executing VM operation: HandshakeAllThreads (Deoptimize) done
Event: 26.002 Executing VM operation: ICBufferFull
Event: 26.002 Executing VM operation: ICBufferFull done
Event: 26.531 Executing VM operation: HandshakeAllThreads (Deoptimize)
Event: 26.532 Executing VM operation: HandshakeAllThreads (Deoptimize) done
Event: 26.859 Executing VM operation: HandshakeAllThreads (Deoptimize)
Event: 26.859 Executing VM operation: HandshakeAllThreads (Deoptimize) done
Event: 26.877 Executing VM operation: HandshakeAllThreads (Deoptimize)
Event: 26.878 Executing VM operation: HandshakeAllThreads (Deoptimize) done
Event: 26.884 Executing VM operation: ICBufferFull
Event: 26.885 Executing VM operation: ICBufferFull done
Event: 26.992 Executing VM operation: G1CollectForAllocation (G1 Evacuation Pause)
Event: 27.001 Executing VM operation: G1CollectForAllocation (G1 Evacuation Pause) done
Event: 27.019 Executing VM operation: HandshakeAllThreads (Deoptimize)
Event: 27.020 Executing VM operation: HandshakeAllThreads (Deoptimize) done
Event: 27.165 Executing VM operation: HandshakeAllThreads (Deoptimize)
Event: 27.165 Executing VM operation: HandshakeAllThreads (Deoptimize) done
Event: 28.175 Executing VM operation: Cleanup
Event: 28.176 Executing VM operation: Cleanup done

Memory protections (0 events):
No events

Nmethod flushes (20 events):
Event: 21.240 Thread 0x000001815dd6bfe0 flushing  nmethod 0x0000018149d67e90
Event: 21.240 Thread 0x000001815dd6bfe0 flushing  nmethod 0x000001814a030310
Event: 21.240 Thread 0x000001815dd6bfe0 flushing  nmethod 0x000001814a1bb790
Event: 21.240 Thread 0x000001815dd6bfe0 flushing  nmethod 0x000001814a1bdf90
Event: 21.240 Thread 0x000001815dd6bfe0 flushing  nmethod 0x000001814a1bfa10
Event: 21.240 Thread 0x000001815dd6bfe0 flushing  nmethod 0x000001814a1fbf90
Event: 21.240 Thread 0x000001815dd6bfe0 flushing  nmethod 0x000001814939d290
Event: 21.240 Thread 0x000001815dd6bfe0 flushing  nmethod 0x000001814939d590
Event: 21.240 Thread 0x000001815dd6bfe0 flushing  nmethod 0x0000018149447610
Event: 21.240 Thread 0x000001815dd6bfe0 flushing  nmethod 0x0000018149699110
Event: 21.240 Thread 0x000001815dd6bfe0 flushing  nmethod 0x0000018149941290
Event: 21.240 Thread 0x000001815dd6bfe0 flushing  nmethod 0x0000018149b78790
Event: 21.240 Thread 0x000001815dd6bfe0 flushing  nmethod 0x0000018149c6e390
Event: 21.240 Thread 0x000001815dd6bfe0 flushing  nmethod 0x0000018149cee690
Event: 21.240 Thread 0x000001815dd6bfe0 flushing  nmethod 0x0000018149da1410
Event: 21.240 Thread 0x000001815dd6bfe0 flushing  nmethod 0x0000018149da5190
Event: 21.240 Thread 0x000001815dd6bfe0 flushing  nmethod 0x0000018149da7a90
Event: 21.240 Thread 0x000001815dd6bfe0 flushing  nmethod 0x000001814a1ca210
Event: 21.240 Thread 0x000001815dd6bfe0 flushing  nmethod 0x000001814a247410
Event: 21.240 Thread 0x000001815dd6bfe0 flushing  nmethod 0x000001814a24a510

Events (20 events):
Event: 18.526 Thread 0x00000181676a26c0 Thread exited: 0x00000181676a26c0
Event: 18.543 Thread 0x00000181643da0a0 Thread added: 0x0000018168a283a0
Event: 18.735 Thread 0x000001815de90f50 Thread added: 0x00000181676a1920
Event: 19.753 Thread 0x00000181676a1920 Thread exited: 0x00000181676a1920
Event: 19.903 Thread 0x00000181676a48d0 Thread exited: 0x00000181676a48d0
Event: 20.401 Thread 0x000001815de8f950 Thread added: 0x00000181676a26c0
Event: 20.410 Thread 0x000001815de8f950 Thread added: 0x00000181676a7880
Event: 21.165 Thread 0x00000181676a7880 Thread exited: 0x00000181676a7880
Event: 21.535 Thread 0x00000181676a26c0 Thread exited: 0x00000181676a26c0
Event: 21.854 Thread 0x000001815de90f50 Thread added: 0x000001815e77f700
Event: 22.588 Thread 0x000001815e77f700 Thread exited: 0x000001815e77f700
Event: 22.694 Thread 0x000001815de90f50 Thread added: 0x000001815ea1b710
Event: 22.717 Thread 0x000001815de90f50 Thread added: 0x000001815ea1ed90
Event: 24.750 Thread 0x000001815ea1ed90 Thread exited: 0x000001815ea1ed90
Event: 24.807 Thread 0x000001815de90f50 Thread added: 0x000001815ea20fa0
Event: 25.072 Thread 0x000001815ea20fa0 Thread exited: 0x000001815ea20fa0
Event: 25.113 Thread 0x000001815ea1b710 Thread exited: 0x000001815ea1b710
Event: 25.884 Thread 0x000001815de90f50 Thread added: 0x0000018164a54fd0
Event: 26.823 Thread 0x0000018164a54fd0 Thread exited: 0x0000018164a54fd0
Event: 26.985 Thread 0x000001815de90f50 Thread added: 0x0000018164a54fd0


Dynamic libraries:
0x00007ff66a6d0000 - 0x00007ff66a6da000 	C:\Program Files\Android\Android Studio1\jbr\bin\java.exe
0x00007ff913620000 - 0x00007ff913888000 	C:\WINDOWS\SYSTEM32\ntdll.dll
0x00007ff911bb0000 - 0x00007ff911c79000 	C:\WINDOWS\System32\KERNEL32.DLL
0x00007ff910fd0000 - 0x00007ff9113bd000 	C:\WINDOWS\System32\KERNELBASE.dll
0x00007ff9108f0000 - 0x00007ff910a3b000 	C:\WINDOWS\System32\ucrtbase.dll
0x00007ff90b660000 - 0x00007ff90b67b000 	C:\Program Files\Android\Android Studio1\jbr\bin\VCRUNTIME140.dll
0x00007ff8f39b0000 - 0x00007ff8f39c8000 	C:\Program Files\Android\Android Studio1\jbr\bin\jli.dll
0x00007ff913410000 - 0x00007ff9135dc000 	C:\WINDOWS\System32\USER32.dll
0x00007ff8f9860000 - 0x00007ff8f9afa000 	C:\WINDOWS\WinSxS\amd64_microsoft.windows.common-controls_6595b64144ccf1df_6.0.26100.4484_none_3e0e6d4ce32ef3b3\COMCTL32.dll
0x00007ff910e70000 - 0x00007ff910e97000 	C:\WINDOWS\System32\win32u.dll
0x00007ff912380000 - 0x00007ff912429000 	C:\WINDOWS\System32\msvcrt.dll
0x00007ff911920000 - 0x00007ff91194b000 	C:\WINDOWS\System32\GDI32.dll
0x00007ff910d30000 - 0x00007ff910e67000 	C:\WINDOWS\System32\gdi32full.dll
0x00007ff910c80000 - 0x00007ff910d23000 	C:\WINDOWS\System32\msvcp_win.dll
0x00007ff911420000 - 0x00007ff91144f000 	C:\WINDOWS\System32\IMM32.DLL
0x00007ff8ff890000 - 0x00007ff8ff89c000 	C:\Program Files\Android\Android Studio1\jbr\bin\vcruntime140_1.dll
0x00007ff8bfee0000 - 0x00007ff8bff6d000 	C:\Program Files\Android\Android Studio1\jbr\bin\msvcp140.dll
0x00007ff888a50000 - 0x00007ff8896db000 	C:\Program Files\Android\Android Studio1\jbr\bin\server\jvm.dll
0x00007ff9122c0000 - 0x00007ff912374000 	C:\WINDOWS\System32\ADVAPI32.dll
0x00007ff9117e0000 - 0x00007ff911886000 	C:\WINDOWS\System32\sechost.dll
0x00007ff9132e0000 - 0x00007ff9133f8000 	C:\WINDOWS\System32\RPCRT4.dll
0x00007ff911950000 - 0x00007ff9119c4000 	C:\WINDOWS\System32\WS2_32.dll
0x00007ff910420000 - 0x00007ff91047e000 	C:\WINDOWS\SYSTEM32\POWRPROF.dll
0x00007ff902fa0000 - 0x00007ff902fd5000 	C:\WINDOWS\SYSTEM32\WINMM.dll
0x00007ff90a850000 - 0x00007ff90a85b000 	C:\WINDOWS\SYSTEM32\VERSION.dll
0x00007ff910400000 - 0x00007ff910414000 	C:\WINDOWS\SYSTEM32\UMPDC.dll
0x00007ff90f510000 - 0x00007ff90f52b000 	C:\WINDOWS\SYSTEM32\kernel.appcore.dll
0x00007ff8fc3b0000 - 0x00007ff8fc3ba000 	C:\Program Files\Android\Android Studio1\jbr\bin\jimage.dll
0x00007ff900930000 - 0x00007ff900b71000 	C:\WINDOWS\SYSTEM32\DBGHELP.DLL
0x00007ff912cb0000 - 0x00007ff913036000 	C:\WINDOWS\System32\combase.dll
0x00007ff9131f0000 - 0x00007ff9132d0000 	C:\WINDOWS\System32\OLEAUT32.dll
0x00007ff8ee7a0000 - 0x00007ff8ee7e3000 	C:\WINDOWS\SYSTEM32\dbgcore.DLL
0x00007ff910f30000 - 0x00007ff910fc9000 	C:\WINDOWS\System32\bcryptPrimitives.dll
0x00007ff90d810000 - 0x00007ff90d81e000 	C:\Program Files\Android\Android Studio1\jbr\bin\instrument.dll
0x00007ff8f8060000 - 0x00007ff8f8080000 	C:\Program Files\Android\Android Studio1\jbr\bin\java.dll
0x00007ff8f8030000 - 0x00007ff8f8048000 	C:\Program Files\Android\Android Studio1\jbr\bin\zip.dll
0x00007ff912430000 - 0x00007ff912b7a000 	C:\WINDOWS\System32\SHELL32.dll
0x00007ff910770000 - 0x00007ff9108e4000 	C:\WINDOWS\System32\wintypes.dll
0x00007ff90e3f0000 - 0x00007ff90ec4b000 	C:\WINDOWS\SYSTEM32\windows.storage.dll
0x00007ff911d10000 - 0x00007ff911e05000 	C:\WINDOWS\System32\SHCORE.dll
0x00007ff9119d0000 - 0x00007ff911a3a000 	C:\WINDOWS\System32\shlwapi.dll
0x00007ff910680000 - 0x00007ff9106af000 	C:\WINDOWS\SYSTEM32\profapi.dll
0x00007ff8f8020000 - 0x00007ff8f8030000 	C:\Program Files\Android\Android Studio1\jbr\bin\net.dll
0x00007ff907cc0000 - 0x00007ff907dde000 	C:\WINDOWS\SYSTEM32\WINHTTP.dll
0x00007ff90faa0000 - 0x00007ff90fb0a000 	C:\WINDOWS\system32\mswsock.dll
0x00007ff8f78d0000 - 0x00007ff8f78e6000 	C:\Program Files\Android\Android Studio1\jbr\bin\nio.dll
0x00007ff8f1de0000 - 0x00007ff8f1df0000 	C:\Program Files\Android\Android Studio1\jbr\bin\verify.dll
0x00007ff90b690000 - 0x00007ff90b6b7000 	C:\Users\PC7\.gradle\native\1def1411415f61bf3af743bc5b6707747c0891f09f0c88961ee8f79bc544acac\windows-amd64\native-platform.dll
0x00007ff8ee9e0000 - 0x00007ff8eea58000 	C:\Users\PC7\.gradle\native\0.2.7\x86_64-windows-gnu\gradle-fileevents.dll
0x00007ff8f7cd0000 - 0x00007ff8f7cd9000 	C:\Program Files\Android\Android Studio1\jbr\bin\management.dll
0x00007ff8f7980000 - 0x00007ff8f798b000 	C:\Program Files\Android\Android Studio1\jbr\bin\management_ext.dll
0x00007ff913400000 - 0x00007ff913408000 	C:\WINDOWS\System32\PSAPI.DLL
0x00007ff90ef40000 - 0x00007ff90ef73000 	C:\WINDOWS\SYSTEM32\IPHLPAPI.DLL
0x00007ff911460000 - 0x00007ff91146a000 	C:\WINDOWS\System32\NSI.dll
0x00007ff8f7f80000 - 0x00007ff8f7f89000 	C:\Program Files\Android\Android Studio1\jbr\bin\extnet.dll
0x00007ff90fd50000 - 0x00007ff90fd6b000 	C:\WINDOWS\SYSTEM32\CRYPTSP.dll
0x00007ff90f470000 - 0x00007ff90f4ab000 	C:\WINDOWS\system32\rsaenh.dll
0x00007ff90fb40000 - 0x00007ff90fb6b000 	C:\WINDOWS\SYSTEM32\USERENV.dll
0x00007ff910650000 - 0x00007ff910676000 	C:\WINDOWS\SYSTEM32\bcrypt.dll
0x00007ff90fd70000 - 0x00007ff90fd7c000 	C:\WINDOWS\SYSTEM32\CRYPTBASE.dll
0x00007ff880ef0000 - 0x00007ff880ef8000 	C:\WINDOWS\system32\wshunix.dll

dbghelp: loaded successfully - version: 4.0.5 - missing functions: none
symbol engine: initialized successfully - sym options: 0x614 - pdb path: .;C:\Program Files\Android\Android Studio1\jbr\bin;C:\WINDOWS\SYSTEM32;C:\WINDOWS\WinSxS\amd64_microsoft.windows.common-controls_6595b64144ccf1df_6.0.26100.4484_none_3e0e6d4ce32ef3b3;C:\Program Files\Android\Android Studio1\jbr\bin\server;C:\Users\PC7\.gradle\native\1def1411415f61bf3af743bc5b6707747c0891f09f0c88961ee8f79bc544acac\windows-amd64;C:\Users\PC7\.gradle\native\0.2.7\x86_64-windows-gnu

VM Arguments:
jvm_args: --add-opens=java.base/java.lang=ALL-UNNAMED --add-opens=java.base/java.lang.invoke=ALL-UNNAMED --add-opens=java.base/java.util=ALL-UNNAMED --add-opens=java.prefs/java.util.prefs=ALL-UNNAMED --add-exports=jdk.compiler/com.sun.tools.javac.api=ALL-UNNAMED --add-exports=jdk.compiler/com.sun.tools.javac.util=ALL-UNNAMED --add-opens=java.base/java.util=ALL-UNNAMED --add-opens=java.prefs/java.util.prefs=ALL-UNNAMED --add-opens=java.base/java.nio.charset=ALL-UNNAMED --add-opens=java.base/java.net=ALL-UNNAMED --add-opens=java.base/java.util.concurrent.atomic=ALL-UNNAMED --add-opens=java.xml/javax.xml.namespace=ALL-UNNAMED -Xmx2048m -Dfile.encoding=UTF-8 -Duser.country=JP -Duser.language=ja -Duser.variant -javaagent:C:\Users\PC7\.gradle\wrapper\dists\gradle-8.13-bin\5xuhj0ry160q40clulazy9h7d\gradle-8.13\lib\agents\gradle-instrumentation-agent-8.13.jar 
java_command: org.gradle.launcher.daemon.bootstrap.GradleDaemon 8.13
java_class_path (initial): C:\Users\PC7\.gradle\wrapper\dists\gradle-8.13-bin\5xuhj0ry160q40clulazy9h7d\gradle-8.13\lib\gradle-daemon-main-8.13.jar
Launcher Type: SUN_STANDARD

[Global flags]
     intx CICompilerCount                          = 4                                         {product} {ergonomic}
     uint ConcGCThreads                            = 3                                         {product} {ergonomic}
     uint G1ConcRefinementThreads                  = 10                                        {product} {ergonomic}
   size_t G1HeapRegionSize                         = 1048576                                   {product} {ergonomic}
    uintx GCDrainStackTargetSize                   = 64                                        {product} {ergonomic}
   size_t InitialHeapSize                          = 268435456                                 {product} {ergonomic}
   size_t MarkStackSize                            = 4194304                                   {product} {ergonomic}
   size_t MaxHeapSize                              = 2147483648                                {product} {command line}
   size_t MaxNewSize                               = 1287651328                                {product} {ergonomic}
   size_t MinHeapDeltaBytes                        = 1048576                                   {product} {ergonomic}
   size_t MinHeapSize                              = 8388608                                   {product} {ergonomic}
    uintx NonNMethodCodeHeapSize                   = 5839372                                {pd product} {ergonomic}
    uintx NonProfiledCodeHeapSize                  = 122909434                              {pd product} {ergonomic}
    uintx ProfiledCodeHeapSize                     = 122909434                              {pd product} {ergonomic}
    uintx ReservedCodeCacheSize                    = 251658240                              {pd product} {ergonomic}
     bool SegmentedCodeCache                       = true                                      {product} {ergonomic}
   size_t SoftMaxHeapSize                          = 2147483648                             {manageable} {ergonomic}
     bool UseCompressedOops                        = true                           {product lp64_product} {ergonomic}
     bool UseG1GC                                  = true                                      {product} {ergonomic}
     bool UseLargePagesIndividualAllocation        = false                                  {pd product} {ergonomic}

Logging:
Log output configuration:
 #0: stdout all=warning uptime,level,tags foldmultilines=false
 #1: stderr all=off uptime,level,tags foldmultilines=false

Environment Variables:
PATH=C:\Program Files (x86)\Common Files\Oracle\Java\javapath;C:\Program Files (x86)\Common Files\Intel\Shared Libraries\redist\ia32\compiler;C:\Program Files (x86)\Common Files\Intel\Shared Libraries\redist\intel64\compiler;C:\Program Files (x86)\Intel\iCLS Client\;C:\Program Files\Intel\iCLS Client\;C:\Windows\system32;C:\Windows;C:\Windows\System32\Wbem;C:\Windows\System32\WindowsPowerShell\v1.0\;C:\Program Files (x86)\Intel\Intel(R) Management Engine Components\DAL;C:\Program Files\Intel\Intel(R) Management Engine Components\DAL;C:\Program Files (x86)\Intel\Intel(R) Management Engine Components\IPT;C:\Program Files\Intel\Intel(R) Management Engine Components\IPT;C:\Program Files (x86)\NVIDIA Corporation\PhysX\Common;C:\WINDOWS\system32;C:\WINDOWS;C:\WINDOWS\System32\Wbem;C:\WINDOWS\System32\WindowsPowerShell\v1.0\;C:\WINDOWS\System32\OpenSSH\;C:\Program Files (x86)\QuickTime\QTSystem\;C:\PROGRA~1\JPKI;C:\Program Files\Tesseract-OCR;C:\tools\poppler-24.02.0\Library\bin;C:\Users\PC7\AppData\Local\Programs\Python\Python312\Scripts\;C:\Users\PC7\AppData\Local\Programs\Python\Python312\;C:\Users\PC7\AppData\Local\Programs\Python\Launcher\;C:\Users\PC7\AppData\Local\Microsoft\WindowsApps;C:\Users\PC7\AppData\Local\Android\Sdk\ndk\26.1.10909125;C:\Program Files\platform-tools;C:\Users\PC7\AppData\Local\Programs\Microsoft VS Code\bin;
USERNAME=PC7
OS=Windows_NT
PROCESSOR_IDENTIFIER=Intel64 Family 6 Model 158 Stepping 10, GenuineIntel
TMP=C:\Users\PC7\AppData\Local\Temp
TEMP=C:\Users\PC7\AppData\Local\Temp




Periodic native trim disabled

JNI global refs:
JNI global refs: 30, weak refs: 1

JNI global refs memory usage: 835, weak refs: 833

Process memory usage:
Resident Set Size: 864684K (5% of 16709904K total physical memory with 4085140K free physical memory)

OOME stack traces (most recent first):
Classloader memory used:
Loader org.gradle.internal.classloader.VisitableURLClassLoader                         : 100M
Loader bootstrap                                                                       : 27453K
Loader org.gradle.internal.classloader.VisitableURLClassLoader$InstrumentingVisitableURLClassLoader: 13177K
Loader org.gradle.initialization.MixInLegacyTypesClassLoader                           : 11612K
Loader org.gradle.internal.classloader.VisitableURLClassLoader                         : 906K
Loader jdk.internal.loader.ClassLoaders$PlatformClassLoader                            : 543K
Loader jdk.internal.jrtfs.JrtFileSystemProvider$JrtFsLoader                            : 331K
Loader jdk.internal.reflect.DelegatingClassLoader                                      : 248K
Loader jdk.internal.loader.ClassLoaders$AppClassLoader                                 : 235K
Loader org.gradle.groovy.scripts.internal.DefaultScriptCompilationHandler$ScriptClassLoader: 89056B
Loader org.codehaus.groovy.runtime.callsite.CallSiteClassLoader                        : 49592B

Classes loaded by more than one classloader:
Class Program                                                                         : loaded 5 times (x 68B)
Class org.gradle.api.GradleException                                                  : loaded 3 times (x 78B)
Class com.google.common.collect.RegularImmutableMap$KeySet                            : loaded 2 times (x 148B)
Class kotlin.NotImplementedError                                                      : loaded 2 times (x 78B)
Class org.gradle.internal.classloader.FilteringClassLoader                            : loaded 2 times (x 101B)
Class jdk.internal.jimage.BasicImageReader                                            : loaded 2 times (x 91B)
Class com.google.common.base.CharMatcher$IsEither                                     : loaded 2 times (x 107B)
Class org.gradle.internal.classloader.ClassLoaderHierarchy                            : loaded 2 times (x 66B)
Class com.google.common.collect.ImmutableEnumSet                                      : loaded 2 times (x 142B)
Class com.google.common.util.concurrent.ExecutionError                                : loaded 2 times (x 78B)
Class com.google.common.collect.ImmutableList$1                                       : loaded 2 times (x 93B)
Class org.gradle.api.internal.classpath.ManifestUtil                                  : loaded 2 times (x 67B)
Class com.google.common.collect.RegularImmutableMap                                   : loaded 2 times (x 117B)
Class com.google.common.collect.ImmutableMap$MapViewOfValuesAsSingletonSets           : loaded 2 times (x 122B)
Class org.jetbrains.plugins.gradle.model.GradleExtensions                             : loaded 2 times (x 66B)
Class org.jetbrains.plugins.gradle.model.AnnotationProcessingModel                    : loaded 2 times (x 66B)
Class jdk.internal.jimage.decompressor.StringSharingDecompressorFactory               : loaded 2 times (x 70B)
Class [Lorg.objectweb.asm.Symbol;                                                     : loaded 2 times (x 65B)
Class org.objectweb.asm.ClassVisitor                                                  : loaded 2 times (x 84B)
Class com.google.common.collect.UnmodifiableListIterator                              : loaded 2 times (x 91B)
Class org.gradle.internal.operations.MultipleBuildOperationFailures                   : loaded 2 times (x 91B)
Class org.objectweb.asm.MethodTooLargeException                                       : loaded 2 times (x 79B)
Class [Lcom.google.common.cache.CacheBuilder$OneWeigher;                              : loaded 2 times (x 65B)
Class com.google.common.base.Suppliers                                                : loaded 2 times (x 67B)
Class org.gradle.internal.classloader.DefaultClassLoaderFactory                       : loaded 2 times (x 78B)
Class kotlin.collections.AbstractList$Companion                                       : loaded 2 times (x 67B)
Class org.gradle.internal.classloader.ClassLoaderVisitor                              : loaded 2 times (x 72B)
Class [Lcom.google.common.collect.ImmutableMapEntry;                                  : loaded 2 times (x 65B)
Class org.gradle.api.internal.classpath.EffectiveClassPath                            : loaded 2 times (x 86B)
Class com.google.common.collect.ListMultimap                                          : loaded 2 times (x 66B)
Class com.google.common.collect.ImmutableEnumMap                                      : loaded 2 times (x 122B)
Class org.gradle.tooling.internal.gradle.DefaultProjectIdentifier                     : loaded 2 times (x 82B)
Class com.google.common.collect.Sets$1                                                : loaded 2 times (x 135B)
Class org.objectweb.asm.AnnotationVisitor                                             : loaded 2 times (x 74B)
Class org.gradle.api.internal.DefaultClassPathProvider                                : loaded 2 times (x 72B)
Class com.google.common.collect.Sets$2                                                : loaded 2 times (x 135B)
Class [Lorg.gradle.api.internal.ClassPathProvider;                                    : loaded 2 times (x 65B)
Class org.gradle.api.internal.ClassPathProvider                                       : loaded 2 times (x 66B)
Class jdk.internal.jrtfs.SystemImage                                                  : loaded 2 times (x 70B)
Class [Lorg.objectweb.asm.AnnotationVisitor;                                          : loaded 2 times (x 65B)
Class com.google.common.collect.Sets$3                                                : loaded 2 times (x 135B)
Class com.google.common.util.concurrent.AbstractFuture$SafeAtomicHelper               : loaded 2 times (x 75B)
Class com.google.common.cache.LocalCache$LocalLoadingCache                            : loaded 2 times (x 130B)
Class org.gradle.internal.service.UnknownServiceException                             : loaded 2 times (x 79B)
Class com.google.common.collect.Sets$4                                                : loaded 2 times (x 135B)
Class org.objectweb.asm.ModuleVisitor                                                 : loaded 2 times (x 77B)
Class com.google.common.cache.LocalCache$Strength$1                                   : loaded 2 times (x 77B)
Class org.jetbrains.kotlin.idea.gradleTooling.KotlinDslScriptAdditionalTask           : loaded 2 times (x 66B)
Class com.google.common.util.concurrent.SettableFuture                                : loaded 2 times (x 110B)
Class com.google.common.cache.LocalCache$Strength$2                                   : loaded 2 times (x 77B)
Class com.google.common.cache.LocalCache$Strength$3                                   : loaded 2 times (x 77B)
Class com.google.common.collect.MapDifference                                         : loaded 2 times (x 66B)
Class org.objectweb.asm.FieldWriter                                                   : loaded 2 times (x 74B)
Class com.google.common.cache.CacheBuilder$NullListener                               : loaded 2 times (x 78B)
Class org.gradle.internal.classpath.TransformedClassPath                              : loaded 2 times (x 92B)
Class org.gradle.internal.classloader.InstrumentingClassLoader                        : loaded 2 times (x 66B)
Class jdk.internal.jrtfs.SystemImage$1                                                : loaded 2 times (x 74B)
Class com.google.common.cache.CacheLoader$FunctionToCacheLoader                       : loaded 2 times (x 71B)
Class com.google.common.collect.Iterators$ArrayItr                                    : loaded 2 times (x 93B)
Class com.google.common.collect.ImmutableCollection$Builder                           : loaded 2 times (x 72B)
Class kotlin.enums.EnumEntriesList                                                    : loaded 2 times (x 219B)
Class jdk.internal.jrtfs.SystemImage$2                                                : loaded 2 times (x 72B)
Class com.google.common.base.Joiner                                                   : loaded 2 times (x 75B)
Class com.google.common.base.MoreObjects                                              : loaded 2 times (x 67B)
Class com.google.common.collect.Platform                                              : loaded 2 times (x 67B)
Class com.google.common.base.Equivalence$Identity                                     : loaded 2 times (x 78B)
Class com.google.common.collect.UnmodifiableIterator                                  : loaded 2 times (x 76B)
Class org.jetbrains.kotlin.idea.gradleTooling.KotlinSourceSetContainer                : loaded 2 times (x 66B)
Class org.jetbrains.plugins.gradle.model.IntelliJSettings                             : loaded 2 times (x 66B)
Class org.gradle.internal.service.ServiceLocator                                      : loaded 2 times (x 66B)
Class jdk.internal.jrtfs.JrtFileSystemProvider                                        : loaded 2 times (x 97B)
Class com.google.common.base.Ascii                                                    : loaded 2 times (x 67B)
Class com.google.common.collect.SingletonImmutableBiMap                               : loaded 2 times (x 139B)
Class com.google.common.cache.LocalCache$1                                            : loaded 2 times (x 85B)
Class com.google.common.collect.AbstractMapEntry                                      : loaded 2 times (x 77B)
Class org.gradle.tooling.model.UnsupportedMethodException                             : loaded 2 times (x 78B)
Class com.google.common.collect.ImmutableList$Builder                                 : loaded 2 times (x 73B)
Class com.google.common.collect.AbstractMultimap                                      : loaded 2 times (x 119B)
Class com.google.common.cache.LocalCache$2                                            : loaded 2 times (x 138B)
Class com.google.common.util.concurrent.AbstractFuture$UnsafeAtomicHelper$1           : loaded 2 times (x 72B)
Class com.google.common.collect.RegularImmutableAsList                                : loaded 2 times (x 213B)
Class com.google.common.util.concurrent.AbstractFuture$Trusted                        : loaded 2 times (x 66B)
Class com.google.common.collect.Iterators                                             : loaded 2 times (x 67B)
Class com.intellij.compose.ide.plugin.gradleTooling.rt.ComposeResourcesModel          : loaded 2 times (x 66B)
Class jdk.internal.jimage.ImageLocation                                               : loaded 2 times (x 86B)
Class jdk.internal.jrtfs.JrtDirectoryStream$1                                         : loaded 2 times (x 79B)
Class com.google.common.collect.Lists$StringAsImmutableList                           : loaded 2 times (x 203B)
Class com.google.common.util.concurrent.UncheckedExecutionException                   : loaded 2 times (x 78B)
Class org.gradle.internal.InternalTransformer                                         : loaded 2 times (x 66B)
Class jdk.internal.jimage.ImageBufferCache$1                                          : loaded 2 times (x 79B)
Class org.objectweb.asm.ClassWriter                                                   : loaded 2 times (x 102B)
Class com.google.common.cache.CacheLoader$UnsupportedLoadingOperationException        : loaded 2 times (x 78B)
Class com.google.common.base.CharMatcher$And                                          : loaded 2 times (x 108B)
Class org.gradle.internal.time.DefaultTimer                                           : loaded 2 times (x 76B)
Class org.gradle.internal.classloader.ClasspathUtil$1                                 : loaded 2 times (x 72B)
Class jdk.internal.jimage.ImageBufferCache$2                                          : loaded 2 times (x 87B)
Class org.objectweb.asm.FieldVisitor                                                  : loaded 2 times (x 73B)
Class com.google.common.collect.IndexedImmutableSet                                   : loaded 2 times (x 148B)
Class com.google.common.collect.ImmutableMap$1                                        : loaded 2 times (x 77B)
Class com.google.common.collect.BiMap                                                 : loaded 2 times (x 66B)
Class org.gradle.api.internal.classpath.DefaultModuleRegistry$DefaultModule           : loaded 2 times (x 82B)
Class com.google.common.primitives.Ints                                               : loaded 2 times (x 67B)
Class com.google.common.collect.AbstractIterator                                      : loaded 2 times (x 78B)
Class com.google.common.collect.ObjectArrays                                          : loaded 2 times (x 67B)
Class com.google.common.collect.Multiset                                              : loaded 2 times (x 66B)
Class com.google.common.collect.ArrayListMultimapGwtSerializationDependencies         : loaded 2 times (x 168B)
Class com.google.common.collect.AbstractIndexedListIterator                           : loaded 2 times (x 92B)
Class com.google.common.math.MathPreconditions                                        : loaded 2 times (x 67B)
Class org.gradle.internal.time.DefaultCountdownTimer                                  : loaded 2 times (x 84B)
Class com.google.common.collect.ImmutableMapEntrySet                                  : loaded 2 times (x 148B)
Class org.gradle.tooling.internal.gradle.DefaultBuildIdentifier                       : loaded 2 times (x 75B)
Class kotlin.Function                                                                 : loaded 2 times (x 66B)
Class org.gradle.api.internal.classpath.Module                                        : loaded 2 times (x 66B)
Class com.google.common.cache.Weigher                                                 : loaded 2 times (x 66B)
Class org.gradle.api.internal.classpath.UnknownModuleException                        : loaded 2 times (x 78B)
Class jdk.internal.jimage.ImageHeader                                                 : loaded 2 times (x 67B)
Class com.google.common.base.Stopwatch                                                : loaded 2 times (x 68B)
Class com.google.common.cache.LocalCache$Strength                                     : loaded 2 times (x 77B)
Class com.google.common.cache.Cache                                                   : loaded 2 times (x 66B)
Class com.intellij.openapi.externalSystem.model.project.dependencies.ProjectDependencies: loaded 2 times (x 66B)
Class com.google.common.util.concurrent.AbstractFuture$Cancellation                   : loaded 2 times (x 68B)
Class com.google.common.collect.ImmutableMap$Builder                                  : loaded 2 times (x 78B)
Class com.google.common.cache.RemovalListener                                         : loaded 2 times (x 66B)
Class org.gradle.tooling.internal.gradle.GradleProjectIdentity                        : loaded 2 times (x 66B)
Class org.gradle.api.internal.DefaultClassPathRegistry                                : loaded 2 times (x 72B)
Class com.google.common.primitives.IntsMethodsForWeb                                  : loaded 2 times (x 67B)
Class com.google.common.collect.Multimap                                              : loaded 2 times (x 66B)
Class org.gradle.api.internal.ClassPathRegistry                                       : loaded 2 times (x 66B)
Class org.gradle.internal.classpath.DefaultClassPath$ImmutableUniqueList              : loaded 2 times (x 195B)
Class jdk.internal.jimage.decompressor.ResourceDecompressor                           : loaded 2 times (x 66B)
Class [Lorg.objectweb.asm.Type;                                                       : loaded 2 times (x 65B)
Class com.google.common.cache.CacheBuilder                                            : loaded 2 times (x 68B)
Class com.google.common.collect.SingletonImmutableList                                : loaded 2 times (x 203B)
Class Settings_gradle$1                                                               : loaded 2 times (x 70B)
Class org.gradle.internal.classpath.ClassPath                                         : loaded 2 times (x 66B)
Class org.gradle.api.UncheckedIOException                                             : loaded 2 times (x 78B)
Class com.google.common.collect.ImmutableList$ReverseImmutableList                    : loaded 2 times (x 205B)
Class org.objectweb.asm.SymbolTable$Entry                                             : loaded 2 times (x 70B)
Class com.google.common.util.concurrent.AbstractFuture$AtomicHelper                   : loaded 2 times (x 74B)
Class org.jetbrains.kotlin.idea.gradleTooling.KotlinGradleModel                       : loaded 2 times (x 66B)
Class jdk.internal.jimage.ImageStringsReader                                          : loaded 2 times (x 76B)
Class org.objectweb.asm.Edge                                                          : loaded 2 times (x 68B)
Class com.google.common.base.Suppliers$SupplierOfInstance                             : loaded 2 times (x 75B)
Class com.google.common.collect.Iterators$1                                           : loaded 2 times (x 77B)
Class org.gradle.tooling.model.Model                                                  : loaded 2 times (x 66B)
Class com.google.common.cache.LocalCache$ComputingValueReference                      : loaded 2 times (x 92B)
Class com.google.common.collect.SingletonImmutableSet                                 : loaded 2 times (x 142B)
Class com.google.common.collect.ImmutableMap$IteratorBasedImmutableMap                : loaded 2 times (x 122B)
Class kotlin.UninitializedPropertyAccessException                                     : loaded 2 times (x 78B)
Class jdk.internal.jimage.ImageReader                                                 : loaded 2 times (x 71B)
Class com.google.common.cache.LocalCache$Segment                                      : loaded 2 times (x 150B)
Class org.jetbrains.plugins.gradle.model.IntelliJProjectSettings                      : loaded 2 times (x 66B)
Class jdk.internal.jimage.ImageReader$SharedImageReader                               : loaded 2 times (x 91B)
Class com.google.common.collect.AbstractListMultimap                                  : loaded 2 times (x 168B)
Class [Lorg.objectweb.asm.SymbolTable$Entry;                                          : loaded 2 times (x 65B)
Class com.google.common.cache.CacheLoader                                             : loaded 2 times (x 70B)
Class com.google.common.collect.Iterators$4                                           : loaded 2 times (x 78B)
Class com.google.common.collect.ImmutableBiMap                                        : loaded 2 times (x 139B)
Class org.gradle.internal.installation.GradleInstallation$1                           : loaded 2 times (x 71B)
Class org.gradle.api.internal.classpath.ModuleRegistry                                : loaded 2 times (x 66B)
Class jdk.internal.jimage.decompressor.ResourceDecompressorFactory                    : loaded 2 times (x 70B)
Class com.google.common.util.concurrent.internal.InternalFutureFailureAccess          : loaded 2 times (x 68B)
Class com.google.common.collect.Iterators$5                                           : loaded 2 times (x 78B)
Class com.google.common.collect.ImmutableSet$JdkBackedSetBuilderImpl                  : loaded 2 times (x 72B)
Class org.jetbrains.plugins.gradle.model.VersionCatalogsModel                         : loaded 2 times (x 66B)
Class com.google.common.util.concurrent.AbstractFuture$UnsafeAtomicHelper             : loaded 2 times (x 74B)
Class com.google.common.cache.LocalCache$LocalManualCache$1                           : loaded 2 times (x 71B)
Class com.google.common.base.CharMatcher$ForPredicate                                 : loaded 2 times (x 108B)
Class jdk.internal.jimage.ImageReader$Node                                            : loaded 2 times (x 80B)
Class com.google.common.base.CharMatcher$AnyOf                                        : loaded 2 times (x 108B)
Class com.google.common.collect.ImmutableCollection                                   : loaded 2 times (x 121B)
Class org.gradle.api.internal.classpath.DefaultModuleRegistry                         : loaded 2 times (x 82B)
Class jdk.internal.jimage.BasicImageReader$1                                          : loaded 2 times (x 73B)
Class com.google.common.collect.Lists                                                 : loaded 2 times (x 67B)
Class com.google.common.util.concurrent.ListenableFuture                              : loaded 2 times (x 66B)
Class com.google.common.cache.ReferenceEntry                                          : loaded 2 times (x 66B)
Class com.google.common.base.Converter                                                : loaded 2 times (x 86B)
Class com.google.common.collect.ImmutableSet$CachingAsList                            : loaded 2 times (x 144B)
Class com.google.common.collect.AbstractMapBasedMultimap                              : loaded 2 times (x 135B)
Class com.google.common.util.concurrent.AbstractFuture                                : loaded 2 times (x 102B)
Class com.google.common.base.FunctionalEquivalence                                    : loaded 2 times (x 79B)
Class com.google.common.collect.Iterators$9                                           : loaded 2 times (x 77B)
Class com.google.common.collect.ImmutableAsList                                       : loaded 2 times (x 205B)
Class org.objectweb.asm.RecordComponentVisitor                                        : loaded 2 times (x 73B)
Class com.google.common.cache.CacheLoader$SupplierToCacheLoader                       : loaded 2 times (x 71B)
Class sync_studio_tooling1697_4xz8pkd6v2vsqrepeunoyz4nk                               : loaded 2 times (x 175B)
Class jdk.internal.jimage.decompressor.Decompressor                                   : loaded 2 times (x 68B)
Class jdk.internal.jimage.ImageReader$Resource                                        : loaded 2 times (x 80B)
Class com.google.common.collect.Maps$EntryTransformer                                 : loaded 2 times (x 66B)
Class org.gradle.internal.time.MonotonicClock                                         : loaded 2 times (x 73B)
Class org.gradle.internal.service.ServiceLookupException                              : loaded 2 times (x 78B)
Class jdk.internal.jrtfs.JrtFileAttributes                                            : loaded 2 times (x 79B)
Class [Lcom.google.common.cache.LocalCache$EntryFactory;                              : loaded 2 times (x 65B)
Class org.gradle.internal.classloader.ClassLoaderFactory                              : loaded 2 times (x 66B)
Class com.google.common.cache.LocalCache$LocalManualCache                             : loaded 2 times (x 95B)
Class com.google.common.base.CharMatcher$IsNot                                        : loaded 2 times (x 107B)
Class ijInit9_1igcea571aqjm9f4kzs4u1aag                                               : loaded 2 times (x 175B)
Class org.gradle.internal.service.CachingServiceLocator                               : loaded 2 times (x 78B)
Class com.google.common.math.IntMath                                                  : loaded 2 times (x 67B)
Class org.jetbrains.plugins.gradle.model.RepositoryModels                             : loaded 2 times (x 66B)
Class com.google.common.collect.ImmutableMapEntry                                     : loaded 2 times (x 81B)
Class org.gradle.internal.time.TimeSource                                             : loaded 2 times (x 66B)
Class com.google.common.base.Equivalence                                              : loaded 2 times (x 78B)
Class com.google.common.base.Function                                                 : loaded 2 times (x 66B)
Class com.google.common.collect.ImmutableMapEntry$NonTerminalImmutableMapEntry        : loaded 2 times (x 81B)
Class org.gradle.tooling.internal.gradle.GradleBuildIdentity                          : loaded 2 times (x 66B)
Class kotlin.enums.EnumEntries                                                        : loaded 2 times (x 66B)
Class com.google.common.cache.CacheBuilder$OneWeigher                                 : loaded 2 times (x 78B)
Class com.google.common.collect.RegularImmutableList                                  : loaded 2 times (x 209B)
Class org.gradle.internal.exceptions.ResolutionProvider                               : loaded 2 times (x 66B)
Class jdk.internal.jimage.ImageBufferCache                                            : loaded 2 times (x 67B)
Class jdk.internal.jrtfs.JrtPath                                                      : loaded 2 times (x 114B)
Class org.gradle.tooling.model.ProjectIdentifier                                      : loaded 2 times (x 66B)
Class org.gradle.internal.classloader.ClasspathUtil                                   : loaded 2 times (x 67B)
Class com.google.common.base.Charsets                                                 : loaded 2 times (x 67B)
Class com.google.common.util.concurrent.Uninterruptibles                              : loaded 2 times (x 67B)
Class com.google.common.collect.Maps                                                  : loaded 2 times (x 67B)
Class org.gradle.internal.time.TimeSource$1                                           : loaded 2 times (x 73B)
Class kotlin.jvm.internal.DefaultConstructorMarker                                    : loaded 2 times (x 67B)
Class org.gradle.api.specs.Spec                                                       : loaded 2 times (x 66B)
Class jdk.internal.jimage.ImageReader$SharedImageReader$LocationVisitor               : loaded 2 times (x 66B)
Class [Lcom.google.common.collect.ImmutableEntry;                                     : loaded 2 times (x 65B)
Class com.google.common.cache.LocalCache$LoadingValueReference                        : loaded 2 times (x 92B)
Class Build_gradle$1                                                                  : loaded 2 times (x 70B)
Class jdk.internal.jimage.decompressor.ResourceDecompressorRepository                 : loaded 2 times (x 67B)
Class org.gradle.internal.time.Clock                                                  : loaded 2 times (x 66B)
Class Build_gradle$2                                                                  : loaded 2 times (x 74B)
Class jdk.internal.jimage.ImageReader$Directory                                       : loaded 2 times (x 80B)
Class [Lorg.objectweb.asm.AnnotationWriter;                                           : loaded 2 times (x 65B)
Class com.google.common.collect.Maps$8                                                : loaded 2 times (x 78B)
Class kotlin.collections.AbstractList                                                 : loaded 2 times (x 193B)
Class kotlin.collections.AbstractCollection                                           : loaded 2 times (x 113B)
Class com.google.common.collect.Sets$SetView                                          : loaded 2 times (x 134B)
Class com.google.common.cache.LocalCache$StrongValueReference                         : loaded 2 times (x 86B)
Class com.google.common.util.concurrent.AbstractFuture$SynchronizedHelper             : loaded 2 times (x 74B)
Class org.objectweb.asm.Type                                                          : loaded 2 times (x 68B)
Class org.gradle.internal.classloader.VisitableURLClassLoader$InstrumentingVisitableURLClassLoader: loaded 2 times (x 119B)
Class org.objectweb.asm.ByteVector                                                    : loaded 2 times (x 75B)
Class [Lcom.google.common.cache.CacheBuilder$NullListener;                            : loaded 2 times (x 65B)
Class com.google.common.math.IntMath$1                                                : loaded 2 times (x 67B)
Class org.gradle.internal.classloader.VisitableURLClassLoader$Spec                    : loaded 2 times (x 70B)
Class org.gradle.internal.classpath.DefaultClassPath                                  : loaded 2 times (x 86B)
Class jdk.internal.jimage.decompressor.ZipDecompressorFactory                         : loaded 2 times (x 70B)
Class org.objectweb.asm.Symbol                                                        : loaded 2 times (x 69B)
Class com.google.common.base.CharMatcher$Ascii                                        : loaded 2 times (x 108B)
Class com.google.common.base.CharMatcher$BitSetMatcher                                : loaded 2 times (x 108B)
Class com.google.common.collect.RegularImmutableMap$Values                            : loaded 2 times (x 203B)
Class com.google.common.collect.ImmutableSet                                          : loaded 2 times (x 141B)
Class org.gradle.internal.classloader.ClassLoaderSpec                                 : loaded 2 times (x 67B)
Class org.objectweb.asm.AnnotationWriter                                              : loaded 2 times (x 75B)
Class com.google.common.cache.CacheStats                                              : loaded 2 times (x 67B)
Class org.objectweb.asm.RecordComponentWriter                                         : loaded 2 times (x 74B)
Class com.google.common.util.concurrent.AbstractFuture$Listener                       : loaded 2 times (x 68B)
Class com.google.common.base.CharMatcher$Or                                           : loaded 2 times (x 108B)
Class Settings_gradle$1$1                                                             : loaded 2 times (x 70B)
Class kotlin.Unit                                                                     : loaded 2 times (x 67B)
Class org.objectweb.asm.Attribute                                                     : loaded 2 times (x 73B)
Class com.google.common.base.Supplier                                                 : loaded 2 times (x 66B)
Class org.gradle.internal.classloader.VisitableURLClassLoader                         : loaded 2 times (x 113B)
Class com.google.common.util.concurrent.AbstractFuture$Waiter                         : loaded 2 times (x 68B)
Class Settings_gradle                                                                 : loaded 2 times (x 124B)
Class org.gradle.internal.Cast                                                        : loaded 2 times (x 67B)
Class org.gradle.api.Action                                                           : loaded 2 times (x 66B)
Class jdk.internal.jimage.decompressor.ZipDecompressor                                : loaded 2 times (x 71B)
Class com.google.common.collect.Sets                                                  : loaded 2 times (x 67B)
Class org.objectweb.asm.Handler                                                       : loaded 2 times (x 68B)
Class com.google.common.base.Ticker                                                   : loaded 2 times (x 68B)
Class com.google.common.base.CharMatcher$FastMatcher                                  : loaded 2 times (x 107B)
Class kotlin.jvm.functions.Function1                                                  : loaded 2 times (x 66B)
Class [Lcom.google.common.cache.LocalCache$Segment;                                   : loaded 2 times (x 65B)
Class [Lcom.google.common.cache.LocalCache$Strength;                                  : loaded 2 times (x 65B)
Class com.google.common.cache.CacheBuilder$1                                          : loaded 2 times (x 81B)
Class com.google.common.base.Predicate                                                : loaded 2 times (x 66B)
Class com.google.common.collect.ImmutableMap                                          : loaded 2 times (x 116B)
Class org.gradle.internal.classpath.DefaultClassPath$ImmutableUniqueList$Builder      : loaded 2 times (x 71B)
Class com.google.common.cache.LocalCache                                              : loaded 2 times (x 183B)
Class com.google.common.cache.CacheBuilder$2                                          : loaded 2 times (x 75B)
Class com.google.common.base.CharMatcher$NegatedFastMatcher                           : loaded 2 times (x 109B)
Class com.google.common.collect.ArrayListMultimap                                     : loaded 2 times (x 168B)
Class com.google.common.cache.CacheBuilder$3                                          : loaded 2 times (x 68B)
Class [Lcom.google.common.collect.AbstractMapEntry;                                   : loaded 2 times (x 65B)
Class com.google.common.collect.ImmutableEntry                                        : loaded 2 times (x 78B)
Class com.google.common.base.PairwiseEquivalence                                      : loaded 2 times (x 79B)
Class org.gradle.internal.exceptions.NonGradleCauseExceptionsHolder                   : loaded 2 times (x 66B)
Class jdk.internal.jimage.ImageStrings                                                : loaded 2 times (x 66B)
Class com.google.common.collect.CollectPreconditions                                  : loaded 2 times (x 67B)
Class com.google.common.collect.SortedMapDifference                                   : loaded 2 times (x 66B)
Class org.jetbrains.plugins.gradle.tooling.ModelBuilderService$Parameter              : loaded 2 times (x 66B)
Class com.google.common.cache.LocalCache$EntryFactory                                 : loaded 2 times (x 79B)
Class com.google.common.cache.LocalCache$AbstractReferenceEntry                       : loaded 2 times (x 103B)
Class kotlin.enums.EnumEntriesKt                                                      : loaded 2 times (x 67B)
Class org.gradle.internal.IoActions                                                   : loaded 2 times (x 67B)
Class org.objectweb.asm.SymbolTable                                                   : loaded 2 times (x 68B)
Class com.google.common.cache.CacheLoader$InvalidCacheLoadException                   : loaded 2 times (x 78B)
Class com.google.common.collect.ImmutableSet$RegularSetBuilderImpl                    : loaded 2 times (x 73B)
Class org.gradle.internal.classloader.SystemClassLoaderSpec                           : loaded 2 times (x 67B)
Class com.google.common.cache.LocalCache$StrongEntry                                  : loaded 2 times (x 104B)
Class com.google.common.util.concurrent.AbstractFuture$TrustedFuture                  : loaded 2 times (x 110B)
Class com.google.common.cache.LoadingCache                                            : loaded 2 times (x 66B)
Class org.gradle.internal.exceptions.MultiCauseException                              : loaded 2 times (x 66B)
Class org.gradle.internal.time.CountdownTimer                                         : loaded 2 times (x 66B)
Class kotlin.jvm.internal.Intrinsics                                                  : loaded 2 times (x 67B)
Class jdk.internal.jrtfs.JrtFileSystem                                                : loaded 2 times (x 98B)
Class org.objectweb.asm.MethodWriter                                                  : loaded 2 times (x 102B)
Class [Lcom.google.common.cache.Weigher;                                              : loaded 2 times (x 65B)
Class com.google.common.collect.RegularImmutableMap$BucketOverflowException           : loaded 2 times (x 78B)
Class org.gradle.tooling.model.ProjectModel                                           : loaded 2 times (x 66B)
Class jdk.internal.jimage.decompressor.CompressedResourceHeader                       : loaded 2 times (x 67B)
Class kotlin.KotlinNullPointerException                                               : loaded 2 times (x 79B)
Class com.google.common.collect.RegularImmutableBiMap                                 : loaded 2 times (x 145B)
Class com.google.common.cache.LocalCache$ValueReference                               : loaded 2 times (x 66B)
Class com.google.common.base.CharMatcher$Negated                                      : loaded 2 times (x 109B)
Class com.google.common.base.CharMatcher$Is                                           : loaded 2 times (x 107B)
Class org.jetbrains.plugins.gradle.model.tests.ExternalTestsModel                     : loaded 2 times (x 66B)
Class org.gradle.internal.exceptions.DefaultMultiCauseException                       : loaded 2 times (x 91B)
Class com.google.common.util.concurrent.AbstractFuture$Failure                        : loaded 2 times (x 68B)
Class com.google.common.base.Equivalence$Equals                                       : loaded 2 times (x 78B)
Class com.google.common.collect.Hashing                                               : loaded 2 times (x 67B)
Class com.google.common.base.Preconditions                                            : loaded 2 times (x 67B)
Class com.google.common.base.Joiner$1                                                 : loaded 2 times (x 76B)
Class org.objectweb.asm.Label                                                         : loaded 2 times (x 69B)
Class org.objectweb.asm.CurrentFrame                                                  : loaded 2 times (x 69B)
Class org.objectweb.asm.ClassTooLargeException                                        : loaded 2 times (x 79B)
Class com.google.common.base.CharMatcher                                              : loaded 2 times (x 107B)
Class com.google.common.collect.PeekingIterator                                       : loaded 2 times (x 66B)
Class org.gradle.internal.time.Time                                                   : loaded 2 times (x 67B)
Class com.google.common.base.Joiner$2                                                 : loaded 2 times (x 75B)
Class org.objectweb.asm.Frame                                                         : loaded 2 times (x 69B)
Class org.objectweb.asm.MethodVisitor                                                 : loaded 2 times (x 101B)
Class com.google.common.cache.LocalCache$EntryFactory$1                               : loaded 2 times (x 79B)
Class [Lcom.google.common.cache.RemovalListener;                                      : loaded 2 times (x 65B)
Class com.google.common.base.CharMatcher$NamedFastMatcher                             : loaded 2 times (x 108B)
Class com.google.common.base.CharMatcher$1                                            : loaded 2 times (x 109B)
Class com.google.common.cache.LocalCache$EntryFactory$2                               : loaded 2 times (x 79B)
Class org.jetbrains.plugins.gradle.model.DependencyAccessorsModel                     : loaded 2 times (x 66B)
Class org.gradle.api.internal.classpath.GlobalCacheRootsProvider                      : loaded 2 times (x 66B)
Class org.objectweb.asm.ModuleWriter                                                  : loaded 2 times (x 78B)
Class com.google.common.cache.LocalCache$EntryFactory$3                               : loaded 2 times (x 79B)
Class com.google.common.base.Ticker$1                                                 : loaded 2 times (x 68B)
Class com.google.common.collect.Maps$BiMapConverter                                   : loaded 2 times (x 86B)
Class com.google.common.collect.ImmutableMapEntrySet$RegularEntrySet                  : loaded 2 times (x 148B)
Class org.jetbrains.kotlin.idea.gradleTooling.KotlinMPPGradleModel                    : loaded 2 times (x 66B)
Class org.gradle.tooling.model.BuildIdentifier                                        : loaded 2 times (x 66B)
Class com.google.common.cache.LocalCache$EntryFactory$4                               : loaded 2 times (x 79B)
Class com.google.common.base.CharMatcher$InRange                                      : loaded 2 times (x 107B)
Class com.google.common.collect.ImmutableSet$Builder                                  : loaded 2 times (x 81B)
Class org.jetbrains.kotlin.idea.gradleTooling.PrepareKotlinIdeImportTaskModel         : loaded 2 times (x 66B)
Class com.google.common.cache.LocalCache$EntryFactory$5                               : loaded 2 times (x 79B)
Class Build_gradle                                                                    : loaded 2 times (x 126B)
Class com.google.common.cache.LocalCache$EntryFactory$6                               : loaded 2 times (x 79B)
Class org.gradle.internal.time.Timer                                                  : loaded 2 times (x 66B)
Class kotlin.jvm.internal.markers.KMappedMarker                                       : loaded 2 times (x 66B)
Class org.gradle.internal.installation.CurrentGradleInstallationLocator               : loaded 2 times (x 67B)
Class com.google.common.cache.LocalCache$EntryFactory$7                               : loaded 2 times (x 79B)
Class com.google.common.collect.ImmutableSet$EmptySetBuilderImpl                      : loaded 2 times (x 72B)
Class com.google.common.collect.ImmutableList                                         : loaded 2 times (x 202B)
Class org.gradle.internal.service.DefaultServiceLocator                               : loaded 2 times (x 79B)
Class jdk.internal.jrtfs.JrtDirectoryStream                                           : loaded 2 times (x 85B)
Class com.google.common.cache.LocalCache$EntryFactory$8                               : loaded 2 times (x 79B)
Class com.google.common.collect.ImmutableSet$SetBuilderImpl                           : loaded 2 times (x 72B)
Class org.gradle.util.GradleVersion                                                   : loaded 2 times (x 75B)
Class org.gradle.internal.installation.CurrentGradleInstallation                      : loaded 2 times (x 69B)
Class com.google.common.cache.CacheLoader$1                                           : loaded 2 times (x 71B)
Class com.google.common.collect.ImmutableList$SubList                                 : loaded 2 times (x 205B)
Class org.jetbrains.plugins.gradle.javaModel.JavaGradleManifestModel                  : loaded 2 times (x 66B)
Class org.gradle.util.internal.GUtil                                                  : loaded 2 times (x 67B)
Class com.google.common.util.concurrent.AbstractFuture$SetFuture                      : loaded 2 times (x 71B)
Class com.google.common.cache.AbstractCache$StatsCounter                              : loaded 2 times (x 66B)
Class com.google.common.collect.Iterators$MergingIterator                             : loaded 2 times (x 77B)
Class com.google.common.collect.RegularImmutableSet                                   : loaded 2 times (x 145B)
Class org.gradle.internal.installation.GradleInstallation                             : loaded 2 times (x 71B)
Class jdk.internal.jimage.decompressor.ResourceDecompressor$StringsProvider           : loaded 2 times (x 66B)
Class com.google.common.collect.Iterables                                             : loaded 2 times (x 67B)

---------------  S Y S T E M  ---------------

OS:
 Windows 11 , 64 bit Build 26100 (10.0.26100.4484)
OS uptime: 1 days 11:05 hours

CPU: total 12 (initial active 12) (6 cores per cpu, 2 threads per core) family 6 model 158 stepping 10 microcode 0xde, cx8, cmov, fxsr, ht, mmx, 3dnowpref, sse, sse2, sse3, ssse3, sse4.1, sse4.2, popcnt, lzcnt, tsc, tscinvbit, avx, avx2, aes, erms, clmul, bmi1, bmi2, rtm, adx, fma, vzeroupper, clflush, clflushopt, rdtscp, f16c
Processor Information for the first 12 processors :
  Max Mhz: 3696, Current Mhz: 3696, Mhz Limit: 3696

Memory: 4k page, system-wide physical 16318M (3989M free)
TotalPageFile size 17342M (AvailPageFile size 5M)
current process WorkingSet (physical memory assigned to process): 845M, peak: 845M
current process commit charge ("private bytes"): 884M, peak: 885M

vm_info: OpenJDK 64-Bit Server VM (21.0.6+-13391695-b895.109) for windows-amd64 JRE (21.0.6+-13391695-b895.109), built on 2025-04-22T21:19:17Z by "builder" with MS VC++ 16.10 / 16.11 (VS2019)

END.
